prod_id,issue_count,high_severity_issues,medium_severity_issues,low_severity_issues
202609120014013,5,3,2,0
202609120013319,5,3,2,0
202609120045489,5,3,1,1
202609120025782,4,3,1,0
202609120040899,4,3,1,0
202609120043570,4,3,1,0
202609120043000,4,3,1,0
202609120046807,4,3,1,0
202609120030873,4,3,1,0
202609120004004,3,3,0,0
202609120011746,3,3,0,0
202609120016440,4,2,2,0
202609120024390,4,2,2,0
202609120039252,4,2,2,0
202609120026890,4,2,2,0
202609120029105,4,2,2,0
202609120025714,4,2,2,0
202609120017036,4,2,2,0
202609120005977,4,2,2,0
202609120020958,4,2,2,0
202609120004804,4,2,2,0
202609120000534,4,2,2,0
202609120042810,4,2,2,0
202609120013747,4,2,2,0
202609120036078,4,2,2,0
202609120004167,4,2,2,0
202609120025783,4,2,2,0
202609120006786,4,2,2,0
202609120023822,4,2,2,0
202609120042674,4,2,2,0
202609120039484,4,2,2,0
202609120035181,4,2,2,0
202609120006655,4,2,2,0
202609120029224,4,2,2,0
202609120034563,4,2,2,0
202609120010895,4,2,2,0
202609120034671,4,2,2,0
202609120031602,4,2,2,0
202609120002104,4,2,2,0
202609120007271,4,2,2,0
202609120030443,4,2,2,0
202609120009491,4,2,2,0
202609120002686,4,2,2,0
202609120007492,4,2,2,0
202609120011713,4,2,2,0
202609120027186,4,2,2,0
202609120006709,4,2,2,0
202609120009234,4,2,2,0
202609120036951,4,2,2,0
202609120046514,4,2,2,0
202609120038106,4,2,2,0
202609120007445,4,2,2,0
202609120014642,4,2,2,0
202609120037119,4,2,2,0
202609120017531,4,2,2,0
202609120016406,4,2,2,0
202609120016951,4,2,2,0
202609120011020,4,2,2,0
202609120009999,4,2,2,0
202609120003638,4,2,2,0
202609120023046,4,2,2,0
202609120007382,4,2,1,1
202609120026721,4,2,1,1
202609120022264,4,2,1,1
202609120006152,4,2,1,1
202609120006187,4,2,1,1
202609120016819,4,2,1,1
202609120017992,4,2,1,1
202609120005377,4,2,1,1
202609120003480,3,2,1,0
202609120032198,3,2,1,0
202609120005224,3,2,1,0
202609120007516,3,2,1,0
202609120014928,3,2,1,0
202609120047955,3,2,1,0
202609120037438,3,2,1,0
202609120047279,3,2,1,0
202609120003065,3,2,1,0
202609120019814,3,2,1,0
202609120030319,3,2,1,0
202609120013551,3,2,1,0
202609120001788,3,2,1,0
202609120043532,3,2,1,0
202609120041304,3,2,1,0
202609120048113,3,2,1,0
202609120025567,3,2,1,0
202609120039483,3,2,1,0
202609120004107,3,2,1,0
202609120011823,3,2,1,0
202609120044407,3,2,1,0
202609120011528,3,2,1,0
202609120021907,3,2,1,0
202609120001623,3,2,1,0
202609120029688,3,2,1,0
202609120011748,3,2,1,0
202609120047096,3,2,1,0
202609120041537,3,2,1,0
202609120032833,3,2,1,0
202609120000499,3,2,1,0
202609120002655,3,2,1,0
202609120029329,3,2,1,0
202609120007636,3,2,1,0
202609120037680,3,2,1,0
202609120013750,3,2,1,0
202609120017730,3,2,1,0
202609120009468,3,2,1,0
202609120019560,3,2,1,0
202609120018943,3,2,1,0
202609120038314,3,2,1,0
202609120009019,3,2,1,0
202609120034603,3,2,1,0
202609120037651,3,2,1,0
202609120010352,3,2,1,0
202609120041291,3,2,1,0
202609120038004,3,2,1,0
202609120002654,3,2,1,0
202609120006050,3,2,1,0
202609120003050,3,2,1,0
202609120017252,3,2,1,0
202609120006738,3,2,1,0
202609120028311,3,2,1,0
202609120028948,3,2,1,0
202609120047415,3,2,1,0
202609120004597,3,2,1,0
202609120029826,3,2,1,0
202609120022314,3,2,1,0
202609120047747,3,2,1,0
202609120016226,3,2,1,0
202609120045925,3,2,1,0
202609120038289,3,2,1,0
202609120012761,3,2,1,0
202609120022804,3,2,1,0
202609120013961,3,2,1,0
202609120040703,3,2,1,0
202609120012631,3,2,1,0
202609120021146,3,2,1,0
202609120034977,3,2,1,0
202609120022742,3,2,1,0
202609120042225,3,2,1,0
202609120025151,3,2,1,0
202609120004976,3,2,1,0
202609120035445,3,2,1,0
202609120012073,3,2,1,0
202609120046543,3,2,1,0
202609120010907,3,2,1,0
202609120011175,3,2,1,0
202609120005426,3,2,1,0
202609120000380,3,2,1,0
202609120001594,3,2,1,0
202609120007077,3,2,1,0
202609120005827,3,2,1,0
202609120039596,3,2,1,0
202609120047213,3,2,1,0
202609120032542,3,2,1,0
202609120021262,3,2,1,0
202609120008723,3,2,1,0
202609120045923,3,2,1,0
202609120000017,3,2,1,0
202609120019565,3,2,1,0
202609120017228,3,2,1,0
202609120041728,3,2,1,0
202609120040169,3,2,1,0
202609120033015,3,2,1,0
202609120005445,3,2,1,0
202609120030536,3,2,1,0
202609120045969,3,2,1,0
202609120026926,3,2,1,0
202609120004413,3,2,1,0
202609120035242,3,2,1,0
202609120037775,3,2,1,0
202609120027101,3,2,1,0
202609120014102,3,2,1,0
202609120014460,3,2,1,0
202609120024791,3,2,1,0
202609120014981,3,2,1,0
202609120046004,3,2,1,0
202609120007029,3,2,1,0
202609120043162,3,2,1,0
202609120033955,3,2,1,0
202609120039452,3,2,1,0
202609120049507,3,2,1,0
202609120026033,3,2,1,0
202609120004816,3,2,1,0
202609120008397,3,2,1,0
202609120020925,3,2,1,0
202609120010608,3,2,1,0
202609120048326,3,2,1,0
202609120000255,3,2,1,0
202609120013324,3,2,1,0
202609120026004,3,2,1,0
202609120017753,3,2,1,0
202609120036879,3,2,1,0
202609120040300,3,2,1,0
202609120004734,3,2,1,0
202609120030733,3,2,1,0
202609120010778,3,2,1,0
202609120009560,3,2,1,0
202609120043095,3,2,1,0
202609120041781,3,2,1,0
202609120042401,3,2,1,0
202609120039224,3,2,1,0
202609120004843,3,2,1,0
202609120049113,3,2,1,0
202609120017193,3,2,1,0
202609120015833,3,2,1,0
202609120000762,3,2,1,0
202609120022939,3,2,1,0
202609120027439,3,2,1,0
202609120048560,3,2,1,0
202609120035589,3,2,1,0
202609120031218,3,2,1,0
202609120043928,3,2,1,0
202609120038911,3,2,1,0
202609120022979,3,2,1,0
202609120008806,3,2,1,0
202609120015782,3,2,1,0
202609120010576,3,2,1,0
202609120016312,3,2,1,0
202609120047922,3,2,1,0
202609120018183,3,2,1,0
202609120043891,3,2,1,0
202609120044805,3,2,1,0
202609120047361,3,2,1,0
202609120028712,3,2,1,0
202609120000440,3,2,0,1
202609120019708,3,2,0,1
202609120039699,3,2,0,1
202609120034434,3,2,0,1
202609120044376,3,2,0,1
202609120028716,3,2,0,1
202609120019265,3,2,0,1
202609120020582,3,2,0,1
202609120022244,2,2,0,0
202609120044395,2,2,0,0
202609120031877,2,2,0,0
202609120033179,2,2,0,0
202609120013911,2,2,0,0
202609120045204,2,2,0,0
202609120042620,2,2,0,0
202609120048310,2,2,0,0
202609120014346,2,2,0,0
202609120041692,2,2,0,0
202609120035023,2,2,0,0
202609120001379,2,2,0,0
202609120015370,2,2,0,0
202609120010889,2,2,0,0
202609120007422,2,2,0,0
202609120013904,2,2,0,0
202609120030070,2,2,0,0
202609120019417,2,2,0,0
202609120003147,2,2,0,0
202609120019131,2,2,0,0
202609120029616,2,2,0,0
202609120040072,2,2,0,0
202609120018358,2,2,0,0
202609120036728,2,2,0,0
202609120030547,2,2,0,0
202609120002481,2,2,0,0
202609120002929,2,2,0,0
202609120029275,2,2,0,0
202609120034570,2,2,0,0
202609120039824,2,2,0,0
202609120002139,2,2,0,0
202609120020472,2,2,0,0
202609120025757,2,2,0,0
202609120030418,2,2,0,0
202609120015219,2,2,0,0
202609120013649,2,2,0,0
202609120011880,2,2,0,0
202609120000215,2,2,0,0
202609120036601,2,2,0,0
202609120002508,2,2,0,0
202609120013111,2,2,0,0
202609120009788,2,2,0,0
202609120040447,2,2,0,0
202609120016997,2,2,0,0
202609120000602,2,2,0,0
202609120026344,2,2,0,0
202609120018115,2,2,0,0
202609120032519,2,2,0,0
202609120028265,2,2,0,0
202609120005198,2,2,0,0
202609120014567,2,2,0,0
202609120043449,2,2,0,0
202609120004954,2,2,0,0
202609120041789,2,2,0,0
202609120021702,2,2,0,0
202609120002826,2,2,0,0
202609120016375,2,2,0,0
202609120043559,2,2,0,0
202609120046518,2,2,0,0
202609120005791,2,2,0,0
202609120010038,2,2,0,0
202609120033883,2,2,0,0
202609120045007,2,2,0,0
202609120045354,2,2,0,0
202609120003368,2,2,0,0
202609120032834,2,2,0,0
202609120000020,2,2,0,0
202609120005535,2,2,0,0
202609120027931,2,2,0,0
202609120033796,2,2,0,0
202609120048595,2,2,0,0
202609120042983,2,2,0,0
202609120048722,2,2,0,0
202609120046709,2,2,0,0
202609120039673,2,2,0,0
202609120021401,2,2,0,0
202609120001747,2,2,0,0
202609120046315,2,2,0,0
202609120040898,2,2,0,0
202609120011322,2,2,0,0
202609120008819,2,2,0,0
202609120020009,2,2,0,0
202609120031983,2,2,0,0
202609120049179,2,2,0,0
202609120012322,2,2,0,0
202609120008970,2,2,0,0
202609120042873,2,2,0,0
202609120047074,2,2,0,0
202609120033124,2,2,0,0
202609120046529,2,2,0,0
202609120020361,2,2,0,0
202609120036288,2,2,0,0
202609120007184,2,2,0,0
202609120010693,2,2,0,0
202609120041831,2,2,0,0
202609120004853,2,2,0,0
202609120042851,2,2,0,0
202609120036473,2,2,0,0
202609120025060,2,2,0,0
202609120001639,2,2,0,0
202609120009667,2,2,0,0
202609120015591,2,2,0,0
202609120014563,2,2,0,0
202609120002709,2,2,0,0
202609120020663,2,2,0,0
202609120021482,2,2,0,0
202609120026897,2,2,0,0
202609120047597,2,2,0,0
202609120012186,2,2,0,0
202609120004148,2,2,0,0
202609120002474,2,2,0,0
202609120015573,2,2,0,0
202609120040139,2,2,0,0
202609120007659,2,2,0,0
202609120020810,2,2,0,0
202609120048645,2,2,0,0
202609120023830,2,2,0,0
202609120010223,2,2,0,0
202609120027999,2,2,0,0
202609120022174,2,2,0,0
202609120011529,2,2,0,0
202609120017530,2,2,0,0
202609120007325,2,2,0,0
202609120043079,2,2,0,0
202609120041620,5,1,2,2
202609120022376,5,1,2,2
202609120039533,5,1,2,2
202609120020888,4,1,2,1
202609120001674,4,1,2,1
202609120014827,4,1,2,1
202609120037540,4,1,2,1
202609120047345,4,1,2,1
202609120045253,4,1,2,1
202609120048260,4,1,2,1
202609120049095,4,1,2,1
202609120032409,4,1,2,1
202609120039355,4,1,2,1
202609120019705,4,1,2,1
202609120036431,4,1,2,1
202609120036866,4,1,2,1
202609120029591,4,1,2,1
202609120049439,4,1,2,1
202609120041615,4,1,2,1
202609120035274,4,1,2,1
202609120002464,4,1,2,1
202609120040994,4,1,2,1
202609120035840,4,1,2,1
202609120041727,4,1,2,1
202609120031908,4,1,2,1
202609120001703,4,1,2,1
202609120021477,4,1,2,1
202609120041080,4,1,2,1
202609120033599,4,1,2,1
202609120042220,4,1,2,1
202609120008743,3,1,2,0
202609120013050,3,1,2,0
202609120047706,3,1,2,0
202609120025437,3,1,2,0
202609120047773,3,1,2,0
202609120032686,3,1,2,0
202609120022772,3,1,2,0
202609120041184,3,1,2,0
202609120044150,3,1,2,0
202609120046718,3,1,2,0
202609120037875,3,1,2,0
202609120039961,4,1,1,2
202609120040227,4,1,1,2
202609120036341,4,1,1,2
202609120037472,4,1,1,2
202609120031420,3,1,1,1
202609120027375,3,1,1,1
202609120044698,3,1,1,1
202609120033003,3,1,1,1
202609120037389,3,1,1,1
202609120046897,3,1,1,1
202609120021008,3,1,1,1
202609120029446,3,1,1,1
202609120004962,3,1,1,1
202609120040484,3,1,1,1
202609120024982,3,1,1,1
202609120005473,3,1,1,1
202609120048075,3,1,1,1
202609120028290,3,1,1,1
202609120018078,3,1,1,1
202609120047473,3,1,1,1
202609120029242,3,1,1,1
202609120038572,3,1,1,1
202609120039982,3,1,1,1
202609120003097,3,1,1,1
202609120036936,3,1,1,1
202609120044879,3,1,1,1
202609120039393,3,1,1,1
202609120048911,3,1,1,1
202609120020881,3,1,1,1
202609120016611,3,1,1,1
202609120005497,3,1,1,1
202609120048446,3,1,1,1
202609120048760,3,1,1,1
202609120035672,3,1,1,1
202609120028463,3,1,1,1
202609120002078,3,1,1,1
202609120049414,3,1,1,1
202609120015801,3,1,1,1
202609120034582,3,1,1,1
202609120034021,3,1,1,1
202609120009709,3,1,1,1
202609120021948,3,1,1,1
202609120037448,3,1,1,1
202609120046171,3,1,1,1
202609120018008,3,1,1,1
202609120001163,3,1,1,1
202609120010131,3,1,1,1
202609120013789,3,1,1,1
202609120046550,3,1,1,1
202609120045810,3,1,1,1
202609120038764,3,1,1,1
202609120008696,3,1,1,1
202609120036891,3,1,1,1
202609120039253,3,1,1,1
202609120025414,3,1,1,1
202609120043304,3,1,1,1
202609120044209,3,1,1,1
202609120013948,2,1,1,0
202609120015563,2,1,1,0
202609120045740,2,1,1,0
202609120044885,2,1,1,0
202609120022805,2,1,1,0
202609120010486,2,1,1,0
202609120025715,2,1,1,0
202609120044029,2,1,1,0
202609120037216,2,1,1,0
202609120048156,2,1,1,0
202609120034543,2,1,1,0
202609120013390,2,1,1,0
202609120023823,2,1,1,0
202609120016820,2,1,1,0
202609120002105,2,1,1,0
202609120027414,2,1,1,0
202609120022319,2,1,1,0
202609120038290,2,1,1,0
202609120048155,2,1,1,0
202609120042360,2,1,1,0
202609120013960,2,1,1,0
202609120023047,2,1,1,0
202609120006708,2,1,1,0
202609120037167,2,1,1,0
202609120042710,2,1,1,0
202609120019023,2,1,1,0
202609120017532,2,1,1,0
202609120019284,2,1,1,0
202609120049106,2,1,1,0
202609120030128,2,1,1,0
202609120043030,2,1,1,0
202609120046711,2,1,1,0
202609120021615,2,1,1,0
202609120043505,2,1,1,0
202609120029478,2,1,1,0
202609120048309,2,1,1,0
202609120027983,2,1,1,0
202609120015222,2,1,1,0
202609120047341,2,1,1,0
202609120037094,2,1,1,0
202609120033153,2,1,1,0
202609120038308,2,1,1,0
202609120045479,2,1,1,0
202609120035265,2,1,1,0
202609120029143,2,1,1,0
202609120003305,2,1,1,0
202609120005061,2,1,1,0
202609120035420,2,1,1,0
202609120024074,2,1,1,0
202609120024109,2,1,1,0
202609120027661,2,1,1,0
202609120011120,2,1,1,0
202609120019922,2,1,1,0
202609120014661,2,1,1,0
202609120044085,2,1,1,0
202609120033026,2,1,1,0
202609120039292,2,1,1,0
202609120034604,2,1,1,0
202609120041601,2,1,1,0
202609120049794,2,1,1,0
202609120029000,2,1,1,0
202609120049375,2,1,1,0
202609120027944,2,1,1,0
202609120001223,2,1,1,0
202609120018662,2,1,1,0
202609120045156,2,1,1,0
202609120021252,2,1,1,0
202609120023001,2,1,1,0
202609120014160,2,1,1,0
202609120048359,2,1,1,0
202609120038659,2,1,1,0
202609120032703,2,1,1,0
202609120042898,2,1,1,0
202609120045568,2,1,1,0
202609120043333,2,1,1,0
202609120045553,2,1,1,0
202609120012795,2,1,1,0
202609120018268,2,1,1,0
202609120028810,2,1,1,0
202609120044193,2,1,1,0
202609120028054,2,1,1,0
202609120041039,2,1,1,0
202609120047001,2,1,1,0
202609120013043,2,1,1,0
202609120023115,2,1,1,0
202609120047045,2,1,1,0
202609120045005,2,1,1,0
202609120008473,2,1,1,0
202609120014130,2,1,1,0
202609120049260,2,1,1,0
202609120030011,2,1,1,0
202609120025740,2,1,1,0
202609120022103,2,1,1,0
202609120048249,2,1,1,0
202609120002538,2,1,1,0
202609120040897,2,1,1,0
202609120006160,2,1,1,0
202609120027799,2,1,1,0
202609120040071,2,1,1,0
202609120032821,2,1,1,0
202609120025588,2,1,1,0
202609120013142,2,1,1,0
202609120043309,2,1,1,0
202609120009722,2,1,1,0
202609120003364,2,1,1,0
202609120007545,2,1,1,0
202609120019815,2,1,1,0
202609120005221,2,1,1,0
202609120043627,2,1,1,0
202609120025633,2,1,1,0
202609120030204,2,1,1,0
202609120041066,2,1,1,0
202609120011022,2,1,1,0
202609120044238,2,1,1,0
202609120035449,2,1,1,0
202609120047594,2,1,1,0
202609120022232,2,1,1,0
202609120008824,2,1,1,0
202609120042146,2,1,1,0
202609120036661,2,1,1,0
202609120047000,2,1,1,0
202609120033824,2,1,1,0
202609120045271,2,1,1,0
202609120000321,2,1,1,0
202609120033085,2,1,1,0
202609120019543,2,1,1,0
202609120048812,2,1,1,0
202609120031193,2,1,1,0
202609120007971,2,1,1,0
202609120042403,2,1,1,0
202609120036055,2,1,1,0
202609120033097,2,1,1,0
202609120036940,2,1,1,0
202609120047898,2,1,1,0
202609120046169,2,1,1,0
202609120049296,2,1,1,0
202609120042625,2,1,1,0
202609120045644,2,1,1,0
202609120039682,2,1,1,0
202609120023745,2,1,1,0
202609120041322,2,1,1,0
202609120039795,2,1,1,0
202609120036232,2,1,1,0
202609120001299,2,1,1,0
202609120002710,2,1,1,0
202609120014182,2,1,1,0
202609120025217,2,1,1,0
202609120013037,2,1,1,0
202609120043406,2,1,1,0
202609120045924,2,1,1,0
202609120048582,2,1,1,0
202609120049329,2,1,1,0
202609120045628,2,1,1,0
202609120042395,2,1,1,0
202609120039043,2,1,1,0
202609120032122,2,1,1,0
202609120033517,2,1,1,0
202609120011021,2,1,1,0
202609120015296,2,1,1,0
202609120049415,2,1,1,0
202609120024914,2,1,1,0
202609120046426,2,1,1,0
202609120032670,2,1,1,0
202609120044696,2,1,1,0
202609120049844,2,1,1,0
202609120040490,2,1,1,0
202609120033978,2,1,1,0
202609120045191,2,1,1,0
202609120048979,2,1,1,0
202609120041403,2,1,1,0
202609120033177,2,1,1,0
202609120049250,2,1,1,0
202609120048817,2,1,1,0
202609120034297,2,1,1,0
202609120003930,2,1,1,0
202609120005938,2,1,1,0
202609120033398,2,1,1,0
202609120045245,2,1,1,0
202609120049338,2,1,1,0
202609120037258,2,1,1,0
202609120047868,2,1,1,0
202609120043678,2,1,1,0
202609120049467,2,1,1,0
202609120041639,2,1,1,0
202609120036790,2,1,1,0
202609120049213,2,1,1,0
202609120022527,2,1,1,0
202609120005716,2,1,1,0
202609120000896,2,1,1,0
202609120044468,2,1,1,0
202609120010092,2,1,1,0
202609120030693,2,1,1,0
202609120047921,2,1,1,0
202609120047362,2,1,1,0
202609120022512,2,1,1,0
202609120041630,2,1,1,0
202609120040512,2,1,1,0
202609120022176,2,1,1,0
202609120027771,2,1,1,0
202609120011415,2,1,1,0
202609120004007,2,1,1,0
202609120029061,2,1,1,0
202609120034691,2,1,1,0
202609120049426,2,1,1,0
202609120033953,2,1,1,0
202609120047956,2,1,1,0
202609120034735,2,1,1,0
202609120030555,2,1,1,0
202609120039760,2,1,1,0
202609120014052,2,1,1,0
202609120019386,2,1,1,0
202609120047806,2,1,1,0
202609120021908,2,1,1,0
202609120038671,2,1,1,0
202609120048068,2,1,1,0
202609120029289,2,1,1,0
202609120028532,2,1,1,0
202609120049726,2,1,1,0
202609120046674,2,1,1,0
202609120039283,2,1,1,0
202609120048396,2,1,1,0
202609120002687,2,1,1,0
202609120048008,2,1,1,0
202609120049576,2,1,1,0
202609120045569,2,1,1,0
202609120014878,2,1,1,0
202609120040419,2,1,1,0
202609120034670,2,1,1,0
202609120019444,2,1,1,0
202609120040213,2,1,1,0
202609120046816,2,1,1,0
202609120046481,2,1,1,0
202609120048892,2,1,1,0
202609120016441,2,1,1,0
202609120011616,2,1,1,0
202609120047588,2,1,1,0
202609120048968,2,1,1,0
202609120017216,2,1,1,0
202609120037371,2,1,1,0
202609120045618,2,1,1,0
202609120047006,2,1,1,0
202609120042465,2,1,1,0
202609120017198,2,1,1,0
202609120027719,2,1,1,0
202609120009636,2,1,1,0
202609120044219,2,1,1,0
202609120016354,2,1,1,0
202609120005128,2,1,1,0
202609120046575,2,1,1,0
202609120033507,2,1,1,0
202609120045686,2,1,1,0
202609120044873,2,1,1,0
202609120042693,2,1,1,0
202609120048987,2,1,1,0
202609120048653,2,1,1,0
202609120040103,2,1,1,0
202609120027804,2,1,1,0
202609120018793,2,1,1,0
202609120037281,2,1,1,0
202609120026601,2,1,1,0
202609120048436,2,1,1,0
202609120000914,2,1,1,0
202609120042952,2,1,1,0
202609120026192,2,1,1,0
202609120003827,2,1,1,0
202609120028139,2,1,1,0
202609120009381,2,1,1,0
202609120010723,2,1,1,0
202609120015630,2,1,1,0
202609120036793,2,1,1,0
202609120048337,2,1,1,0
202609120030327,2,1,1,0
202609120038845,2,1,1,0
202609120049804,2,1,1,0
202609120035844,2,1,1,0
202609120028580,2,1,1,0
202609120000494,2,1,1,0
202609120018676,2,1,1,0
202609120029056,2,1,1,0
202609120006108,2,1,1,0
202609120044284,2,1,1,0
202609120017435,2,1,1,0
202609120006687,2,1,1,0
202609120044981,2,1,1,0
202609120049605,2,1,1,0
202609120001800,2,1,1,0
202609120019635,2,1,1,0
202609120014692,2,1,1,0
202609120024101,2,1,1,0
202609120031671,2,1,1,0
202609120010575,2,1,1,0
202609120042218,2,1,1,0
202609120038552,2,1,1,0
202609120045614,2,1,1,0
202609120049311,2,1,1,0
202609120033202,2,1,1,0
202609120006815,2,1,1,0
202609120046082,2,1,1,0
202609120028933,2,1,1,0
202609120003716,2,1,1,0
202609120041602,2,1,1,0
202609120034976,2,1,1,0
202609120005389,2,1,1,0
202609120039222,2,1,1,0
202609120013212,2,1,1,0
202609120005009,2,1,1,0
202609120040166,2,1,1,0
202609120043752,2,1,1,0
202609120047826,2,1,1,0
202609120009031,2,1,1,0
202609120036556,2,1,1,0
202609120046994,2,1,1,0
202609120029502,2,1,1,0
202609120029827,2,1,1,0
202609120044327,2,1,1,0
202609120045422,2,1,1,0
202609120036886,2,1,1,0
202609120034562,2,1,1,0
202609120037491,2,1,1,0
202609120031455,2,1,1,0
202609120032095,2,1,1,0
202609120041574,2,1,1,0
202609120049665,2,1,1,0
202609120049610,2,1,1,0
202609120027070,2,1,1,0
202609120046773,2,1,1,0
202609120042672,2,1,1,0
202609120041840,2,1,1,0
202609120036150,2,1,1,0
202609120025226,2,1,1,0
202609120013076,2,1,1,0
202609120013318,2,1,1,0
202609120015830,2,1,1,0
202609120007493,2,1,1,0
202609120005103,2,1,1,0
202609120028062,2,1,1,0
202609120007076,2,1,1,0
202609120001498,2,1,1,0
202609120006942,2,1,1,0
202609120042091,2,1,1,0
202609120044581,2,1,1,0
202609120042770,2,1,1,0
202609120049763,2,1,1,0
202609120015846,2,1,1,0
202609120042628,2,1,1,0
202609120001832,2,1,1,0
202609120016847,2,1,1,0
202609120043198,2,1,1,0
202609120015151,2,1,1,0
202609120046504,2,1,1,0
202609120011585,2,1,1,0
202609120047063,2,1,1,0
202609120046934,2,1,1,0
202609120041564,2,1,1,0
202609120044187,2,1,1,0
202609120032890,2,1,1,0
202609120047876,2,1,1,0
202609120035220,2,1,1,0
202609120042508,2,1,1,0
202609120046817,2,1,1,0
202609120007927,2,1,1,0
202609120038333,2,1,1,0
202609120045200,2,1,1,0
202609120045046,2,1,1,0
202609120035833,2,1,1,0
202609120042903,2,1,1,0
202609120023371,2,1,1,0
202609120032096,2,1,1,0
202609120018758,2,1,1,0
202609120042328,2,1,1,0
202609120048967,2,1,1,0
202609120043161,2,1,1,0
202609120049842,2,1,1,0
202609120030591,2,1,1,0
202609120047064,2,1,1,0
202609120024797,2,1,1,0
202609120046945,2,1,1,0
202609120011721,2,1,1,0
202609120049811,2,1,1,0
202609120024102,2,1,1,0
202609120047291,2,1,1,0
202609120043658,2,1,1,0
202609120046667,2,1,1,0
202609120042521,2,1,1,0
202609120009561,2,1,1,0
202609120003048,2,1,1,0
202609120049682,2,1,1,0
202609120033238,2,1,1,0
202609120006654,2,1,1,0
202609120042813,2,1,1,0
202609120046886,2,1,1,0
202609120048174,2,1,1,0
202609120026037,2,1,1,0
202609120022120,2,1,1,0
202609120040672,2,1,1,0
202609120032007,2,1,1,0
202609120018512,2,1,1,0
202609120044153,2,1,1,0
202609120038781,2,1,1,0
202609120049396,2,1,1,0
202609120029483,2,1,1,0
202609120020589,2,1,1,0
202609120049548,2,1,1,0
202609120042648,2,1,1,0
202609120019561,2,1,1,0
202609120038730,2,1,1,0
202609120041589,2,1,1,0
202609120049385,2,1,1,0
202609120034648,2,1,1,0
202609120015943,2,1,1,0
202609120046851,2,1,1,0
202609120001227,2,1,1,0
202609120046026,2,1,1,0
202609120019402,2,1,1,0
202609120018069,2,1,1,0
202609120006504,2,1,1,0
202609120042515,2,1,1,0
202609120048408,2,1,1,0
202609120038850,2,1,1,0
202609120045162,2,1,1,0
202609120009970,2,1,1,0
202609120000341,2,1,1,0
202609120042811,2,1,1,0
202609120039284,2,1,1,0
202609120041597,2,1,1,0
202609120019894,2,1,1,0
202609120042618,2,1,1,0
202609120039940,2,1,1,0
202609120031473,2,1,1,0
202609120004619,2,1,1,0
202609120014316,2,1,1,0
202609120043907,2,1,1,0
202609120037486,2,1,1,0
202609120046312,2,1,1,0
202609120010443,2,1,1,0
202609120000743,2,1,1,0
202609120006208,2,1,1,0
202609120026891,2,1,1,0
202609120006625,2,1,1,0
202609120042786,2,1,1,0
202609120036164,2,1,1,0
202609120044283,2,1,1,0
202609120042879,2,1,1,0
202609120013645,2,1,1,0
202609120030598,2,1,1,0
202609120049607,2,1,1,0
202609120024391,2,1,1,0
202609120009490,2,1,1,0
202609120008104,2,1,1,0
202609120032508,2,1,1,0
202609120009527,2,1,1,0
202609120047589,2,1,1,0
202609120007829,2,1,1,0
202609120023229,2,1,1,0
202609120046441,2,1,1,0
202609120047635,2,1,1,0
202609120046273,2,1,1,0
202609120034485,2,1,1,0
202609120047524,2,1,1,0
202609120006748,2,1,1,0
202609120046872,2,1,1,0
202609120022285,2,1,1,0
202609120048029,2,1,1,0
202609120015012,2,1,1,0
202609120046427,2,1,1,0
202609120032638,2,1,1,0
202609120007544,2,1,1,0
202609120032873,2,1,1,0
202609120011933,2,1,1,0
202609120005978,2,1,1,0
202609120048388,2,1,1,0
202609120046743,2,1,1,0
202609120019881,2,1,1,0
202609120020118,2,1,1,0
202609120014626,2,1,1,0
202609120029788,2,1,1,0
202609120046972,2,1,1,0
202609120026303,2,1,1,0
202609120048696,2,1,1,0
202609120019836,2,1,1,0
202609120048445,2,1,1,0
202609120045321,2,1,1,0
202609120038565,2,1,1,0
202609120019651,2,1,1,0
202609120032035,2,1,1,0
202609120044245,2,1,1,0
202609120049104,2,1,1,0
202609120030737,2,1,1,0
202609120009875,2,1,1,0
202609120000413,2,1,1,0
202609120032102,2,1,1,0
202609120019911,2,1,1,0
202609120049097,2,1,1,0
202609120045634,2,1,1,0
202609120010480,2,1,1,0
202609120046526,2,1,1,0
202609120021686,2,1,1,0
202609120040933,2,1,1,0
202609120048257,2,1,1,0
202609120018146,2,1,1,0
202609120011154,2,1,1,0
202609120046906,2,1,1,0
202609120038741,2,1,1,0
202609120040022,2,1,1,0
202609120049733,2,1,1,0
202609120037880,2,1,1,0
202609120011714,2,1,1,0
202609120034596,2,1,1,0
202609120049653,2,1,1,0
202609120014503,2,1,1,0
202609120029837,2,1,1,0
202609120038802,2,1,1,0
202609120007420,2,1,1,0
202609120047957,2,1,1,0
202609120037502,2,1,1,0
202609120045310,2,1,1,0
202609120031969,2,1,1,0
202609120030513,2,1,1,0
202609120045394,2,1,1,0
202609120044474,2,1,1,0
202609120049459,2,1,1,0
202609120047911,2,1,1,0
202609120025403,2,1,1,0
202609120038375,2,1,1,0
202609120035456,2,1,1,0
202609120047749,2,1,1,0
202609120006153,2,1,1,0
202609120033275,2,1,1,0
202609120039677,2,1,1,0
202609120016952,2,1,1,0
202609120033389,2,1,1,0
202609120006426,2,1,1,0
202609120001266,2,1,1,0
202609120018777,2,1,1,0
202609120047853,2,1,1,0
202609120009352,2,1,1,0
202609120027409,2,1,1,0
202609120008125,2,1,1,0
202609120010550,2,1,1,0
202609120049617,2,1,1,0
202609120030431,2,1,1,0
202609120003998,2,1,1,0
202609120038005,2,1,1,0
202609120039120,2,1,1,0
202609120000137,2,1,1,0
202609120008517,2,1,1,0
202609120045322,2,1,1,0
202609120001201,2,1,1,0
202609120041417,2,1,1,0
202609120037603,2,1,1,0
202609120015834,2,1,1,0
202609120029223,2,1,1,0
202609120035482,2,1,1,0
202609120024139,2,1,1,0
202609120040630,2,1,1,0
202609120042287,2,1,1,0
202609120028431,2,1,1,0
202609120048463,2,1,1,0
202609120018518,2,1,1,0
202609120041557,2,1,1,0
202609120023609,2,1,1,0
202609120012987,2,1,1,0
202609120011485,2,1,1,0
202609120035180,2,1,1,0
202609120008082,2,1,1,0
202609120031285,2,1,1,0
202609120042235,2,1,1,0
202609120031624,2,1,1,0
202609120000584,2,1,1,0
202609120026743,2,1,1,0
202609120025089,2,1,1,0
202609120047044,2,1,1,0
202609120040175,2,1,1,0
202609120047818,2,1,1,0
202609120041200,2,1,1,0
202609120017099,2,1,1,0
202609120044773,2,1,1,0
202609120000251,2,1,1,0
202609120034767,2,1,1,0
202609120042940,2,1,1,0
202609120035110,2,1,1,0
202609120040113,2,1,1,0
202609120045580,2,1,1,0
202609120010606,2,1,1,0
202609120010531,2,1,1,0
202609120048143,2,1,1,0
202609120039227,2,1,1,0
202609120030320,2,1,1,0
202609120025012,2,1,1,0
202609120038821,2,1,1,0
202609120038440,2,1,1,0
202609120043342,2,1,1,0
202609120014329,2,1,1,0
202609120004869,2,1,1,0
202609120038201,2,1,1,0
202609120027781,2,1,1,0
202609120041305,2,1,1,0
202609120048787,2,1,1,0
202609120042827,2,1,1,0
202609120045546,2,1,1,0
202609120045323,2,1,1,0
202609120023854,2,1,1,0
202609120049157,2,1,1,0
202609120013746,2,1,1,0
202609120014450,2,1,1,0
202609120045374,2,1,1,0
202609120044215,2,1,1,0
202609120047929,2,1,1,0
202609120015927,2,1,1,0
202609120041521,2,1,1,0
202609120007966,2,1,1,0
202609120046515,2,1,1,0
202609120025138,2,1,1,0
202609120048397,2,1,1,0
202609120003287,2,1,1,0
202609120045056,2,1,1,0
202609120040206,2,1,1,0
202609120044043,2,1,1,0
202609120045685,2,1,1,0
202609120048893,2,1,1,0
202609120036541,2,1,1,0
202609120005292,2,1,1,0
202609120036184,2,1,1,0
202609120010977,2,1,1,0
202609120024796,2,1,1,0
202609120048319,2,1,1,0
202609120006715,2,1,1,0
202609120031911,2,1,1,0
202609120048916,2,1,1,0
202609120031777,2,1,1,0
202609120038155,2,1,1,0
202609120000941,2,1,1,0
202609120017134,2,1,1,0
202609120025691,2,1,1,0
202609120045146,2,1,1,0
202609120015215,2,1,1,0
202609120042600,2,1,1,0
202609120036213,2,1,1,0
202609120041241,2,1,1,0
202609120049154,2,1,1,0
202609120031933,2,1,1,0
202609120008855,2,1,1,0
202609120031771,2,1,1,0
202609120048451,2,1,1,0
202609120043001,2,1,1,0
202609120036658,2,1,1,0
202609120026374,2,1,1,0
202609120028827,2,1,1,0
202609120047837,2,1,1,0
202609120049458,2,1,1,0
202609120049559,2,1,1,0
202609120022572,2,1,1,0
202609120003049,2,1,1,0
202609120024824,2,1,1,0
202609120038105,2,1,1,0
202609120039703,2,1,1,0
202609120047774,2,1,1,0
202609120045086,2,1,1,0
202609120010257,2,1,1,0
202609120004017,2,1,1,0
202609120034845,2,1,1,0
202609120042584,2,1,1,0
202609120046561,2,1,1,0
202609120029538,2,1,1,0
202609120000258,2,1,1,0
202609120027635,2,1,1,0
202609120036004,2,1,1,0
202609120041994,2,1,1,0
202609120029290,2,1,1,0
202609120043727,2,1,1,0
202609120004596,2,1,1,0
202609120033188,2,1,1,0
202609120049367,2,1,1,0
202609120032921,2,1,1,0
202609120043272,2,1,1,0
202609120047467,2,1,1,0
202609120023460,2,1,1,0
202609120019181,2,1,1,0
202609120047812,2,1,1,0
202609120033217,2,1,1,0
202609120045264,2,1,1,0
202609120049242,2,1,1,0
202609120045265,2,1,1,0
202609120049406,2,1,1,0
202609120045960,2,1,1,0
202609120048409,2,1,1,0
202609120041282,2,1,1,0
202609120007444,2,1,1,0
202609120025362,2,1,1,0
202609120045623,2,1,1,0
202609120026056,2,1,1,0
202609120012908,2,1,1,0
202609120024144,2,1,1,0
202609120048097,2,1,1,0
202609120047998,2,1,1,0
202609120049592,2,1,1,0
202609120045388,2,1,1,0
202609120039323,2,1,1,0
202609120002244,2,1,1,0
202609120046497,2,1,1,0
202609120012040,2,1,1,0
202609120019627,2,1,1,0
202609120042826,2,1,1,0
202609120027757,2,1,1,0
202609120024949,2,1,1,0
202609120029071,2,1,1,0
202609120042890,2,1,1,0
202609120032952,2,1,1,0
202609120048612,2,1,1,0
202609120006241,2,1,1,0
202609120007381,2,1,1,0
202609120026801,2,1,1,0
202609120047600,2,1,1,0
202609120040044,2,1,1,0
202609120041070,2,1,1,0
202609120049279,2,1,1,0
202609120040251,2,1,1,0
202609120041501,2,1,1,0
202609120048424,2,1,1,0
202609120035805,2,1,1,0
202609120039492,2,1,1,0
202609120033490,2,1,1,0
202609120036722,2,1,1,0
202609120046482,2,1,1,0
202609120030510,2,1,1,0
202609120049547,2,1,1,0
202609120002321,2,1,1,0
202609120045199,2,1,1,0
202609120045174,2,1,1,0
202609120021082,2,1,1,0
202609120003766,2,1,1,0
202609120027623,2,1,1,0
202609120007958,2,1,1,0
202609120043571,2,1,1,0
202609120047796,2,1,1,0
202609120007540,2,1,1,0
202609120044242,2,1,1,0
202609120032100,2,1,1,0
202609120039924,2,1,1,0
202609120046811,2,1,1,0
202609120012164,2,1,1,0
202609120047842,2,1,1,0
202609120032896,2,1,1,0
202609120042909,2,1,1,0
202609120037993,2,1,1,0
202609120013351,2,1,1,0
202609120027100,2,1,1,0
202609120049053,2,1,1,0
202609120048089,2,1,1,0
202609120010473,2,1,1,0
202609120012776,2,1,1,0
202609120025795,2,1,1,0
202609120046506,2,1,1,0
202609120031862,2,1,1,0
202609120041645,2,1,1,0
202609120004676,2,1,1,0
202609120031879,2,1,1,0
202609120027474,2,1,1,0
202609120004534,2,1,1,0
202609120039927,2,1,1,0
202609120037247,2,1,1,0
202609120003682,2,1,1,0
202609120041626,2,1,1,0
202609120045407,2,1,1,0
202609120041147,2,1,1,0
202609120048178,2,1,1,0
202609120044286,2,1,1,0
202609120049829,2,1,1,0
202609120046003,2,1,1,0
202609120009390,2,1,1,0
202609120006107,2,1,1,0
202609120020739,2,1,1,0
202609120038612,2,1,1,0
202609120045676,2,1,1,0
202609120012916,2,1,1,0
202609120043779,2,1,1,0
202609120017130,2,1,1,0
202609120030850,2,1,1,0
202609120029476,2,1,1,0
202609120046410,2,1,1,0
202609120024593,2,1,1,0
202609120037485,2,1,1,0
202609120006342,2,1,1,0
202609120005364,2,1,1,0
202609120001226,3,1,0,2
202609120048254,2,1,0,1
202609120031527,2,1,0,1
202609120049641,2,1,0,1
202609120015068,2,1,0,1
202609120020957,2,1,0,1
202609120049697,2,1,0,1
202609120032757,2,1,0,1
202609120026722,2,1,0,1
202609120034221,2,1,0,1
202609120041603,2,1,0,1
202609120041383,2,1,0,1
202609120016067,2,1,0,1
202609120016225,2,1,0,1
202609120039799,2,1,0,1
202609120004108,2,1,0,1
202609120043728,2,1,0,1
202609120044992,2,1,0,1
202609120027351,2,1,0,1
202609120044786,2,1,0,1
202609120049788,2,1,0,1
202609120048755,2,1,0,1
202609120022259,2,1,0,1
202609120049019,2,1,0,1
202609120035300,2,1,0,1
202609120032917,2,1,0,1
202609120032944,2,1,0,1
202609120031366,2,1,0,1
202609120033296,2,1,0,1
202609120037723,2,1,0,1
202609120029923,2,1,0,1
202609120046219,2,1,0,1
202609120042260,2,1,0,1
202609120035883,2,1,0,1
202609120049604,2,1,0,1
202609120047464,2,1,0,1
202609120044250,2,1,0,1
202609120014419,2,1,0,1
202609120049577,2,1,0,1
202609120049498,2,1,0,1
202609120008690,2,1,0,1
202609120040219,2,1,0,1
202609120044836,2,1,0,1
202609120030770,2,1,0,1
202609120046085,2,1,0,1
202609120011356,2,1,0,1
202609120035702,2,1,0,1
202609120027927,2,1,0,1
202609120047038,2,1,0,1
202609120041737,2,1,0,1
202609120019999,2,1,0,1
202609120044777,2,1,0,1
202609120024853,2,1,0,1
202609120044709,2,1,0,1
202609120020603,2,1,0,1
202609120025078,2,1,0,1
202609120049823,2,1,0,1
202609120013096,2,1,0,1
202609120003617,2,1,0,1
202609120010717,2,1,0,1
202609120046783,2,1,0,1
202609120045562,2,1,0,1
202609120001843,2,1,0,1
202609120025436,2,1,0,1
202609120031682,2,1,0,1
202609120035882,2,1,0,1
202609120048894,2,1,0,1
202609120049734,2,1,0,1
202609120041579,2,1,0,1
202609120049084,2,1,0,1
202609120039774,2,1,0,1
202609120043641,2,1,0,1
202609120038015,2,1,0,1
202609120005288,1,1,0,0
202609120014310,1,1,0,0
202609120012696,1,1,0,0
202609120049305,1,1,0,0
202609120042644,1,1,0,0
202609120047999,1,1,0,0
202609120038200,1,1,0,0
202609120030646,1,1,0,0
202609120038803,1,1,0,0
202609120006170,1,1,0,0
202609120047018,1,1,0,0
202609120043441,1,1,0,0
202609120034351,1,1,0,0
202609120049678,1,1,0,0
202609120023894,1,1,0,0
202609120045444,1,1,0,0
202609120005417,1,1,0,0
202609120006576,1,1,0,0
202609120007815,1,1,0,0
202609120047846,1,1,0,0
202609120010393,1,1,0,0
202609120044328,1,1,0,0
202609120037490,1,1,0,0
202609120041120,1,1,0,0
202609120028070,1,1,0,0
202609120016390,1,1,0,0
202609120049711,1,1,0,0
202609120037940,1,1,0,0
202609120021268,1,1,0,0
202609120043485,1,1,0,0
202609120047702,1,1,0,0
202609120049659,1,1,0,0
202609120048767,1,1,0,0
202609120011605,1,1,0,0
202609120022488,1,1,0,0
202609120044329,1,1,0,0
202609120005127,1,1,0,0
202609120002519,1,1,0,0
202609120027817,1,1,0,0
202609120049094,1,1,0,0
202609120036129,1,1,0,0
202609120021234,1,1,0,0
202609120044508,1,1,0,0
202609120000970,1,1,0,0
202609120042498,1,1,0,0
202609120030766,1,1,0,0
202609120009995,1,1,0,0
202609120037518,1,1,0,0
202609120049376,1,1,0,0
202609120039375,1,1,0,0
202609120046413,1,1,0,0
202609120044197,1,1,0,0
202609120009159,1,1,0,0
202609120045223,1,1,0,0
202609120010913,1,1,0,0
202609120048238,1,1,0,0
202609120048161,1,1,0,0
202609120048168,1,1,0,0
202609120019724,1,1,0,0
202609120025610,1,1,0,0
202609120014761,1,1,0,0
202609120038631,1,1,0,0
202609120049509,1,1,0,0
202609120042434,1,1,0,0
202609120047525,1,1,0,0
202609120020404,1,1,0,0
202609120012971,1,1,0,0
202609120043719,1,1,0,0
202609120022645,1,1,0,0
202609120044924,1,1,0,0
202609120022612,1,1,0,0
202609120043245,1,1,0,0
202609120023714,1,1,0,0
202609120001765,1,1,0,0
202609120047886,1,1,0,0
202609120048423,1,1,0,0
202609120049825,1,1,0,0
202609120033258,1,1,0,0
202609120040528,1,1,0,0
202609120040027,1,1,0,0
202609120015438,1,1,0,0
202609120005901,1,1,0,0
202609120022007,1,1,0,0
202609120049497,1,1,0,0
202609120045643,1,1,0,0
202609120044726,1,1,0,0
202609120000717,1,1,0,0
202609120030527,1,1,0,0
202609120036682,1,1,0,0
202609120046211,1,1,0,0
202609120046993,1,1,0,0
202609120044177,1,1,0,0
202609120042159,1,1,0,0
202609120017422,1,1,0,0
202609120024783,1,1,0,0
202609120046323,1,1,0,0
202609120048265,1,1,0,0
202609120045101,1,1,0,0
202609120038937,1,1,0,0
202609120049743,1,1,0,0
202609120037349,1,1,0,0
202609120045189,1,1,0,0
202609120026641,1,1,0,0
202609120007140,1,1,0,0
202609120041646,1,1,0,0
202609120045003,1,1,0,0
202609120049666,1,1,0,0
202609120019667,1,1,0,0
202609120035647,1,1,0,0
202609120043965,1,1,0,0
202609120042735,1,1,0,0
202609120033331,1,1,0,0
202609120041566,1,1,0,0
202609120027871,1,1,0,0
202609120042317,1,1,0,0
202609120042917,1,1,0,0
202609120027152,1,1,0,0
202609120048805,1,1,0,0
202609120049531,1,1,0,0
202609120005202,1,1,0,0
202609120031257,1,1,0,0
202609120036021,1,1,0,0
202609120013881,1,1,0,0
202609120041234,1,1,0,0
202609120045575,1,1,0,0
202609120002516,1,1,0,0
202609120001271,1,1,0,0
202609120038062,1,1,0,0
202609120044778,1,1,0,0
202609120006121,1,1,0,0
202609120048858,1,1,0,0
202609120042994,1,1,0,0
202609120045377,1,1,0,0
202609120036807,1,1,0,0
202609120038607,1,1,0,0
202609120043882,1,1,0,0
202609120041969,1,1,0,0
202609120036777,1,1,0,0
202609120002577,1,1,0,0
202609120037407,1,1,0,0
202609120045689,1,1,0,0
202609120036244,1,1,0,0
202609120049571,1,1,0,0
202609120007758,1,1,0,0
202609120025529,1,1,0,0
202609120045530,1,1,0,0
202609120014645,1,1,0,0
202609120010394,1,1,0,0
202609120046867,1,1,0,0
202609120047912,1,1,0,0
202609120034510,1,1,0,0
202609120037230,1,1,0,0
202609120021092,1,1,0,0
202609120040252,1,1,0,0
202609120043405,1,1,0,0
202609120030660,1,1,0,0
202609120040243,1,1,0,0
202609120028885,1,1,0,0
202609120003758,1,1,0,0
202609120039861,1,1,0,0
202609120038122,1,1,0,0
202609120049234,1,1,0,0
202609120047744,1,1,0,0
202609120017447,1,1,0,0
202609120049685,1,1,0,0
202609120046675,1,1,0,0
202609120048067,1,1,0,0
202609120040852,1,1,0,0
202609120046311,1,1,0,0
202609120048444,1,1,0,0
202609120026091,1,1,0,0
202609120024955,1,1,0,0
202609120024930,1,1,0,0
202609120017393,1,1,0,0
202609120037532,1,1,0,0
202609120017205,1,1,0,0
202609120040232,1,1,0,0
202609120041404,1,1,0,0
202609120017423,1,1,0,0
202609120017121,1,1,0,0
202609120049807,1,1,0,0
202609120044294,1,1,0,0
202609120048198,1,1,0,0
202609120046420,1,1,0,0
202609120034708,1,1,0,0
202609120039562,1,1,0,0
202609120048986,1,1,0,0
202609120021367,1,1,0,0
202609120049636,1,1,0,0
202609120026485,1,1,0,0
202609120006305,1,1,0,0
202609120035671,1,1,0,0
202609120044999,1,1,0,0
202609120017850,1,1,0,0
202609120007066,1,1,0,0
202609120004921,1,1,0,0
202609120039214,1,1,0,0
202609120042929,1,1,0,0
202609120020124,1,1,0,0
202609120047979,1,1,0,0
202609120047466,1,1,0,0
202609120007617,1,1,0,0
202609120030261,1,1,0,0
202609120013130,1,1,0,0
202609120012056,1,1,0,0
202609120048271,1,1,0,0
202609120049813,1,1,0,0
202609120046866,1,1,0,0
202609120000671,1,1,0,0
202609120006265,1,1,0,0
202609120015985,1,1,0,0
202609120045092,1,1,0,0
202609120040237,1,1,0,0
202609120018247,1,1,0,0
202609120033362,1,1,0,0
202609120009253,1,1,0,0
202609120004660,1,1,0,0
202609120042872,1,1,0,0
202609120047765,1,1,0,0
202609120039956,1,1,0,0
202609120032895,1,1,0,0
202609120027933,1,1,0,0
202609120014665,1,1,0,0
202609120021435,1,1,0,0
202609120025823,1,1,0,0
202609120025492,1,1,0,0
202609120044870,1,1,0,0
202609120036222,1,1,0,0
202609120047953,1,1,0,0
202609120048419,1,1,0,0
202609120039426,1,1,0,0
202609120046505,1,1,0,0
202609120024499,1,1,0,0
202609120006764,1,1,0,0
202609120010334,1,1,0,0
202609120041449,1,1,0,0
202609120049447,1,1,0,0
202609120047668,1,1,0,0
202609120038851,1,1,0,0
202609120015894,1,1,0,0
202609120042897,1,1,0,0
202609120024000,1,1,0,0
202609120009155,1,1,0,0
202609120001284,1,1,0,0
202609120031361,1,1,0,0
202609120034829,1,1,0,0
202609120048038,1,1,0,0
202609120039589,1,1,0,0
202609120028880,1,1,0,0
202609120046887,1,1,0,0
202609120003780,1,1,0,0
202609120042429,1,1,0,0
202609120010076,1,1,0,0
202609120004103,1,1,0,0
202609120048581,1,1,0,0
202609120024890,1,1,0,0
202609120006469,1,1,0,0
202609120016914,1,1,0,0
202609120021316,1,1,0,0
202609120022138,1,1,0,0
202609120019723,1,1,0,0
202609120035957,1,1,0,0
202609120047298,1,1,0,0
202609120048004,1,1,0,0
202609120023565,1,1,0,0
202609120048158,1,1,0,0
202609120049779,1,1,0,0
202609120048102,1,1,0,0
202609120026661,1,1,0,0
202609120023918,1,1,0,0
202609120048861,1,1,0,0
202609120032009,1,1,0,0
202609120044026,1,1,0,0
202609120046277,1,1,0,0
202609120049776,1,1,0,0
202609120015783,1,1,0,0
202609120027904,1,1,0,0
202609120036214,1,1,0,0
202609120046754,1,1,0,0
202609120048121,1,1,0,0
202609120030676,1,1,0,0
202609120030815,1,1,0,0
202609120045561,1,1,0,0
202609120048100,1,1,0,0
202609120016692,1,1,0,0
202609120027622,1,1,0,0
202609120019659,1,1,0,0
202609120049450,1,1,0,0
202609120031657,1,1,0,0
202609120009183,1,1,0,0
202609120049152,1,1,0,0
202609120018463,1,1,0,0
202609120035441,1,1,0,0
202609120015999,1,1,0,0
202609120039671,1,1,0,0
202609120046386,1,1,0,0
202609120049105,1,1,0,0
202609120026069,1,1,0,0
202609120036099,1,1,0,0
202609120036225,1,1,0,0
202609120048627,1,1,0,0
202609120046105,1,1,0,0
202609120045091,1,1,0,0
202609120038583,1,1,0,0
202609120047531,1,1,0,0
202609120015964,1,1,0,0
202609120036762,1,1,0,0
202609120003710,1,1,0,0
202609120001872,1,1,0,0
202609120047358,1,1,0,0
202609120047939,1,1,0,0
202609120045213,1,1,0,0
202609120037928,1,1,0,0
202609120039828,1,1,0,0
202609120034701,1,1,0,0
202609120042717,1,1,0,0
202609120038115,1,1,0,0
202609120049824,1,1,0,0
202609120039829,1,1,0,0
202609120036125,1,1,0,0
202609120038547,1,1,0,0
202609120023957,1,1,0,0
202609120043830,1,1,0,0
202609120039608,1,1,0,0
202609120038822,1,1,0,0
202609120026695,1,1,0,0
202609120049812,1,1,0,0
202609120049192,1,1,0,0
202609120031973,1,1,0,0
202609120007245,1,1,0,0
202609120046631,1,1,0,0
202609120049612,1,1,0,0
202609120008144,1,1,0,0
202609120016097,1,1,0,0
202609120043484,1,1,0,0
202609120023623,1,1,0,0
202609120036247,1,1,0,0
202609120042747,1,1,0,0
202609120010428,1,1,0,0
202609120049588,1,1,0,0
202609120034526,1,1,0,0
202609120041509,1,1,0,0
202609120038734,1,1,0,0
202609120031783,1,1,0,0
202609120049312,1,1,0,0
202609120048431,1,1,0,0
202609120030588,1,1,0,0
202609120042861,1,1,0,0
202609120012735,1,1,0,0
202609120032010,1,1,0,0
202609120044311,1,1,0,0
202609120025251,1,1,0,0
202609120044716,1,1,0,0
202609120000305,1,1,0,0
202609120010952,1,1,0,0
202609120025080,1,1,0,0
202609120046030,1,1,0,0
202609120030355,1,1,0,0
202609120002436,1,1,0,0
202609120034413,1,1,0,0
202609120027416,1,1,0,0
202609120049359,1,1,0,0
202609120048203,1,1,0,0
202609120034595,1,1,0,0
202609120044117,1,1,0,0
202609120034607,1,1,0,0
202609120012070,1,1,0,0
202609120043982,1,1,0,0
202609120000495,1,1,0,0
202609120009201,1,1,0,0
202609120046926,1,1,0,0
202609120042871,1,1,0,0
202609120045052,1,1,0,0
202609120020018,1,1,0,0
202609120004135,1,1,0,0
202609120034395,1,1,0,0
202609120037020,1,1,0,0
202609120021385,1,1,0,0
202609120038537,1,1,0,0
202609120049558,1,1,0,0
202609120033371,1,1,0,0
202609120021586,1,1,0,0
202609120031377,1,1,0,0
202609120043679,1,1,0,0
202609120049845,1,1,0,0
202609120040201,1,1,0,0
202609120041193,1,1,0,0
202609120044565,1,1,0,0
202609120028858,1,1,0,0
202609120048720,1,1,0,0
202609120026615,1,1,0,0
202609120046258,1,1,0,0
202609120031835,1,1,0,0
202609120045378,1,1,0,0
202609120026498,1,1,0,0
202609120026088,1,1,0,0
202609120041210,1,1,0,0
202609120029152,1,1,0,0
202609120045858,1,1,0,0
202609120027903,1,1,0,0
202609120042734,1,1,0,0
202609120049452,1,1,0,0
202609120048432,1,1,0,0
202609120042689,1,1,0,0
202609120028697,1,1,0,0
202609120022603,1,1,0,0
202609120007201,1,1,0,0
202609120004615,1,1,0,0
202609120013360,1,1,0,0
202609120008823,1,1,0,0
202609120044124,1,1,0,0
202609120049511,1,1,0,0
202609120039893,1,1,0,0
202609120031997,1,1,0,0
202609120045979,1,1,0,0
202609120001954,1,1,0,0
202609120016814,1,1,0,0
202609120047627,1,1,0,0
202609120033145,1,1,0,0
202609120015916,1,1,0,0
202609120038854,1,1,0,0
202609120003406,1,1,0,0
202609120038296,1,1,0,0
202609120049705,1,1,0,0
202609120003856,1,1,0,0
202609120046589,1,1,0,0
202609120032727,1,1,0,0
202609120049229,1,1,0,0
202609120042460,1,1,0,0
202609120027812,1,1,0,0
202609120023999,1,1,0,0
202609120042294,1,1,0,0
202609120004710,1,1,0,0
202609120023045,1,1,0,0
202609120003334,1,1,0,0
202609120045019,1,1,0,0
202609120018734,1,1,0,0
202609120032776,1,1,0,0
202609120045352,1,1,0,0
202609120048822,1,1,0,0
202609120031788,1,1,0,0
202609120045249,1,1,0,0
202609120044038,1,1,0,0
202609120024503,1,1,0,0
202609120013341,1,1,0,0
202609120035865,1,1,0,0
202609120049241,1,1,0,0
202609120018635,1,1,0,0
202609120037487,1,1,0,0
202609120048816,1,1,0,0
202609120049727,1,1,0,0
202609120021705,1,1,0,0
202609120015897,1,1,0,0
202609120031952,1,1,0,0
202609120003905,1,1,0,0
202609120020871,1,1,0,0
202609120042610,1,1,0,0
202609120041115,1,1,0,0
202609120034678,1,1,0,0
202609120011926,1,1,0,0
202609120048171,1,1,0,0
202609120048311,1,1,0,0
202609120039371,1,1,0,0
202609120040165,1,1,0,0
202609120049510,1,1,0,0
202609120025141,1,1,0,0
202609120047208,1,1,0,0
202609120047065,1,1,0,0
202609120029140,1,1,0,0
202609120038675,1,1,0,0
202609120028056,1,1,0,0
202609120044274,1,1,0,0
202609120016660,1,1,0,0
202609120031872,1,1,0,0
202609120049745,1,1,0,0
202609120042269,1,1,0,0
202609120035767,1,1,0,0
202609120040813,1,1,0,0
202609120040301,1,1,0,0
202609120049257,1,1,0,0
202609120024741,1,1,0,0
202609120043593,1,1,0,0
202609120038519,1,1,0,0
202609120038551,1,1,0,0
202609120042736,1,1,0,0
202609120040873,1,1,0,0
202609120041176,1,1,0,0
202609120046584,1,1,0,0
202609120014042,1,1,0,0
202609120041476,1,1,0,0
202609120038591,1,1,0,0
202609120045638,1,1,0,0
202609120047797,1,1,0,0
202609120023532,1,1,0,0
202609120005543,1,1,0,0
202609120048611,1,1,0,0
202609120034794,1,1,0,0
202609120035549,1,1,0,0
202609120049532,1,1,0,0
202609120002698,1,1,0,0
202609120043163,1,1,0,0
202609120006482,1,1,0,0
202609120047835,1,1,0,0
202609120047699,1,1,0,0
202609120038769,1,1,0,0
202609120045755,1,1,0,0
202609120039246,1,1,0,0
202609120039898,1,1,0,0
202609120036989,1,1,0,0
202609120041556,1,1,0,0
202609120047688,1,1,0,0
202609120046958,1,1,0,0
202609120049316,1,1,0,0
202609120049818,1,1,0,0
202609120012986,1,1,0,0
202609120048933,1,1,0,0
202609120043743,1,1,0,0
202609120048452,1,1,0,0
202609120024118,1,1,0,0
202609120018566,1,1,0,0
202609120025431,1,1,0,0
202609120035899,1,1,0,0
202609120030337,1,1,0,0
202609120043247,1,1,0,0
202609120049492,1,1,0,0
202609120048366,1,1,0,0
202609120045619,1,1,0,0
202609120045051,1,1,0,0
202609120043633,1,1,0,0
202609120046848,1,1,0,0
202609120036130,1,1,0,0
202609120034707,1,1,0,0
202609120036058,1,1,0,0
202609120035958,1,1,0,0
202609120044255,1,1,0,0
202609120022095,1,1,0,0
202609120009652,1,1,0,0
202609120047782,1,1,0,0
202609120048256,1,1,0,0
202609120031745,1,1,0,0
202609120006192,1,1,0,0
202609120033372,1,1,0,0
202609120032607,1,1,0,0
202609120049018,1,1,0,0
202609120045936,1,1,0,0
202609120046599,1,1,0,0
202609120032891,1,1,0,0
202609120024045,1,1,0,0
202609120005438,1,1,0,0
202609120045520,1,1,0,0
202609120048404,1,1,0,0
202609120013374,1,1,0,0
202609120015755,1,1,0,0
202609120036254,1,1,0,0
202609120019979,1,1,0,0
202609120047431,1,1,0,0
202609120042572,1,1,0,0
202609120009335,1,1,0,0
202609120022797,1,1,0,0
202609120045589,1,1,0,0
202609120044260,1,1,0,0
202609120022362,1,1,0,0
202609120049064,1,1,0,0
202609120014156,1,1,0,0
202609120046965,1,1,0,0
202609120046770,1,1,0,0
202609120046636,1,1,0,0
202609120044275,1,1,0,0
202609120000876,1,1,0,0
202609120037109,1,1,0,0
202609120035511,1,1,0,0
202609120048211,1,1,0,0
202609120035694,1,1,0,0
202609120046806,1,1,0,0
202609120016618,1,1,0,0
202609120045436,1,1,0,0
202609120048321,1,1,0,0
202609120025126,1,1,0,0
202609120046738,1,1,0,0
202609120046075,1,1,0,0
202609120048250,1,1,0,0
202609120040702,1,1,0,0
202609120049256,1,1,0,0
202609120022555,1,1,0,0
202609120046431,1,1,0,0
202609120039965,1,1,0,0
202609120003069,1,1,0,0
202609120042523,1,1,0,0
202609120029526,1,1,0,0
202609120045516,1,1,0,0
202609120045624,1,1,0,0
202609120042507,1,1,0,0
202609120041114,1,1,0,0
202609120032063,1,1,0,0
202609120040722,1,1,0,0
202609120016872,1,1,0,0
202609120020712,1,1,0,0
202609120043998,1,1,0,0
202609120006678,1,1,0,0
202609120043800,1,1,0,0
202609120035969,1,1,0,0
202609120047836,1,1,0,0
202609120002286,1,1,0,0
202609120040473,1,1,0,0
202609120031755,1,1,0,0
202609120046847,1,1,0,0
202609120033316,1,1,0,0
202609120030081,1,1,0,0
202609120028112,1,1,0,0
202609120048410,1,1,0,0
202609120017997,1,1,0,0
202609120048027,1,1,0,0
202609120047468,1,1,0,0
202609120030731,1,1,0,0
202609120048921,1,1,0,0
202609120046901,1,1,0,0
202609120029367,1,1,0,0
202609120005476,1,1,0,0
202609120006616,1,1,0,0
202609120046407,1,1,0,0
202609120028126,1,1,0,0
202609120020416,1,1,0,0
202609120036183,1,1,0,0
202609120048162,1,1,0,0
202609120029516,1,1,0,0
202609120011309,1,1,0,0
202609120043452,1,1,0,0
202609120049672,1,1,0,0
202609120048906,1,1,0,0
202609120044864,1,1,0,0
202609120049639,1,1,0,0
202609120032593,1,1,0,0
202609120020507,1,1,0,0
202609120034170,1,1,0,0
202609120043853,1,1,0,0
202609120030179,1,1,0,0
202609120019344,1,1,0,0
202609120038194,1,1,0,0
202609120048846,1,1,0,0
202609120044186,1,1,0,0
202609120010976,1,1,0,0
202609120041590,1,1,0,0
202609120026329,1,1,0,0
202609120044018,1,1,0,0
202609120041370,1,1,0,0
202609120040145,1,1,0,0
202609120002722,1,1,0,0
202609120037159,1,1,0,0
202609120049565,1,1,0,0
202609120048261,1,1,0,0
202609120013092,1,1,0,0
202609120041413,1,1,0,0
202609120045443,1,1,0,0
202609120028656,1,1,0,0
202609120029650,1,1,0,0
202609120022260,1,1,0,0
202609120017839,1,1,0,0
202609120032856,1,1,0,0
202609120042880,1,1,0,0
202609120034644,1,1,0,0
202609120002740,1,1,0,0
202609120034798,1,1,0,0
202609120032906,1,1,0,0
202609120040825,1,1,0,0
202609120036200,1,1,0,0
202609120022238,1,1,0,0
202609120044963,1,1,0,0
202609120030608,1,1,0,0
202609120040050,1,1,0,0
202609120049346,1,1,0,0
202609120012480,1,1,0,0
202609120046649,1,1,0,0
202609120026732,1,1,0,0
202609120047992,1,1,0,0
202609120033344,1,1,0,0
202609120018624,1,1,0,0
202609120035366,1,1,0,0
202609120045230,1,1,0,0
202609120048862,1,1,0,0
202609120019255,1,1,0,0
202609120015546,1,1,0,0
202609120039409,1,1,0,0
202609120030046,1,1,0,0
202609120047601,1,1,0,0
202609120031372,1,1,0,0
202609120016131,1,1,0,0
202609120046149,1,1,0,0
202609120013334,1,1,0,0
202609120044806,1,1,0,0
202609120013160,1,1,0,0
202609120047903,1,1,0,0
202609120001125,1,1,0,0
202609120038571,1,1,0,0
202609120044923,1,1,0,0
202609120034354,1,1,0,0
202609120039872,1,1,0,0
202609120047768,1,1,0,0
202609120038439,1,1,0,0
202609120047928,1,1,0,0
202609120033363,1,1,0,0
202609120019880,1,1,0,0
202609120000697,1,1,0,0
202609120047983,1,1,0,0
202609120034639,1,1,0,0
202609120044732,1,1,0,0
202609120049020,1,1,0,0
202609120049236,1,1,0,0
202609120047285,1,1,0,0
202609120049539,1,1,0,0
202609120047550,1,1,0,0
202609120045539,1,1,0,0
202609120049265,1,1,0,0
202609120031674,1,1,0,0
202609120047055,1,1,0,0
202609120019915,1,1,0,0
202609120009887,1,1,0,0
202609120042249,1,1,0,0
202609120049847,1,1,0,0
202609120037351,1,1,0,0
202609120048175,1,1,0,0
202609120047698,1,1,0,0
202609120020656,1,1,0,0
202609120005973,1,1,0,0
202609120024130,1,1,0,0
202609120009380,1,1,0,0
202609120012069,1,1,0,0
202609120044948,1,1,0,0
202609120049543,1,1,0,0
202609120041239,1,1,0,0
202609120038643,1,1,0,0
202609120042274,1,1,0,0
202609120046784,1,1,0,0
202609120035356,1,1,0,0
202609120034834,1,1,0,0
202609120047535,1,1,0,0
202609120033144,1,1,0,0
202609120011763,1,1,0,0
202609120001231,1,1,0,0
202609120006659,1,1,0,0
202609120049566,1,1,0,0
202609120042746,1,1,0,0
202609120042039,1,1,0,0
202609120046689,1,1,0,0
202609120035731,1,1,0,0
202609120046609,1,1,0,0
202609120041508,1,1,0,0
202609120031902,1,1,0,0
202609120046411,1,1,0,0
202609120027780,1,1,0,0
202609120006782,1,1,0,0
202609120009702,1,1,0,0
202609120021223,1,1,0,0
202609120002596,1,1,0,0
202609120046653,1,1,0,0
202609120033756,1,1,0,0
202609120044886,1,1,0,0
202609120026823,1,1,0,0
202609120041800,1,1,0,0
202609120028621,1,1,0,0
202609120045430,1,1,0,0
202609120028398,1,1,0,0
202609120025070,1,1,0,0
202609120041340,1,1,0,0
202609120036927,1,1,0,0
202609120009791,1,1,0,0
202609120044188,1,1,0,0
202609120023684,1,1,0,0
202609120046693,1,1,0,0
202609120026364,1,1,0,0
202609120048725,1,1,0,0
202609120048584,1,1,0,0
202609120003412,1,1,0,0
202609120026842,1,1,0,0
202609120047503,1,1,0,0
202609120028740,1,1,0,0
202609120047804,1,1,0,0
202609120003647,1,1,0,0
202609120023220,1,1,0,0
202609120035525,1,1,0,0
202609120016407,1,1,0,0
202609120007967,1,1,0,0
202609120028819,1,1,0,0
202609120034396,1,1,0,0
202609120041858,1,1,0,0
202609120016825,1,1,0,0
202609120044173,1,1,0,0
202609120039809,1,1,0,0
202609120045272,1,1,0,0
202609120021162,1,1,0,0
202609120043453,1,1,0,0
202609120044199,1,1,0,0
202609120047449,1,1,0,0
202609120037837,1,1,0,0
202609120020007,1,1,0,0
202609120046964,1,1,0,0
202609120019492,1,1,0,0
202609120043972,1,1,0,0
202609120022164,1,1,0,0
202609120004448,1,1,0,0
202609120028132,1,1,0,0
202609120040120,1,1,0,0
202609120034600,1,1,0,0
202609120011294,1,1,0,0
202609120046878,1,1,0,0
202609120034560,1,1,0,0
202609120030667,1,1,0,0
202609120041585,1,1,0,0
202609120044203,1,1,0,0
202609120017895,1,1,0,0
202609120022438,1,1,0,0
202609120047954,1,1,0,0
202609120017554,1,1,0,0
202609120024226,1,1,0,0
202609120016510,1,1,0,0
202609120012811,1,1,0,0
202609120049740,1,1,0,0
202609120020804,1,1,0,0
202609120041747,1,1,0,0
202609120017635,1,1,0,0
202609120029684,1,1,0,0
202609120043062,1,1,0,0
202609120010609,1,1,0,0
202609120011447,1,1,0,0
202609120021998,1,1,0,0
202609120032187,1,1,0,0
202609120037592,1,1,0,0
202609120001246,1,1,0,0
202609120013232,1,1,0,0
202609120042763,1,1,0,0
202609120025090,1,1,0,0
202609120041192,1,1,0,0
202609120009856,1,1,0,0
202609120032682,1,1,0,0
202609120018686,1,1,0,0
202609120035245,1,1,0,0
202609120036806,1,1,0,0
202609120005392,1,1,0,0
202609120049214,1,1,0,0
202609120037994,1,1,0,0
202609120011266,1,1,0,0
202609120035147,1,1,0,0
202609120041669,1,1,0,0
202609120042318,1,1,0,0
202609120034583,1,1,0,0
202609120013445,1,1,0,0
202609120021967,1,1,0,0
202609120014278,1,1,0,0
202609120031589,1,1,0,0
202609120040231,1,1,0,0
202609120022785,1,1,0,0
202609120045983,1,1,0,0
202609120041964,1,1,0,0
202609120007652,1,1,0,0
202609120042531,1,1,0,0
202609120039838,1,1,0,0
202609120022016,1,1,0,0
202609120035735,1,1,0,0
202609120047047,1,1,0,0
202609120041019,1,1,0,0
202609120006027,1,1,0,0
202609120044787,1,1,0,0
202609120005460,1,1,0,0
202609120021969,1,1,0,0
202609120047822,1,1,0,0
202609120012041,1,1,0,0
202609120017288,1,1,0,0
202609120020038,1,1,0,0
202609120031666,1,1,0,0
202609120030168,1,1,0,0
202609120034659,1,1,0,0
202609120007474,1,1,0,0
202609120048914,1,1,0,0
202609120000852,1,1,0,0
202609120040724,1,1,0,0
202609120041529,1,1,0,0
202609120041308,1,1,0,0
202609120030065,1,1,0,0
202609120035753,1,1,0,0
202609120041729,1,1,0,0
202609120036445,1,1,0,0
202609120042697,1,1,0,0
202609120036092,1,1,0,0
202609120045084,1,1,0,0
202609120036079,1,1,0,0
202609120047214,1,1,0,0
202609120030690,1,1,0,0
202609120046552,1,1,0,0
202609120031608,1,1,0,0
202609120030444,1,1,0,0
202609120041247,1,1,0,0
202609120003639,1,1,0,0
202609120046717,1,1,0,0
202609120009239,1,1,0,0
202609120029689,1,1,0,0
202609120023859,1,1,0,0
202609120049725,1,1,0,0
202609120029104,1,1,0,0
202609120003690,1,1,0,0
202609120009235,1,1,0,0
202609120049368,1,1,0,0
202609120010463,1,1,0,0
202609120048734,1,1,0,0
202609120036044,1,1,0,0
202609120016361,1,1,0,0
202609120048017,1,1,0,0
202609120037652,1,1,0,0
202609120035588,1,1,0,0
202609120021261,1,1,0,0
202609120042675,1,1,0,0
202609120048758,1,1,0,0
202609120046399,1,1,0,0
202609120046039,1,1,0,0
202609120033135,1,1,0,0
202609120043820,1,1,0,0
202609120024747,1,1,0,0
202609120031857,1,1,0,0
202609120046635,1,1,0,0
202609120006197,1,1,0,0
202609120004790,1,1,0,0
202609120012001,1,1,0,0
202609120015496,1,1,0,0
202609120011824,1,1,0,0
202609120027617,1,1,0,0
202609120017991,1,1,0,0
202609120036103,1,1,0,0
202609120040205,1,1,0,0
202609120047278,1,1,0,0
202609120014643,1,1,0,0
202609120012075,1,1,0,0
202609120017206,1,1,0,0
202609120036119,1,1,0,0
202609120017227,1,1,0,0
202609120048561,1,1,0,0
202609120004842,1,1,0,0
202609120044333,1,1,0,0
202609120009283,1,1,0,0
202609120026467,1,1,0,0
202609120017037,1,1,0,0
202609120044625,1,1,0,0
202609120040003,1,1,0,0
202609120039595,1,1,0,0
202609120046988,1,1,0,0
202609120000381,1,1,0,0
202609120028713,1,1,0,0
202609120033954,1,1,0,0
202609120022280,1,1,0,0
202609120004805,1,1,0,0
202609120037489,1,1,0,0
202609120031603,1,1,0,0
202609120001595,1,1,0,0
202609120046237,1,1,0,0
202609120045127,1,1,0,0
202609120042999,1,1,0,0
202609120011241,1,1,0,0
202609120011176,1,1,0,0
202609120000763,1,1,0,0
202609120043872,1,1,0,0
202609120041524,1,1,0,0
202609120019537,1,1,0,0
202609120022773,1,1,0,0
202609120006787,1,1,0,0
202609120049741,1,1,0,0
202609120048197,1,1,0,0
202609120007272,1,1,0,0
202609120047577,1,1,0,0
202609120034742,1,1,0,0
202609120043207,1,1,0,0
202609120034513,1,1,0,0
202609120045583,1,1,0,0
202609120049841,1,1,0,0
202609120000959,1,1,0,0
202609120017253,1,1,0,0
202609120032061,1,1,0,0
202609120027370,1,1,0,0
202609120026927,1,1,0,0
202609120049422,1,1,0,0
202609120010894,1,1,0,0
202609120037172,1,1,0,0
202609120040704,1,1,0,0
202609120045525,1,1,0,0
202609120048465,1,1,0,0
202609120005376,1,1,0,0
202609120018009,1,1,0,0
202609120034542,1,1,0,0
202609120004166,1,1,0,0
202609120049560,1,1,0,0
202609120049611,1,1,0,0
202609120046775,1,1,0,0
202609120044804,1,1,0,0
202609120042780,1,1,0,0
202609120023927,1,1,0,0
202609120048101,1,1,0,0
202609120045968,1,1,0,0
202609120014012,1,1,0,0
202609120035241,1,1,0,0
202609120049784,1,1,0,0
202609120022263,1,1,0,0
202609120044334,1,1,0,0
202609120029330,1,1,0,0
202609120007745,1,1,0,0
202609120043929,1,1,0,0
202609120049360,1,1,0,0
202609120047730,1,1,0,0
202609120043071,1,1,0,0
202609120016405,1,1,0,0
202609120014929,1,1,0,0
202609120022711,1,1,0,0
202609120009998,1,1,0,0
202609120046363,1,1,0,0
202609120049421,1,1,0,0
202609120011894,1,1,0,0
202609120039225,1,1,0,0
202609120028312,1,1,0,0
202609120034602,1,1,0,0
202609120007771,1,1,0,0
202609120000535,1,1,0,0
202609120037120,1,1,0,0
202609120012937,1,1,0,0
202609120037261,1,1,0,0
202609120008913,1,1,0,0
202609120006496,1,1,0,0
202609120049451,1,1,0,0
202609120036952,1,1,0,0
202609120028962,1,1,0,0
202609120049764,1,1,0,0
202609120043890,1,1,0,0
202609120027185,1,1,0,0
202609120047971,1,1,0,0
202609120017752,1,1,0,0
202609120034317,1,1,0,0
202609120013257,1,1,0,0
202609120041362,3,0,3,0
202609120036882,3,0,2,1
202609120024396,3,0,2,1
202609120033834,3,0,2,1
202609120008554,3,0,2,1
202609120032005,3,0,2,1
202609120016429,2,0,2,0
202609120042488,2,0,2,0
202609120001763,2,0,2,0
202609120003739,2,0,2,0
202609120001425,2,0,2,0
202609120033412,2,0,2,0
202609120011566,2,0,2,0
202609120032595,2,0,2,0
202609120041365,2,0,2,0
202609120017799,2,0,2,0
202609120029763,2,0,2,0
202609120023700,2,0,2,0
202609120038160,2,0,2,0
202609120009925,2,0,2,0
202609120035858,2,0,2,0
202609120034340,2,0,2,0
202609120030367,2,0,2,0
202609120008968,2,0,2,0
202609120049670,2,0,2,0
202609120027303,2,0,2,0
202609120037662,2,0,2,0
202609120022052,2,0,2,0
202609120035629,2,0,2,0
202609120044571,2,0,2,0
202609120048312,2,0,2,0
202609120016327,2,0,2,0
202609120003496,2,0,2,0
202609120006498,2,0,2,0
202609120035667,2,0,2,0
202609120020470,2,0,2,0
202609120007259,2,0,2,0
202609120015886,2,0,2,0
202609120003849,2,0,2,0
202609120033657,2,0,2,0
202609120014319,2,0,2,0
202609120034029,2,0,2,0
202609120011122,2,0,2,0
202609120023261,2,0,2,0
202609120027613,2,0,2,0
202609120047520,2,0,2,0
202609120002511,2,0,2,0
202609120034370,2,0,2,0
202609120018080,2,0,2,0
202609120014300,2,0,2,0
202609120011291,2,0,2,0
202609120023168,2,0,2,0
202609120045466,2,0,2,0
202609120006441,2,0,2,0
202609120040047,2,0,2,0
202609120021725,2,0,2,0
202609120038064,2,0,2,0
202609120001340,2,0,2,0
202609120002823,2,0,2,0
202609120001287,2,0,2,0
202609120032474,2,0,2,0
202609120014447,2,0,2,0
202609120017970,2,0,2,0
202609120011844,2,0,2,0
202609120043258,2,0,2,0
202609120029630,2,0,2,0
202609120005400,2,0,2,0
202609120000884,2,0,2,0
202609120023521,2,0,2,0
202609120000634,2,0,2,0
202609120018405,2,0,2,0
202609120044938,2,0,2,0
202609120028042,2,0,2,0
202609120031385,2,0,2,0
202609120040818,2,0,2,0
202609120009659,2,0,2,0
202609120007929,2,0,2,0
202609120045137,2,0,2,0
202609120032995,2,0,2,0
202609120038222,2,0,2,0
202609120019129,2,0,2,0
202609120034972,2,0,2,0
202609120020820,2,0,2,0
202609120002838,2,0,2,0
202609120006195,2,0,2,0
202609120013102,2,0,2,0
202609120019150,2,0,2,0
202609120015706,2,0,2,0
202609120031481,2,0,2,0
202609120035083,2,0,2,0
202609120047263,2,0,2,0
202609120045030,2,0,2,0
202609120021153,2,0,2,0
202609120044377,2,0,2,0
202609120027437,2,0,2,0
202609120045166,2,0,2,0
202609120010360,2,0,2,0
202609120015767,2,0,2,0
202609120047384,2,0,2,0
202609120033761,2,0,2,0
202609120003491,2,0,2,0
202609120013421,2,0,2,0
202609120007764,2,0,2,0
202609120020245,2,0,2,0
202609120037114,2,0,2,0
202609120024758,2,0,2,0
202609120043561,2,0,2,0
202609120028521,2,0,2,0
202609120031586,2,0,2,0
202609120029705,2,0,2,0
202609120010805,2,0,2,0
202609120023862,2,0,2,0
202609120041232,2,0,2,0
202609120044623,2,0,2,0
202609120016713,2,0,2,0
202609120022726,2,0,2,0
202609120008307,2,0,2,0
202609120020224,2,0,2,0
202609120030861,2,0,2,0
202609120049227,2,0,2,0
202609120045781,2,0,2,0
202609120035141,2,0,2,0
202609120019534,2,0,2,0
202609120013486,2,0,2,0
202609120003745,2,0,2,0
202609120001016,2,0,2,0
202609120026930,2,0,2,0
202609120030804,2,0,2,0
202609120039016,2,0,2,0
202609120031247,2,0,2,0
202609120009044,2,0,2,0
202609120043504,2,0,2,0
202609120023042,2,0,2,0
202609120015415,2,0,2,0
202609120048521,2,0,2,0
202609120040682,2,0,2,0
202609120007410,2,0,2,0
202609120049782,2,0,2,0
202609120016383,2,0,2,0
202609120044671,2,0,2,0
202609120025155,2,0,2,0
202609120032974,2,0,2,0
202609120027753,2,0,2,0
202609120044118,2,0,2,0
202609120018966,2,0,2,0
202609120034409,2,0,2,0
202609120045935,2,0,2,0
202609120038209,2,0,2,0
202609120009344,2,0,2,0
202609120036394,2,0,2,0
202609120048994,2,0,2,0
202609120017998,2,0,2,0
202609120011588,2,0,2,0
202609120003127,2,0,2,0
202609120009548,2,0,2,0
202609120031548,2,0,2,0
202609120033762,2,0,2,0
202609120025208,2,0,2,0
202609120016304,2,0,2,0
202609120016101,2,0,2,0
202609120044903,2,0,2,0
202609120013923,2,0,2,0
202609120025758,2,0,2,0
202609120037033,2,0,2,0
202609120030685,2,0,2,0
202609120018894,2,0,2,0
202609120030930,2,0,2,0
202609120038394,2,0,2,0
202609120014816,2,0,2,0
202609120002909,2,0,2,0
202609120003180,2,0,2,0
202609120034553,2,0,2,0
202609120005375,2,0,2,0
202609120007308,2,0,2,0
202609120036632,2,0,2,0
202609120044909,2,0,2,0
202609120026388,2,0,2,0
202609120045774,2,0,2,0
202609120034879,2,0,2,0
202609120029567,2,0,2,0
202609120002658,2,0,2,0
202609120031936,2,0,2,0
202609120008790,2,0,2,0
202609120012771,2,0,2,0
202609120042405,2,0,2,0
202609120007510,2,0,2,0
202609120045111,2,0,2,0
202609120004523,2,0,2,0
202609120043817,2,0,2,0
202609120006686,2,0,2,0
202609120029027,2,0,2,0
202609120005063,2,0,2,0
202609120044462,2,0,2,0
202609120049069,2,0,2,0
202609120001809,2,0,2,0
202609120026918,2,0,2,0
202609120048801,2,0,2,0
202609120042829,2,0,2,0
202609120017827,2,0,2,0
202609120026258,2,0,2,0
202609120040137,2,0,2,0
202609120019480,2,0,2,0
202609120017705,2,0,2,0
202609120029450,2,0,2,0
202609120004481,2,0,2,0
202609120011288,2,0,2,0
202609120003276,2,0,2,0
202609120044194,2,0,2,0
202609120006222,2,0,2,0
202609120036908,2,0,2,0
202609120003451,2,0,2,0
202609120016349,2,0,2,0
202609120010025,2,0,2,0
202609120043251,2,0,2,0
202609120002848,2,0,2,0
202609120023545,2,0,2,0
202609120030541,2,0,2,0
202609120033084,2,0,2,0
202609120048107,2,0,2,0
202609120035761,2,0,2,0
202609120039729,2,0,2,0
202609120012473,2,0,2,0
202609120039300,2,0,2,0
202609120029205,2,0,2,0
202609120022252,2,0,2,0
202609120014286,2,0,2,0
202609120008887,2,0,2,0
202609120039129,2,0,2,0
202609120004580,2,0,2,0
202609120001485,2,0,2,0
202609120031294,2,0,2,0
202609120035963,2,0,2,0
202609120028206,2,0,2,0
202609120039155,2,0,2,0
202609120032384,2,0,2,0
202609120002629,2,0,2,0
202609120001370,2,0,2,0
202609120041325,2,0,2,0
202609120035119,2,0,2,0
202609120013453,2,0,2,0
202609120030452,2,0,2,0
202609120010611,2,0,2,0
202609120020595,2,0,2,0
202609120003948,2,0,2,0
202609120018938,2,0,2,0
202609120027260,2,0,2,0
202609120008525,2,0,2,0
202609120019648,2,0,2,0
202609120046084,2,0,2,0
202609120029659,2,0,2,0
202609120024159,2,0,2,0
202609120018653,2,0,2,0
202609120023553,2,0,2,0
202609120042888,2,0,2,0
202609120043020,2,0,2,0
202609120006646,2,0,2,0
202609120026039,2,0,2,0
202609120042224,2,0,2,0
202609120011731,2,0,2,0
202609120025601,2,0,2,0
202609120015281,2,0,2,0
202609120002962,2,0,2,0
202609120041297,2,0,2,0
202609120018327,2,0,2,0
202609120036774,2,0,2,0
202609120033029,2,0,2,0
202609120041151,2,0,2,0
202609120022161,2,0,2,0
202609120041013,2,0,2,0
202609120015614,2,0,2,0
202609120001156,2,0,2,0
202609120018088,2,0,2,0
202609120041101,2,0,2,0
202609120011871,2,0,2,0
202609120001353,2,0,2,0
202609120033415,2,0,2,0
202609120046679,2,0,2,0
202609120026292,2,0,2,0
202609120034225,2,0,2,0
202609120040657,2,0,2,0
202609120015216,2,0,2,0
202609120013623,2,0,2,0
202609120033551,2,0,2,0
202609120041908,2,0,2,0
202609120000923,2,0,2,0
202609120011552,2,0,2,0
202609120010738,2,0,2,0
202609120037421,2,0,2,0
202609120037179,2,0,2,0
202609120033502,2,0,2,0
202609120044853,2,0,2,0
202609120032900,2,0,2,0
202609120031155,2,0,2,0
202609120040088,2,0,2,0
202609120005569,2,0,2,0
202609120011355,2,0,2,0
202609120049668,2,0,2,0
202609120025575,2,0,2,0
202609120037101,2,0,2,0
202609120017257,2,0,2,0
202609120046060,2,0,2,0
202609120047470,2,0,2,0
202609120016579,2,0,2,0
202609120046749,2,0,2,0
202609120045787,2,0,2,0
202609120000744,2,0,2,0
202609120019327,2,0,2,0
202609120042037,2,0,2,0
202609120006667,2,0,2,0
202609120027575,2,0,2,0
202609120018989,2,0,2,0
202609120039264,2,0,2,0
202609120009409,2,0,2,0
202609120044098,2,0,2,0
202609120026638,3,0,1,2
202609120012826,3,0,1,2
202609120025224,2,0,1,1
202609120038717,2,0,1,1
202609120041107,2,0,1,1
202609120047948,2,0,1,1
202609120008383,2,0,1,1
202609120022635,2,0,1,1
202609120014241,2,0,1,1
202609120026639,2,0,1,1
202609120043672,2,0,1,1
202609120004740,2,0,1,1
202609120019334,2,0,1,1
202609120004656,2,0,1,1
202609120005143,2,0,1,1
202609120015314,2,0,1,1
202609120012149,2,0,1,1
202609120018697,2,0,1,1
202609120041341,2,0,1,1
202609120044642,2,0,1,1
202609120037733,2,0,1,1
202609120032069,2,0,1,1
202609120045506,2,0,1,1
202609120014401,2,0,1,1
202609120006508,2,0,1,1
202609120024725,2,0,1,1
202609120024215,2,0,1,1
202609120024294,2,0,1,1
202609120008971,2,0,1,1
202609120027279,2,0,1,1
202609120009942,2,0,1,1
202609120000268,2,0,1,1
202609120002843,2,0,1,1
202609120025768,2,0,1,1
202609120034863,2,0,1,1
202609120034463,2,0,1,1
202609120016895,2,0,1,1
202609120017480,2,0,1,1
202609120023928,2,0,1,1
202609120046724,2,0,1,1
202609120032777,2,0,1,1
202609120027039,2,0,1,1
202609120017949,2,0,1,1
202609120007323,2,0,1,1
202609120042129,2,0,1,1
202609120011701,2,0,1,1
202609120018993,2,0,1,1
202609120033191,2,0,1,1
202609120042532,2,0,1,1
202609120023055,2,0,1,1
202609120003704,2,0,1,1
202609120006564,2,0,1,1
202609120019908,2,0,1,1
202609120012392,2,0,1,1
202609120040611,2,0,1,1
202609120046612,2,0,1,1
202609120023434,2,0,1,1
202609120031917,2,0,1,1
202609120014788,2,0,1,1
202609120017277,2,0,1,1
202609120001133,2,0,1,1
202609120016839,2,0,1,1
202609120043448,2,0,1,1
202609120045296,2,0,1,1
202609120045032,2,0,1,1
202609120019791,2,0,1,1
202609120035596,2,0,1,1
202609120018622,2,0,1,1
202609120024522,2,0,1,1
202609120000010,2,0,1,1
202609120009023,2,0,1,1
202609120022855,2,0,1,1
202609120020917,2,0,1,1
202609120001598,2,0,1,1
202609120037544,2,0,1,1
202609120016358,2,0,1,1
202609120022973,2,0,1,1
202609120008100,2,0,1,1
202609120028038,2,0,1,1
202609120024862,2,0,1,1
202609120002298,2,0,1,1
202609120028183,2,0,1,1
202609120033926,2,0,1,1
202609120012558,2,0,1,1
202609120015926,2,0,1,1
202609120007536,2,0,1,1
202609120021930,2,0,1,1
202609120044801,2,0,1,1
202609120025516,2,0,1,1
202609120040258,2,0,1,1
202609120013940,2,0,1,1
202609120029677,2,0,1,1
202609120001609,2,0,1,1
202609120004000,2,0,1,1
202609120012463,2,0,1,1
202609120045677,2,0,1,1
202609120043219,2,0,1,1
202609120012003,2,0,1,1
202609120016080,2,0,1,1
202609120009071,2,0,1,1
202609120047596,2,0,1,1
202609120009109,2,0,1,1
202609120008278,2,0,1,1
202609120031601,2,0,1,1
202609120018738,2,0,1,1
202609120035333,2,0,1,1
202609120025914,2,0,1,1
202609120047410,2,0,1,1
202609120039122,2,0,1,1
202609120032473,2,0,1,1
202609120004087,2,0,1,1
202609120030518,2,0,1,1
202609120012108,2,0,1,1
202609120043953,2,0,1,1
202609120023544,2,0,1,1
202609120002571,2,0,1,1
202609120001645,2,0,1,1
202609120024307,2,0,1,1
202609120048838,2,0,1,1
202609120019963,2,0,1,1
202609120035864,2,0,1,1
202609120040738,2,0,1,1
202609120026553,2,0,1,1
202609120024210,2,0,1,1
202609120017403,2,0,1,1
202609120045726,2,0,1,1
202609120026007,2,0,1,1
202609120003022,2,0,1,1
202609120015891,2,0,1,1
202609120031522,2,0,1,1
202609120022561,2,0,1,1
202609120016829,2,0,1,1
202609120004438,2,0,1,1
202609120038685,2,0,1,1
202609120019069,2,0,1,1
202609120012878,2,0,1,1
202609120032391,2,0,1,1
202609120014728,2,0,1,1
202609120049079,2,0,1,1
202609120035532,2,0,1,1
202609120010722,2,0,1,1
202609120009093,2,0,1,1
202609120031393,2,0,1,1
202609120046557,2,0,1,1
202609120024088,2,0,1,1
202609120001129,2,0,1,1
202609120020613,2,0,1,1
202609120005349,2,0,1,1
202609120010710,2,0,1,1
202609120027589,2,0,1,1
202609120048059,2,0,1,1
202609120002111,2,0,1,1
202609120016591,2,0,1,1
202609120031325,2,0,1,1
202609120002141,2,0,1,1
202609120043393,2,0,1,1
202609120011510,2,0,1,1
202609120029169,2,0,1,1
202609120040361,2,0,1,1
202609120037677,2,0,1,1
202609120024282,2,0,1,1
202609120049561,2,0,1,1
202609120049623,2,0,1,1
202609120041580,2,0,1,1
202609120028804,2,0,1,1
202609120003753,2,0,1,1
202609120021297,2,0,1,1
202609120019925,2,0,1,1
202609120017390,2,0,1,1
202609120043360,2,0,1,1
202609120025725,2,0,1,1
202609120040054,2,0,1,1
202609120042912,2,0,1,1
202609120045214,2,0,1,1
202609120026045,2,0,1,1
202609120036236,2,0,1,1
202609120018000,2,0,1,1
202609120004743,2,0,1,1
202609120024179,2,0,1,1
202609120028227,2,0,1,1
202609120025617,2,0,1,1
202609120020390,2,0,1,1
202609120043120,2,0,1,1
202609120038852,2,0,1,1
202609120001922,2,0,1,1
202609120005094,2,0,1,1
202609120025824,2,0,1,1
202609120043683,2,0,1,1
202609120041250,2,0,1,1
202609120010164,2,0,1,1
202609120015399,2,0,1,1
202609120025521,2,0,1,1
202609120010876,2,0,1,1
202609120018972,2,0,1,1
202609120031890,2,0,1,1
202609120019544,2,0,1,1
202609120004821,2,0,1,1
202609120025135,2,0,1,1
202609120031747,2,0,1,1
202609120011466,2,0,1,1
202609120028565,2,0,1,1
202609120016054,2,0,1,1
202609120048093,2,0,1,1
202609120018348,2,0,1,1
202609120016252,2,0,1,1
202609120021370,2,0,1,1
202609120027511,2,0,1,1
202609120004908,2,0,1,1
202609120021456,2,0,1,1
202609120038837,2,0,1,1
202609120024108,2,0,1,1
202609120001618,2,0,1,1
202609120006094,2,0,1,1
202609120036910,2,0,1,1
202609120026774,2,0,1,1
202609120013514,2,0,1,1
202609120034641,2,0,1,1
202609120011535,2,0,1,1
202609120009663,2,0,1,1
202609120038742,2,0,1,1
202609120043366,2,0,1,1
202609120016756,2,0,1,1
202609120000811,2,0,1,1
202609120031642,2,0,1,1
202609120038463,2,0,1,1
202609120041316,2,0,1,1
202609120040065,2,0,1,1
202609120022845,2,0,1,1
202609120020773,2,0,1,1
202609120004286,2,0,1,1
202609120018648,2,0,1,1
202609120013404,2,0,1,1
202609120003029,2,0,1,1
202609120028480,2,0,1,1
202609120023630,2,0,1,1
202609120006214,2,0,1,1
202609120032933,2,0,1,1
202609120002432,2,0,1,1
202609120038452,2,0,1,1
202609120031159,2,0,1,1
202609120018592,2,0,1,1
202609120044972,2,0,1,1
202609120013887,2,0,1,1
202609120034734,2,0,1,1
202609120025721,2,0,1,1
202609120042116,2,0,1,1
202609120019775,2,0,1,1
202609120004906,2,0,1,1
202609120036305,2,0,1,1
202609120041937,2,0,1,1
202609120006084,2,0,1,1
202609120035327,2,0,1,1
202609120029607,2,0,1,1
202609120044790,2,0,1,1
202609120049781,2,0,1,1
202609120006101,2,0,1,1
202609120030170,2,0,1,1
202609120022389,2,0,1,1
202609120004573,2,0,1,1
202609120044695,2,0,1,1
202609120024416,2,0,1,1
202609120017898,2,0,1,1
202609120022844,2,0,1,1
202609120038897,2,0,1,1
202609120009373,2,0,1,1
202609120010163,2,0,1,1
202609120006124,2,0,1,1
202609120024731,2,0,1,1
202609120022442,2,0,1,1
202609120040586,2,0,1,1
202609120019126,2,0,1,1
202609120009396,2,0,1,1
202609120044139,2,0,1,1
202609120003853,2,0,1,1
202609120000302,2,0,1,1
202609120047454,2,0,1,1
202609120031558,2,0,1,1
202609120032145,2,0,1,1
202609120043738,2,0,1,1
202609120004088,2,0,1,1
202609120026782,2,0,1,1
202609120032079,2,0,1,1
202609120048305,2,0,1,1
202609120035599,2,0,1,1
202609120033151,2,0,1,1
202609120017049,2,0,1,1
202609120039405,2,0,1,1
202609120015193,2,0,1,1
202609120036627,2,0,1,1
202609120007307,2,0,1,1
202609120044459,2,0,1,1
202609120010243,2,0,1,1
202609120043583,2,0,1,1
202609120001251,2,0,1,1
202609120032343,2,0,1,1
202609120040981,2,0,1,1
202609120019075,2,0,1,1
202609120040745,2,0,1,1
202609120025625,2,0,1,1
202609120042111,2,0,1,1
202609120018142,2,0,1,1
202609120048376,2,0,1,1
202609120042044,2,0,1,1
202609120039455,2,0,1,1
202609120009749,2,0,1,1
202609120007116,2,0,1,1
202609120041505,2,0,1,1
202609120021927,2,0,1,1
202609120023722,2,0,1,1
202609120042156,2,0,1,1
202609120024896,2,0,1,1
202609120049255,2,0,1,1
202609120044854,2,0,1,1
202609120018815,2,0,1,1
202609120013417,2,0,1,1
202609120041889,2,0,1,1
202609120038351,2,0,1,1
202609120037516,2,0,1,1
202609120011603,2,0,1,1
202609120024850,2,0,1,1
202609120002775,2,0,1,1
202609120041236,2,0,1,1
202609120027938,2,0,1,1
202609120023359,2,0,1,1
202609120006619,2,0,1,1
202609120014938,2,0,1,1
202609120001060,2,0,1,1
202609120020962,2,0,1,1
202609120016779,2,0,1,1
202609120023615,2,0,1,1
202609120048779,2,0,1,1
202609120036869,2,0,1,1
202609120021104,2,0,1,1
202609120000274,2,0,1,1
202609120021354,2,0,1,1
202609120028630,2,0,1,1
202609120002216,2,0,1,1
202609120017693,2,0,1,1
202609120010107,2,0,1,1
202609120022670,2,0,1,1
202609120029264,2,0,1,1
202609120001000,2,0,1,1
202609120040560,2,0,1,1
202609120009690,2,0,1,1
202609120027872,2,0,1,1
202609120019741,2,0,1,1
202609120025214,2,0,1,1
202609120010776,2,0,1,1
202609120040851,2,0,1,1
202609120038462,2,0,1,1
202609120035707,2,0,1,1
202609120044529,2,0,1,1
202609120029845,2,0,1,1
202609120025443,2,0,1,1
202609120036397,2,0,1,1
202609120039858,2,0,1,1
202609120040690,2,0,1,1
202609120002031,2,0,1,1
202609120015955,2,0,1,1
202609120002609,2,0,1,1
202609120043335,2,0,1,1
202609120032750,2,0,1,1
202609120031800,2,0,1,1
202609120004483,2,0,1,1
202609120009371,2,0,1,1
202609120010017,2,0,1,1
202609120012748,2,0,1,1
202609120032942,2,0,1,1
202609120019887,2,0,1,1
202609120019436,2,0,1,1
202609120044370,2,0,1,1
202609120020588,2,0,1,1
202609120039916,2,0,1,1
202609120010045,2,0,1,1
202609120038650,2,0,1,1
202609120004253,2,0,1,1
202609120007935,2,0,1,1
202609120018840,2,0,1,1
202609120003681,2,0,1,1
202609120003570,2,0,1,1
202609120010698,2,0,1,1
202609120032808,2,0,1,1
202609120004449,2,0,1,1
202609120037825,2,0,1,1
202609120009119,2,0,1,1
202609120014432,2,0,1,1
202609120011977,2,0,1,1
202609120042715,2,0,1,1
202609120017919,2,0,1,1
202609120038836,2,0,1,1
202609120040640,2,0,1,1
202609120043755,2,0,1,1
202609120047159,2,0,1,1
202609120044350,2,0,1,1
202609120011986,2,0,1,1
202609120019977,2,0,1,1
202609120046089,2,0,1,1
202609120031567,2,0,1,1
202609120027534,2,0,1,1
202609120029436,2,0,1,1
202609120029550,2,0,1,1
202609120017353,2,0,1,1
202609120003051,2,0,1,1
202609120000774,2,0,1,1
202609120021406,2,0,1,1
202609120027233,2,0,1,1
202609120015884,2,0,1,1
202609120020727,2,0,1,1
202609120033821,2,0,1,1
202609120022240,2,0,1,1
202609120005662,2,0,1,1
202609120047161,2,0,1,1
202609120009065,2,0,1,1
202609120032173,2,0,1,1
202609120042264,2,0,1,1
202609120037070,2,0,1,1
202609120024232,2,0,1,1
202609120046056,2,0,1,1
202609120035990,2,0,1,1
202609120015362,2,0,1,1
202609120020353,2,0,1,1
202609120015304,2,0,1,1
202609120008145,2,0,1,1
202609120014983,2,0,1,1
202609120044800,2,0,1,1
202609120038031,2,0,1,1
202609120026895,2,0,1,1
202609120029456,2,0,1,1
202609120043306,2,0,1,1
202609120048355,2,0,1,1
202609120032109,2,0,1,1
202609120046117,2,0,1,1
202609120011144,2,0,1,1
202609120041104,2,0,1,1
202609120040923,2,0,1,1
202609120001234,2,0,1,1
202609120000881,2,0,1,1
202609120042148,2,0,1,1
202609120013576,2,0,1,1
202609120046223,2,0,1,1
202609120015217,2,0,1,1
202609120030813,2,0,1,1
202609120045698,1,0,1,0
202609120009975,1,0,1,0
202609120015393,1,0,1,0
202609120038521,1,0,1,0
202609120010973,1,0,1,0
202609120037720,1,0,1,0
202609120026395,1,0,1,0
202609120031940,1,0,1,0
202609120022467,1,0,1,0
202609120023060,1,0,1,0
202609120039752,1,0,1,0
202609120040427,1,0,1,0
202609120021089,1,0,1,0
202609120005935,1,0,1,0
202609120031426,1,0,1,0
202609120009828,1,0,1,0
202609120001808,1,0,1,0
202609120046521,1,0,1,0
202609120049198,1,0,1,0
202609120031079,1,0,1,0
202609120002920,1,0,1,0
202609120044006,1,0,1,0
202609120017357,1,0,1,0
202609120049350,1,0,1,0
202609120014143,1,0,1,0
202609120002281,1,0,1,0
202609120048558,1,0,1,0
202609120013019,1,0,1,0
202609120001148,1,0,1,0
202609120041606,1,0,1,0
202609120033677,1,0,1,0
202609120014539,1,0,1,0
202609120026592,1,0,1,0
202609120014237,1,0,1,0
202609120012376,1,0,1,0
202609120044614,1,0,1,0
202609120005490,1,0,1,0
202609120010261,1,0,1,0
202609120036782,1,0,1,0
202609120047718,1,0,1,0
202609120037997,1,0,1,0
202609120031396,1,0,1,0
202609120001276,1,0,1,0
202609120012873,1,0,1,0
202609120029015,1,0,1,0
202609120006856,1,0,1,0
202609120016283,1,0,1,0
202609120019650,1,0,1,0
202609120012368,1,0,1,0
202609120038958,1,0,1,0
202609120030463,1,0,1,0
202609120048237,1,0,1,0
202609120006731,1,0,1,0
202609120006518,1,0,1,0
202609120023734,1,0,1,0
202609120048217,1,0,1,0
202609120036362,1,0,1,0
202609120010134,1,0,1,0
202609120001981,1,0,1,0
202609120000315,1,0,1,0
202609120002483,1,0,1,0
202609120002266,1,0,1,0
202609120031689,1,0,1,0
202609120005829,1,0,1,0
202609120014962,1,0,1,0
202609120044597,1,0,1,0
202609120031301,1,0,1,0
202609120046527,1,0,1,0
202609120030889,1,0,1,0
202609120046844,1,0,1,0
202609120009435,1,0,1,0
202609120009190,1,0,1,0
202609120004065,1,0,1,0
202609120038434,1,0,1,0
202609120039599,1,0,1,0
202609120008816,1,0,1,0
202609120000698,1,0,1,0
202609120038997,1,0,1,0
202609120043769,1,0,1,0
202609120046752,1,0,1,0
202609120003120,1,0,1,0
202609120022768,1,0,1,0
202609120032927,1,0,1,0
202609120013714,1,0,1,0
202609120018688,1,0,1,0
202609120013288,1,0,1,0
202609120016783,1,0,1,0
202609120035480,1,0,1,0
202609120026945,1,0,1,0
202609120020688,1,0,1,0
202609120041553,1,0,1,0
202609120026284,1,0,1,0
202609120009716,1,0,1,0
202609120000169,1,0,1,0
202609120039219,1,0,1,0
202609120000670,1,0,1,0
202609120048738,1,0,1,0
202609120008658,1,0,1,0
202609120002630,1,0,1,0
202609120019176,1,0,1,0
202609120031836,1,0,1,0
202609120024566,1,0,1,0
202609120038504,1,0,1,0
202609120041678,1,0,1,0
202609120038173,1,0,1,0
202609120012630,1,0,1,0
202609120049218,1,0,1,0
202609120036014,1,0,1,0
202609120019721,1,0,1,0
202609120042707,1,0,1,0
202609120022569,1,0,1,0
202609120046352,1,0,1,0
202609120015067,1,0,1,0
202609120024218,1,0,1,0
202609120028520,1,0,1,0
202609120015317,1,0,1,0
202609120024595,1,0,1,0
202609120035917,1,0,1,0
202609120022227,1,0,1,0
202609120019219,1,0,1,0
202609120021905,1,0,1,0
202609120045878,1,0,1,0
202609120015412,1,0,1,0
202609120024326,1,0,1,0
202609120048411,1,0,1,0
202609120023577,1,0,1,0
202609120026909,1,0,1,0
202609120047406,1,0,1,0
202609120046345,1,0,1,0
202609120017413,1,0,1,0
202609120009029,1,0,1,0
202609120005910,1,0,1,0
202609120006099,1,0,1,0
202609120017203,1,0,1,0
202609120011487,1,0,1,0
202609120031932,1,0,1,0
202609120019567,1,0,1,0
202609120047523,1,0,1,0
202609120015291,1,0,1,0
202609120030192,1,0,1,0
202609120030153,1,0,1,0
202609120017439,1,0,1,0
202609120006119,1,0,1,0
202609120027525,1,0,1,0
202609120009631,1,0,1,0
202609120043076,1,0,1,0
202609120021996,1,0,1,0
202609120018306,1,0,1,0
202609120037473,1,0,1,0
202609120015322,1,0,1,0
202609120001366,1,0,1,0
202609120000538,1,0,1,0
202609120012469,1,0,1,0
202609120007464,1,0,1,0
202609120032752,1,0,1,0
202609120036502,1,0,1,0
202609120005534,1,0,1,0
202609120038704,1,0,1,0
202609120029656,1,0,1,0
202609120019286,1,0,1,0
202609120014367,1,0,1,0
202609120000337,1,0,1,0
202609120020420,1,0,1,0
202609120011183,1,0,1,0
202609120015121,1,0,1,0
202609120015607,1,0,1,0
202609120035054,1,0,1,0
202609120012594,1,0,1,0
202609120023270,1,0,1,0
202609120024815,1,0,1,0
202609120025230,1,0,1,0
202609120031023,1,0,1,0
202609120014235,1,0,1,0
202609120022182,1,0,1,0
202609120048804,1,0,1,0
202609120000074,1,0,1,0
202609120002540,1,0,1,0
202609120038573,1,0,1,0
202609120036325,1,0,1,0
202609120020946,1,0,1,0
202609120045613,1,0,1,0
202609120012124,1,0,1,0
202609120023010,1,0,1,0
202609120041286,1,0,1,0
202609120031383,1,0,1,0
202609120019454,1,0,1,0
202609120014892,1,0,1,0
202609120010088,1,0,1,0
202609120031982,1,0,1,0
202609120037923,1,0,1,0
202609120016759,1,0,1,0
202609120002639,1,0,1,0
202609120031724,1,0,1,0
202609120037714,1,0,1,0
202609120028031,1,0,1,0
202609120016572,1,0,1,0
202609120003548,1,0,1,0
202609120003524,1,0,1,0
202609120049172,1,0,1,0
202609120017803,1,0,1,0
202609120001443,1,0,1,0
202609120046502,1,0,1,0
202609120030186,1,0,1,0
202609120037238,1,0,1,0
202609120020778,1,0,1,0
202609120031878,1,0,1,0
202609120017867,1,0,1,0
202609120039701,1,0,1,0
202609120004690,1,0,1,0
202609120009940,1,0,1,0
202609120022084,1,0,1,0
202609120022553,1,0,1,0
202609120010350,1,0,1,0
202609120008538,1,0,1,0
202609120022965,1,0,1,0
202609120025170,1,0,1,0
202609120033075,1,0,1,0
202609120016268,1,0,1,0
202609120020913,1,0,1,0
202609120022133,1,0,1,0
202609120015822,1,0,1,0
202609120045940,1,0,1,0
202609120028203,1,0,1,0
202609120027028,1,0,1,0
202609120039201,1,0,1,0
202609120026588,1,0,1,0
202609120041448,1,0,1,0
202609120021893,1,0,1,0
202609120016377,1,0,1,0
202609120007004,1,0,1,0
202609120023926,1,0,1,0
202609120007407,1,0,1,0
202609120008783,1,0,1,0
202609120033666,1,0,1,0
202609120021731,1,0,1,0
202609120022345,1,0,1,0
202609120034123,1,0,1,0
202609120020383,1,0,1,0
202609120015161,1,0,1,0
202609120011370,1,0,1,0
202609120000578,1,0,1,0
202609120030235,1,0,1,0
202609120048246,1,0,1,0
202609120019762,1,0,1,0
202609120019148,1,0,1,0
202609120018603,1,0,1,0
202609120011669,1,0,1,0
202609120037798,1,0,1,0
202609120018019,1,0,1,0
202609120040674,1,0,1,0
202609120021409,1,0,1,0
202609120032740,1,0,1,0
202609120007576,1,0,1,0
202609120035676,1,0,1,0
202609120010368,1,0,1,0
202609120044119,1,0,1,0
202609120007561,1,0,1,0
202609120007158,1,0,1,0
202609120026815,1,0,1,0
202609120024784,1,0,1,0
202609120019870,1,0,1,0
202609120018632,1,0,1,0
202609120006695,1,0,1,0
202609120025699,1,0,1,0
202609120002757,1,0,1,0
202609120020522,1,0,1,0
202609120022574,1,0,1,0
202609120048945,1,0,1,0
202609120022135,1,0,1,0
202609120026613,1,0,1,0
202609120040673,1,0,1,0
202609120044067,1,0,1,0
202609120017610,1,0,1,0
202609120031243,1,0,1,0
202609120030102,1,0,1,0
202609120026657,1,0,1,0
202609120042712,1,0,1,0
202609120011261,1,0,1,0
202609120026147,1,0,1,0
202609120033429,1,0,1,0
202609120016073,1,0,1,0
202609120030655,1,0,1,0
202609120030997,1,0,1,0
202609120011920,1,0,1,0
202609120016079,1,0,1,0
202609120027533,1,0,1,0
202609120040007,1,0,1,0
202609120033855,1,0,1,0
202609120026963,1,0,1,0
202609120041568,1,0,1,0
202609120003589,1,0,1,0
202609120000418,1,0,1,0
202609120002423,1,0,1,0
202609120037938,1,0,1,0
202609120013728,1,0,1,0
202609120012941,1,0,1,0
202609120022876,1,0,1,0
202609120047616,1,0,1,0
202609120015113,1,0,1,0
202609120030772,1,0,1,0
202609120029363,1,0,1,0
202609120018393,1,0,1,0
202609120047693,1,0,1,0
202609120046970,1,0,1,0
202609120003970,1,0,1,0
202609120001027,1,0,1,0
202609120043610,1,0,1,0
202609120046435,1,0,1,0
202609120016386,1,0,1,0
202609120029074,1,0,1,0
202609120007268,1,0,1,0
202609120014965,1,0,1,0
202609120001919,1,0,1,0
202609120001697,1,0,1,0
202609120029429,1,0,1,0
202609120027071,1,0,1,0
202609120036124,1,0,1,0
202609120039516,1,0,1,0
202609120031422,1,0,1,0
202609120010441,1,0,1,0
202609120015575,1,0,1,0
202609120048829,1,0,1,0
202609120048869,1,0,1,0
202609120036430,1,0,1,0
202609120012362,1,0,1,0
202609120035428,1,0,1,0
202609120029908,1,0,1,0
202609120022481,1,0,1,0
202609120039593,1,0,1,0
202609120005223,1,0,1,0
202609120038828,1,0,1,0
202609120025748,1,0,1,0
202609120029942,1,0,1,0
202609120022212,1,0,1,0
202609120006692,1,0,1,0
202609120013546,1,0,1,0
202609120036338,1,0,1,0
202609120025011,1,0,1,0
202609120019142,1,0,1,0
202609120008576,1,0,1,0
202609120000501,1,0,1,0
202609120001049,1,0,1,0
202609120005398,1,0,1,0
202609120002396,1,0,1,0
202609120017950,1,0,1,0
202609120013287,1,0,1,0
202609120033861,1,0,1,0
202609120001051,1,0,1,0
202609120004358,1,0,1,0
202609120003078,1,0,1,0
202609120007489,1,0,1,0
202609120020052,1,0,1,0
202609120042607,1,0,1,0
202609120017516,1,0,1,0
202609120031258,1,0,1,0
202609120025180,1,0,1,0
202609120030366,1,0,1,0
202609120027713,1,0,1,0
202609120036837,1,0,1,0
202609120002253,1,0,1,0
202609120000272,1,0,1,0
202609120040073,1,0,1,0
202609120000101,1,0,1,0
202609120030849,1,0,1,0
202609120027210,1,0,1,0
202609120001961,1,0,1,0
202609120037550,1,0,1,0
202609120019136,1,0,1,0
202609120022852,1,0,1,0
202609120009295,1,0,1,0
202609120003834,1,0,1,0
202609120028635,1,0,1,0
202609120035347,1,0,1,0
202609120027518,1,0,1,0
202609120045605,1,0,1,0
202609120035074,1,0,1,0
202609120000375,1,0,1,0
202609120016617,1,0,1,0
202609120000293,1,0,1,0
202609120030217,1,0,1,0
202609120000234,1,0,1,0
202609120000387,1,0,1,0
202609120008394,1,0,1,0
202609120046856,1,0,1,0
202609120034244,1,0,1,0
202609120037251,1,0,1,0
202609120013697,1,0,1,0
202609120046469,1,0,1,0
202609120019962,1,0,1,0
202609120046285,1,0,1,0
202609120034192,1,0,1,0
202609120002033,1,0,1,0
202609120027586,1,0,1,0
202609120035768,1,0,1,0
202609120009401,1,0,1,0
202609120034571,1,0,1,0
202609120012848,1,0,1,0
202609120025426,1,0,1,0
202609120006643,1,0,1,0
202609120008605,1,0,1,0
202609120016138,1,0,1,0
202609120016469,1,0,1,0
202609120042334,1,0,1,0
202609120025083,1,0,1,0
202609120000187,1,0,1,0
202609120048740,1,0,1,0
202609120034402,1,0,1,0
202609120002708,1,0,1,0
202609120005607,1,0,1,0
202609120044481,1,0,1,0
202609120048766,1,0,1,0
202609120048955,1,0,1,0
202609120041502,1,0,1,0
202609120028613,1,0,1,0
202609120031734,1,0,1,0
202609120005448,1,0,1,0
202609120006967,1,0,1,0
202609120013446,1,0,1,0
202609120005820,1,0,1,0
202609120028072,1,0,1,0
202609120029756,1,0,1,0
202609120035122,1,0,1,0
202609120048670,1,0,1,0
202609120019934,1,0,1,0
202609120033205,1,0,1,0
202609120036902,1,0,1,0
202609120018862,1,0,1,0
202609120038345,1,0,1,0
202609120008040,1,0,1,0
202609120008612,1,0,1,0
202609120040029,1,0,1,0
202609120030350,1,0,1,0
202609120035328,1,0,1,0
202609120003231,1,0,1,0
202609120022040,1,0,1,0
202609120003176,1,0,1,0
202609120001297,1,0,1,0
202609120024498,1,0,1,0
202609120039711,1,0,1,0
202609120021920,1,0,1,0
202609120011887,1,0,1,0
202609120048058,1,0,1,0
202609120025752,1,0,1,0
202609120007878,1,0,1,0
202609120019273,1,0,1,0
202609120027970,1,0,1,0
202609120000386,1,0,1,0
202609120040144,1,0,1,0
202609120001726,1,0,1,0
202609120014782,1,0,1,0
202609120013849,1,0,1,0
202609120016776,1,0,1,0
202609120008312,1,0,1,0
202609120004918,1,0,1,0
202609120033413,1,0,1,0
202609120008530,1,0,1,0
202609120025912,1,0,1,0
202609120028168,1,0,1,0
202609120028822,1,0,1,0
202609120025289,1,0,1,0
202609120049086,1,0,1,0
202609120047752,1,0,1,0
202609120007582,1,0,1,0
202609120016876,1,0,1,0
202609120008660,1,0,1,0
202609120038798,1,0,1,0
202609120003596,1,0,1,0
202609120042854,1,0,1,0
202609120001889,1,0,1,0
202609120018248,1,0,1,0
202609120007142,1,0,1,0
202609120008157,1,0,1,0
202609120021728,1,0,1,0
202609120044672,1,0,1,0
202609120023620,1,0,1,0
202609120005816,1,0,1,0
202609120042580,1,0,1,0
202609120037543,1,0,1,0
202609120027784,1,0,1,0
202609120007476,1,0,1,0
202609120028317,1,0,1,0
202609120024774,1,0,1,0
202609120023171,1,0,1,0
202609120012695,1,0,1,0
202609120009420,1,0,1,0
202609120000661,1,0,1,0
202609120039813,1,0,1,0
202609120004774,1,0,1,0
202609120021284,1,0,1,0
202609120035124,1,0,1,0
202609120034952,1,0,1,0
202609120043127,1,0,1,0
202609120017833,1,0,1,0
202609120031404,1,0,1,0
202609120022450,1,0,1,0
202609120032364,1,0,1,0
202609120011342,1,0,1,0
202609120034558,1,0,1,0
202609120030495,1,0,1,0
202609120001855,1,0,1,0
202609120017820,1,0,1,0
202609120032961,1,0,1,0
202609120013304,1,0,1,0
202609120002122,1,0,1,0
202609120039606,1,0,1,0
202609120029285,1,0,1,0
202609120021923,1,0,1,0
202609120044915,1,0,1,0
202609120002460,1,0,1,0
202609120031811,1,0,1,0
202609120041643,1,0,1,0
202609120030509,1,0,1,0
202609120037683,1,0,1,0
202609120009973,1,0,1,0
202609120035507,1,0,1,0
202609120017624,1,0,1,0
202609120041998,1,0,1,0
202609120037378,1,0,1,0
202609120021685,1,0,1,0
202609120049245,1,0,1,0
202609120005530,1,0,1,0
202609120036880,1,0,1,0
202609120033381,1,0,1,0
202609120031660,1,0,1,0
202609120035140,1,0,1,0
202609120004300,1,0,1,0
202609120018842,1,0,1,0
202609120038138,1,0,1,0
202609120035266,1,0,1,0
202609120006450,1,0,1,0
202609120003679,1,0,1,0
202609120037578,1,0,1,0
202609120040783,1,0,1,0
202609120025936,1,0,1,0
202609120023232,1,0,1,0
202609120005335,1,0,1,0
202609120042748,1,0,1,0
202609120021098,1,0,1,0
202609120001339,1,0,1,0
202609120022878,1,0,1,0
202609120028873,1,0,1,0
202609120024923,1,0,1,0
202609120039495,1,0,1,0
202609120003782,1,0,1,0
202609120020030,1,0,1,0
202609120035956,1,0,1,0
202609120011431,1,0,1,0
202609120018932,1,0,1,0
202609120033816,1,0,1,0
202609120034061,1,0,1,0
202609120049633,1,0,1,0
202609120001434,1,0,1,0
202609120024951,1,0,1,0
202609120035905,1,0,1,0
202609120002016,1,0,1,0
202609120018180,1,0,1,0
202609120021296,1,0,1,0
202609120020267,1,0,1,0
202609120000955,1,0,1,0
202609120037968,1,0,1,0
202609120012218,1,0,1,0
202609120037670,1,0,1,0
202609120042463,1,0,1,0
202609120035516,1,0,1,0
202609120004725,1,0,1,0
202609120038040,1,0,1,0
202609120035395,1,0,1,0
202609120005737,1,0,1,0
202609120007065,1,0,1,0
202609120042367,1,0,1,0
202609120018720,1,0,1,0
202609120022646,1,0,1,0
202609120041160,1,0,1,0
202609120025769,1,0,1,0
202609120032443,1,0,1,0
202609120012273,1,0,1,0
202609120006444,1,0,1,0
202609120027948,1,0,1,0
202609120009327,1,0,1,0
202609120014954,1,0,1,0
202609120011079,1,0,1,0
202609120031934,1,0,1,0
202609120031024,1,0,1,0
202609120039126,1,0,1,0
202609120028441,1,0,1,0
202609120013168,1,0,1,0
202609120009007,1,0,1,0
202609120022415,1,0,1,0
202609120044511,1,0,1,0
202609120040795,1,0,1,0
202609120043960,1,0,1,0
202609120049081,1,0,1,0
202609120045585,1,0,1,0
202609120023966,1,0,1,0
202609120038853,1,0,1,0
202609120027578,1,0,1,0
202609120022909,1,0,1,0
202609120045173,1,0,1,0
202609120007182,1,0,1,0
202609120011892,1,0,1,0
202609120010083,1,0,1,0
202609120017476,1,0,1,0
202609120000600,1,0,1,0
202609120011417,1,0,1,0
202609120017182,1,0,1,0
202609120043511,1,0,1,0
202609120009407,1,0,1,0
202609120027412,1,0,1,0
202609120045834,1,0,1,0
202609120005108,1,0,1,0
202609120017824,1,0,1,0
202609120026632,1,0,1,0
202609120048941,1,0,1,0
202609120029458,1,0,1,0
202609120013751,1,0,1,0
202609120040423,1,0,1,0
202609120026618,1,0,1,0
202609120007665,1,0,1,0
202609120040957,1,0,1,0
202609120017990,1,0,1,0
202609120034356,1,0,1,0
202609120024844,1,0,1,0
202609120000168,1,0,1,0
202609120024061,1,0,1,0
202609120033535,1,0,1,0
202609120037687,1,0,1,0
202609120000141,1,0,1,0
202609120044169,1,0,1,0
202609120035225,1,0,1,0
202609120030237,1,0,1,0
202609120011962,1,0,1,0
202609120006458,1,0,1,0
202609120044248,1,0,1,0
202609120014293,1,0,1,0
202609120006088,1,0,1,0
202609120008343,1,0,1,0
202609120024320,1,0,1,0
202609120041869,1,0,1,0
202609120027305,1,0,1,0
202609120005979,1,0,1,0
202609120005603,1,0,1,0
202609120028384,1,0,1,0
202609120013877,1,0,1,0
202609120027925,1,0,1,0
202609120001866,1,0,1,0
202609120015039,1,0,1,0
202609120010966,1,0,1,0
202609120041420,1,0,1,0
202609120042481,1,0,1,0
202609120020621,1,0,1,0
202609120013415,1,0,1,0
202609120013937,1,0,1,0
202609120032786,1,0,1,0
202609120004091,1,0,1,0
202609120002981,1,0,1,0
202609120011103,1,0,1,0
202609120023721,1,0,1,0
202609120030575,1,0,1,0
202609120033137,1,0,1,0
202609120041464,1,0,1,0
202609120040752,1,0,1,0
202609120029822,1,0,1,0
202609120016525,1,0,1,0
202609120018414,1,0,1,0
202609120009433,1,0,1,0
202609120037973,1,0,1,0
202609120022197,1,0,1,0
202609120047067,1,0,1,0
202609120032762,1,0,1,0
202609120026726,1,0,1,0
202609120040448,1,0,1,0
202609120033062,1,0,1,0
202609120041198,1,0,1,0
202609120022593,1,0,1,0
202609120000103,1,0,1,0
202609120043968,1,0,1,0
202609120041636,1,0,1,0
202609120008547,1,0,1,0
202609120034139,1,0,1,0
202609120038468,1,0,1,0
202609120036871,1,0,1,0
202609120048943,1,0,1,0
202609120016690,1,0,1,0
202609120035268,1,0,1,0
202609120029536,1,0,1,0
202609120003532,1,0,1,0
202609120000690,1,0,1,0
202609120007781,1,0,1,0
202609120008247,1,0,1,0
202609120034033,1,0,1,0
202609120002428,1,0,1,0
202609120024510,1,0,1,0
202609120019329,1,0,1,0
202609120041795,1,0,1,0
202609120035770,1,0,1,0
202609120013913,1,0,1,0
202609120019263,1,0,1,0
202609120022525,1,0,1,0
202609120009349,1,0,1,0
202609120023771,1,0,1,0
202609120032433,1,0,1,0
202609120009345,1,0,1,0
202609120020921,1,0,1,0
202609120013261,1,0,1,0
202609120014723,1,0,1,0
202609120023813,1,0,1,0
202609120049463,1,0,1,0
202609120010744,1,0,1,0
202609120018921,1,0,1,0
202609120001543,1,0,1,0
202609120035651,1,0,1,0
202609120022774,1,0,1,0
202609120039976,1,0,1,0
202609120035873,1,0,1,0
202609120047013,1,0,1,0
202609120044647,1,0,1,0
202609120047376,1,0,1,0
202609120033631,1,0,1,0
202609120031304,1,0,1,0
202609120021237,1,0,1,0
202609120007174,1,0,1,0
202609120038514,1,0,1,0
202609120032427,1,0,1,0
202609120042730,1,0,1,0
202609120039462,1,0,1,0
202609120013053,1,0,1,0
202609120049010,1,0,1,0
202609120017429,1,0,1,0
202609120023430,1,0,1,0
202609120047640,1,0,1,0
202609120006364,1,0,1,0
202609120045380,1,0,1,0
202609120027368,1,0,1,0
202609120024712,1,0,1,0
202609120022119,1,0,1,0
202609120044349,1,0,1,0
202609120001805,1,0,1,0
202609120023750,1,0,1,0
202609120043904,1,0,1,0
202609120049139,1,0,1,0
202609120033908,1,0,1,0
202609120022106,1,0,1,0
202609120033220,1,0,1,0
202609120002721,1,0,1,0
202609120001242,1,0,1,0
202609120021166,1,0,1,0
202609120011728,1,0,1,0
202609120037004,1,0,1,0
202609120042252,1,0,1,0
202609120009184,1,0,1,0
202609120012050,1,0,1,0
202609120013784,1,0,1,0
202609120047024,1,0,1,0
202609120002103,1,0,1,0
202609120005587,1,0,1,0
202609120006022,1,0,1,0
202609120006018,1,0,1,0
202609120018707,1,0,1,0
202609120007735,1,0,1,0
202609120018210,1,0,1,0
202609120037127,1,0,1,0
202609120027430,1,0,1,0
202609120022061,1,0,1,0
202609120021366,1,0,1,0
202609120029742,1,0,1,0
202609120005850,1,0,1,0
202609120001400,1,0,1,0
202609120012727,1,0,1,0
202609120034275,1,0,1,0
202609120036934,1,0,1,0
202609120015726,1,0,1,0
202609120043732,1,0,1,0
202609120034003,1,0,1,0
202609120047611,1,0,1,0
202609120016574,1,0,1,0
202609120005206,1,0,1,0
202609120039951,1,0,1,0
202609120011722,1,0,1,0
202609120039299,1,0,1,0
202609120004897,1,0,1,0
202609120008708,1,0,1,0
202609120024335,1,0,1,0
202609120039583,1,0,1,0
202609120044601,1,0,1,0
202609120045060,1,0,1,0
202609120017816,1,0,1,0
202609120035164,1,0,1,0
202609120021526,1,0,1,0
202609120002959,1,0,1,0
202609120001643,1,0,1,0
202609120018807,1,0,1,0
202609120019237,1,0,1,0
202609120017018,1,0,1,0
202609120026866,1,0,1,0
202609120005624,1,0,1,0
202609120002625,1,0,1,0
202609120031957,1,0,1,0
202609120027660,1,0,1,0
202609120021956,1,0,1,0
202609120003982,1,0,1,0
202609120009531,1,0,1,0
202609120025330,1,0,1,0
202609120048799,1,0,1,0
202609120031663,1,0,1,0
202609120029780,1,0,1,0
202609120003658,1,0,1,0
202609120011204,1,0,1,0
202609120000212,1,0,1,0
202609120042476,1,0,1,0
202609120014100,1,0,1,0
202609120029030,1,0,1,0
202609120006457,1,0,1,0
202609120034132,1,0,1,0
202609120012372,1,0,1,0
202609120040985,1,0,1,0
202609120003446,1,0,1,0
202609120024779,1,0,1,0
202609120014769,1,0,1,0
202609120037570,1,0,1,0
202609120010215,1,0,1,0
202609120006598,1,0,1,0
202609120046673,1,0,1,0
202609120028341,1,0,1,0
202609120026693,1,0,1,0
202609120014187,1,0,1,0
202609120022466,1,0,1,0
202609120027691,1,0,1,0
202609120038701,1,0,1,0
202609120032208,1,0,1,0
202609120003348,1,0,1,0
202609120008368,1,0,1,0
202609120011945,1,0,1,0
202609120036420,1,0,1,0
202609120022359,1,0,1,0
202609120048985,1,0,1,0
202609120015414,1,0,1,0
202609120018928,1,0,1,0
202609120007459,1,0,1,0
202609120022564,1,0,1,0
202609120042602,1,0,1,0
202609120010510,1,0,1,0
202609120002987,1,0,1,0
202609120022977,1,0,1,0
202609120001418,1,0,1,0
202609120010186,1,0,1,0
202609120010560,1,0,1,0
202609120019301,1,0,1,0
202609120012488,1,0,1,0
202609120009271,1,0,1,0
202609120033088,1,0,1,0
202609120008892,1,0,1,0
202609120040720,1,0,1,0
202609120030835,1,0,1,0
202609120012390,1,0,1,0
202609120040832,1,0,1,0
202609120009684,1,0,1,0
202609120048509,1,0,1,0
202609120013269,1,0,1,0
202609120032338,1,0,1,0
202609120000862,1,0,1,0
202609120000233,1,0,1,0
202609120032654,1,0,1,0
202609120041987,1,0,1,0
202609120046370,1,0,1,0
202609120003242,1,0,1,0
202609120007348,1,0,1,0
202609120006501,1,0,1,0
202609120028119,1,0,1,0
202609120046044,1,0,1,0
202609120011938,1,0,1,0
202609120045319,1,0,1,0
202609120013892,1,0,1,0
202609120011025,1,0,1,0
202609120010277,1,0,1,0
202609120024490,1,0,1,0
202609120036562,1,0,1,0
202609120046917,1,0,1,0
202609120002199,1,0,1,0
202609120034981,1,0,1,0
202609120041037,1,0,1,0
202609120028675,1,0,1,0
202609120025973,1,0,1,0
202609120009723,1,0,1,0
202609120039730,1,0,1,0
202609120009639,1,0,1,0
202609120037266,1,0,1,0
202609120008859,1,0,1,0
202609120016736,1,0,1,0
202609120049138,1,0,1,0
202609120018802,1,0,1,0
202609120012726,1,0,1,0
202609120047664,1,0,1,0
202609120049143,1,0,1,0
202609120029021,1,0,1,0
202609120046688,1,0,1,0
202609120031726,1,0,1,0
202609120038589,1,0,1,0
202609120029935,1,0,1,0
202609120030763,1,0,1,0
202609120040946,1,0,1,0
202609120037013,1,0,1,0
202609120000083,1,0,1,0
202609120024263,1,0,1,0
202609120041132,1,0,1,0
202609120001596,1,0,1,0
202609120031592,1,0,1,0
202609120016124,1,0,1,0
202609120020926,1,0,1,0
202609120013902,1,0,1,0
202609120037136,1,0,1,0
202609120047461,1,0,1,0
202609120005431,1,0,1,0
202609120034245,1,0,1,0
202609120043265,1,0,1,0
202609120036729,1,0,1,0
202609120037303,1,0,1,0
202609120018037,1,0,1,0
202609120004531,1,0,1,0
202609120007461,1,0,1,0
202609120033592,1,0,1,0
202609120002679,1,0,1,0
202609120031562,1,0,1,0
202609120022445,1,0,1,0
202609120043415,1,0,1,0
202609120019597,1,0,1,0
202609120049595,1,0,1,0
202609120000764,1,0,1,0
202609120034833,1,0,1,0
202609120034476,1,0,1,0
202609120044321,1,0,1,0
202609120019200,1,0,1,0
202609120028915,1,0,1,0
202609120006680,1,0,1,0
202609120008838,1,0,1,0
202609120001050,1,0,1,0
202609120043645,1,0,1,0
202609120036253,1,0,1,0
202609120023347,1,0,1,0
202609120001328,1,0,1,0
202609120028269,1,0,1,0
202609120027991,1,0,1,0
202609120011793,1,0,1,0
202609120026052,1,0,1,0
202609120006991,1,0,1,0
202609120044729,1,0,1,0
202609120048122,1,0,1,0
202609120003806,1,0,1,0
202609120025279,1,0,1,0
202609120000261,1,0,1,0
202609120047235,1,0,1,0
202609120014001,1,0,1,0
202609120030417,1,0,1,0
202609120046603,1,0,1,0
202609120008666,1,0,1,0
202609120017296,1,0,1,0
202609120004198,1,0,1,0
202609120038919,1,0,1,0
202609120005611,1,0,1,0
202609120044142,1,0,1,0
202609120019828,1,0,1,0
202609120004784,1,0,1,0
202609120014377,1,0,1,0
202609120004811,1,0,1,0
202609120037803,1,0,1,0
202609120037980,1,0,1,0
202609120044363,1,0,1,0
202609120043021,1,0,1,0
202609120039133,1,0,1,0
202609120015650,1,0,1,0
202609120030537,1,0,1,0
202609120005695,1,0,1,0
202609120048079,1,0,1,0
202609120039647,1,0,1,0
202609120048896,1,0,1,0
202609120007451,1,0,1,0
202609120006734,1,0,1,0
202609120046598,1,0,1,0
202609120014991,1,0,1,0
202609120025115,1,0,1,0
202609120024265,1,0,1,0
202609120010259,1,0,1,0
202609120028103,1,0,1,0
202609120031191,1,0,1,0
202609120027389,1,0,1,0
202609120023788,1,0,1,0
202609120026413,1,0,1,0
202609120047685,1,0,1,0
202609120024579,1,0,1,0
202609120044518,1,0,1,0
202609120049115,1,0,1,0
202609120047167,1,0,1,0
202609120014583,1,0,1,0
202609120004715,1,0,1,0
202609120032726,1,0,1,0
202609120014695,1,0,1,0
202609120036141,1,0,1,0
202609120031924,1,0,1,0
202609120011124,1,0,1,0
202609120011251,1,0,1,0
202609120006443,1,0,1,0
202609120009530,1,0,1,0
202609120010786,1,0,1,0
202609120049101,1,0,1,0
202609120049594,1,0,1,0
202609120041552,1,0,1,0
202609120014115,1,0,1,0
202609120043622,1,0,1,0
202609120035799,1,0,1,0
202609120032013,1,0,1,0
202609120014531,1,0,1,0
202609120009326,1,0,1,0
202609120003900,1,0,1,0
202609120014946,1,0,1,0
202609120036668,1,0,1,0
202609120008063,1,0,1,0
202609120012783,1,0,1,0
202609120002995,1,0,1,0
202609120046915,1,0,1,0
202609120008427,1,0,1,0
202609120036387,1,0,1,0
202609120034106,1,0,1,0
202609120034612,1,0,1,0
202609120008616,1,0,1,0
202609120031397,1,0,1,0
202609120018796,1,0,1,0
202609120024129,1,0,1,0
202609120048193,1,0,1,0
202609120036329,1,0,1,0
202609120008424,1,0,1,0
202609120034257,1,0,1,0
202609120012157,1,0,1,0
202609120006688,1,0,1,0
202609120049752,1,0,1,0
202609120003182,1,0,1,0
202609120002982,1,0,1,0
202609120036883,1,0,1,0
202609120037492,1,0,1,0
202609120018998,1,0,1,0
202609120020447,1,0,1,0
202609120012375,1,0,1,0
202609120015480,1,0,1,0
202609120035641,1,0,1,0
202609120012110,1,0,1,0
202609120049821,1,0,1,0
202609120030401,1,0,1,0
202609120039882,1,0,1,0
202609120024841,1,0,1,0
202609120024073,1,0,1,0
202609120022980,1,0,1,0
202609120044315,1,0,1,0
202609120046271,1,0,1,0
202609120020458,1,0,1,0
202609120035515,1,0,1,0
202609120007311,1,0,1,0
202609120000631,1,0,1,0
202609120035967,1,0,1,0
202609120008367,1,0,1,0
202609120029555,1,0,1,0
202609120045577,1,0,1,0
202609120033131,1,0,1,0
202609120009917,1,0,1,0
202609120049626,1,0,1,0
202609120012182,1,0,1,0
202609120007154,1,0,1,0
202609120043334,1,0,1,0
202609120029637,1,0,1,0
202609120000358,1,0,1,0
202609120012019,1,0,1,0
202609120032362,1,0,1,0
202609120035920,1,0,1,0
202609120024820,1,0,1,0
202609120014923,1,0,1,0
202609120003086,1,0,1,0
202609120034417,1,0,1,0
202609120013275,1,0,1,0
202609120039525,1,0,1,0
202609120026205,1,0,1,0
202609120003468,1,0,1,0
202609120035980,1,0,1,0
202609120020231,1,0,1,0
202609120037497,1,0,1,0
202609120005433,1,0,1,0
202609120024157,1,0,1,0
202609120006483,1,0,1,0
202609120016942,1,0,1,0
202609120030932,1,0,1,0
202609120015340,1,0,1,0
202609120009356,1,0,1,0
202609120011784,1,0,1,0
202609120035737,1,0,1,0
202609120049377,1,0,1,0
202609120020689,1,0,1,0
202609120006990,1,0,1,0
202609120029102,1,0,1,0
202609120028339,1,0,1,0
202609120004912,1,0,1,0
202609120025695,1,0,1,0
202609120027634,1,0,1,0
202609120018498,1,0,1,0
202609120037139,1,0,1,0
202609120038355,1,0,1,0
202609120011756,1,0,1,0
202609120010782,1,0,1,0
202609120035939,1,0,1,0
202609120016596,1,0,1,0
202609120022514,1,0,1,0
202609120010539,1,0,1,0
202609120003297,1,0,1,0
202609120025966,1,0,1,0
202609120047719,1,0,1,0
202609120045331,1,0,1,0
202609120032097,1,0,1,0
202609120010893,1,0,1,0
202609120006930,1,0,1,0
202609120040338,1,0,1,0
202609120036436,1,0,1,0
202609120044362,1,0,1,0
202609120044528,1,0,1,0
202609120023374,1,0,1,0
202609120007787,1,0,1,0
202609120044467,1,0,1,0
202609120041035,1,0,1,0
202609120037643,1,0,1,0
202609120044598,1,0,1,0
202609120023981,1,0,1,0
202609120045814,1,0,1,0
202609120049221,1,0,1,0
202609120029620,1,0,1,0
202609120020908,1,0,1,0
202609120033819,1,0,1,0
202609120034187,1,0,1,0
202609120000645,1,0,1,0
202609120025019,1,0,1,0
202609120020607,1,0,1,0
202609120001796,1,0,1,0
202609120002068,1,0,1,0
202609120042678,1,0,1,0
202609120022283,1,0,1,0
202609120026355,1,0,1,0
202609120016900,1,0,1,0
202609120022887,1,0,1,0
202609120016363,1,0,1,0
202609120016716,1,0,1,0
202609120043397,1,0,1,0
202609120043319,1,0,1,0
202609120046292,1,0,1,0
202609120037234,1,0,1,0
202609120031177,1,0,1,0
202609120005097,1,0,1,0
202609120046590,1,0,1,0
202609120009209,1,0,1,0
202609120015043,1,0,1,0
202609120006928,1,0,1,0
202609120023123,1,0,1,0
202609120017713,1,0,1,0
202609120001931,1,0,1,0
202609120026500,1,0,1,0
202609120023708,1,0,1,0
202609120000055,1,0,1,0
202609120036805,1,0,1,0
202609120009485,1,0,1,0
202609120001232,1,0,1,0
202609120031095,1,0,1,0
202609120004456,1,0,1,0
202609120036069,1,0,1,0
202609120016257,1,0,1,0
202609120044543,1,0,1,0
202609120043694,1,0,1,0
202609120013946,1,0,1,0
202609120030050,1,0,1,0
202609120022458,1,0,1,0
202609120033100,1,0,1,0
202609120017028,1,0,1,0
202609120033037,1,0,1,0
202609120007231,1,0,1,0
202609120036694,1,0,1,0
202609120011109,1,0,1,0
202609120023235,1,0,1,0
202609120022951,1,0,1,0
202609120048378,1,0,1,0
202609120045287,1,0,1,0
202609120036401,1,0,1,0
202609120023980,1,0,1,0
202609120008555,1,0,1,0
202609120004173,1,0,1,0
202609120005757,1,0,1,0
202609120036158,1,0,1,0
202609120038756,1,0,1,0
202609120028293,1,0,1,0
202609120009816,1,0,1,0
202609120048676,1,0,1,0
202609120045642,1,0,1,0
202609120023988,1,0,1,0
202609120020421,1,0,1,0
202609120027319,1,0,1,0
202609120014111,1,0,1,0
202609120029641,1,0,1,0
202609120026725,1,0,1,0
202609120003437,1,0,1,0
202609120022729,1,0,1,0
202609120018778,1,0,1,0
202609120032482,1,0,1,0
202609120008718,1,0,1,0
202609120040975,1,0,1,0
202609120020341,1,0,1,0
202609120035554,1,0,1,0
202609120044637,1,0,1,0
202609120029919,1,0,1,0
202609120032296,1,0,1,0
202609120012653,1,0,1,0
202609120045946,1,0,1,0
202609120048402,1,0,1,0
202609120035108,1,0,1,0
202609120025731,1,0,1,0
202609120047150,1,0,1,0
202609120013474,1,0,1,0
202609120035728,1,0,1,0
202609120040456,1,0,1,0
202609120032744,1,0,1,0
202609120013643,1,0,1,0
202609120035931,1,0,1,0
202609120040608,1,0,1,0
202609120000965,1,0,1,0
202609120028013,1,0,1,0
202609120020535,1,0,1,0
202609120001029,1,0,1,0
202609120009721,1,0,1,0
202609120000207,1,0,1,0
202609120006419,1,0,1,0
202609120047952,1,0,1,0
202609120003130,1,0,1,0
202609120043414,1,0,1,0
202609120013221,1,0,1,0
202609120042192,1,0,1,0
202609120004829,1,0,1,0
202609120027469,1,0,1,0
202609120019113,1,0,1,0
202609120042923,1,0,1,0
202609120019453,1,0,1,0
202609120019541,1,0,1,0
202609120025125,1,0,1,0
202609120016366,1,0,1,0
202609120000310,1,0,1,0
202609120007414,1,0,1,0
202609120019321,1,0,1,0
202609120020784,1,0,1,0
202609120041494,1,0,1,0
202609120011645,1,0,1,0
202609120009487,1,0,1,0
202609120035711,1,0,1,0
202609120039171,1,0,1,0
202609120023661,1,0,1,0
202609120029179,1,0,1,0
202609120048441,1,0,1,0
202609120012666,1,0,1,0
202609120003662,1,0,1,0
202609120000347,1,0,1,0
202609120003754,1,0,1,0
202609120027905,1,0,1,0
202609120026953,1,0,1,0
202609120014196,1,0,1,0
202609120035041,1,0,1,0
202609120029774,1,0,1,0
202609120016232,1,0,1,0
202609120000663,1,0,1,0
202609120033857,1,0,1,0
202609120042316,1,0,1,0
202609120003843,1,0,1,0
202609120004290,1,0,1,0
202609120044638,1,0,1,0
202609120029955,1,0,1,0
202609120024888,1,0,1,0
202609120003260,1,0,1,0
202609120043487,1,0,1,0
202609120012078,1,0,1,0
202609120022117,1,0,1,0
202609120034226,1,0,1,0
202609120039146,1,0,1,0
202609120028742,1,0,1,0
202609120034178,1,0,1,0
202609120022854,1,0,1,0
202609120015015,1,0,1,0
202609120041137,1,0,1,0
202609120039748,1,0,1,0
202609120012417,1,0,1,0
202609120016473,1,0,1,0
202609120033474,1,0,1,0
202609120021279,1,0,1,0
202609120049597,1,0,1,0
202609120032756,1,0,1,0
202609120003567,1,0,1,0
202609120034095,1,0,1,0
202609120004621,1,0,1,0
202609120040666,1,0,1,0
202609120046820,1,0,1,0
202609120022334,1,0,1,0
202609120033822,1,0,1,0
202609120027605,1,0,1,0
202609120040797,1,0,1,0
202609120001684,1,0,1,0
202609120037328,1,0,1,0
202609120037199,1,0,1,0
202609120006840,1,0,1,0
202609120032496,1,0,1,0
202609120031080,1,0,1,0
202609120009005,1,0,1,0
202609120001440,1,0,1,0
202609120030402,1,0,1,0
202609120000982,1,0,1,0
202609120014289,1,0,1,0
202609120033226,1,0,1,0
202609120004055,1,0,1,0
202609120035815,1,0,1,0
202609120042092,1,0,1,0
202609120015659,1,0,1,0
202609120020329,1,0,1,0
202609120006891,1,0,1,0
202609120038481,1,0,1,0
202609120023325,1,0,1,0
202609120042526,1,0,1,0
202609120011100,1,0,1,0
202609120015906,1,0,1,0
202609120013652,1,0,1,0
202609120035721,1,0,1,0
202609120034647,1,0,1,0
202609120005494,1,0,1,0
202609120039781,1,0,1,0
202609120007689,1,0,1,0
202609120015507,1,0,1,0
202609120022831,1,0,1,0
202609120029924,1,0,1,0
202609120024933,1,0,1,0
202609120005174,1,0,1,0
202609120028438,1,0,1,0
202609120040365,1,0,1,0
202609120011913,1,0,1,0
202609120006229,1,0,1,0
202609120047783,1,0,1,0
202609120001302,1,0,1,0
202609120036726,1,0,1,0
202609120005844,1,0,1,0
202609120020564,1,0,1,0
202609120008732,1,0,1,0
202609120018404,1,0,1,0
202609120043556,1,0,1,0
202609120026813,1,0,1,0
202609120003717,1,0,1,0
202609120016686,1,0,1,0
202609120021767,1,0,1,0
202609120002841,1,0,1,0
202609120006009,1,0,1,0
202609120037787,1,0,1,0
202609120002608,1,0,1,0
202609120039020,1,0,1,0
202609120046626,1,0,1,0
202609120045153,1,0,1,0
202609120026804,1,0,1,0
202609120044317,1,0,1,0
202609120018493,1,0,1,0
202609120010858,1,0,1,0
202609120048624,1,0,1,0
202609120019521,1,0,1,0
202609120005028,1,0,1,0
202609120048148,1,0,1,0
202609120002684,1,0,1,0
202609120023516,1,0,1,0
202609120027709,1,0,1,0
202609120000880,1,0,1,0
202609120026567,1,0,1,0
202609120031541,1,0,1,0
202609120013067,1,0,1,0
202609120040700,1,0,1,0
202609120038159,1,0,1,0
202609120044044,1,0,1,0
202609120004399,1,0,1,0
202609120010283,1,0,1,0
202609120002026,1,0,1,0
202609120028469,1,0,1,0
202609120002945,1,0,1,0
202609120030735,1,0,1,0
202609120034346,1,0,1,0
202609120014673,1,0,1,0
202609120009055,1,0,1,0
202609120042176,1,0,1,0
202609120026287,1,0,1,0
202609120010435,1,0,1,0
202609120017565,1,0,1,0
202609120035091,1,0,1,0
202609120037032,1,0,1,0
202609120008817,1,0,1,0
202609120046889,1,0,1,0
202609120025222,1,0,1,0
202609120014990,1,0,1,0
202609120031961,1,0,1,0
202609120020997,1,0,1,0
202609120013005,1,0,1,0
202609120013515,1,0,1,0
202609120002733,1,0,1,0
202609120019720,1,0,1,0
202609120045071,1,0,1,0
202609120011781,1,0,1,0
202609120038066,1,0,1,0
202609120015363,1,0,1,0
202609120019660,1,0,1,0
202609120004223,1,0,1,0
202609120046755,1,0,1,0
202609120021141,1,0,1,0
202609120047487,1,0,1,0
202609120027604,1,0,1,0
202609120026268,1,0,1,0
202609120043682,1,0,1,0
202609120009983,1,0,1,0
202609120049466,1,0,1,0
202609120021813,1,0,1,0
202609120034235,1,0,1,0
202609120016368,1,0,1,0
202609120022621,1,0,1,0
202609120011615,1,0,1,0
202609120039190,1,0,1,0
202609120029254,1,0,1,0
202609120016162,1,0,1,0
202609120010635,1,0,1,0
202609120012725,1,0,1,0
202609120004138,1,0,1,0
202609120008443,1,0,1,0
202609120009049,1,0,1,0
202609120013251,1,0,1,0
202609120008544,1,0,1,0
202609120044361,1,0,1,0
202609120014260,1,0,1,0
202609120027407,1,0,1,0
202609120029443,1,0,1,0
202609120035992,1,0,1,0
202609120016993,1,0,1,0
202609120020394,1,0,1,0
202609120021112,1,0,1,0
202609120048515,1,0,1,0
202609120011594,1,0,1,0
202609120021038,1,0,1,0
202609120043260,1,0,1,0
202609120046095,1,0,1,0
202609120023818,1,0,1,0
202609120023312,1,0,1,0
202609120036373,1,0,1,0
202609120024405,1,0,1,0
202609120002058,1,0,1,0
202609120014239,1,0,1,0
202609120018878,1,0,1,0
202609120048080,1,0,1,0
202609120012981,1,0,1,0
202609120000067,1,0,1,0
202609120035075,1,0,1,0
202609120033155,1,0,1,0
202609120042652,1,0,1,0
202609120005691,1,0,1,0
202609120039159,1,0,1,0
202609120028604,1,0,1,0
202609120016186,1,0,1,0
202609120022410,1,0,1,0
202609120033546,1,0,1,0
202609120043603,1,0,1,0
202609120036112,1,0,1,0
202609120023170,1,0,1,0
202609120019246,1,0,1,0
202609120019664,1,0,1,0
202609120042815,1,0,1,0
202609120005487,1,0,1,0
202609120046059,1,0,1,0
202609120014765,1,0,1,0
202609120028247,1,0,1,0
202609120007413,1,0,1,0
202609120033833,1,0,1,0
202609120018272,1,0,1,0
202609120041372,1,0,1,0
202609120012919,1,0,1,0
202609120026487,1,0,1,0
202609120002663,1,0,1,0
202609120018103,1,0,1,0
202609120009261,1,0,1,0
202609120005995,1,0,1,0
202609120024602,1,0,1,0
202609120023598,1,0,1,0
202609120032547,1,0,1,0
202609120023601,1,0,1,0
202609120030362,1,0,1,0
202609120035776,1,0,1,0
202609120015750,1,0,1,0
202609120045625,1,0,1,0
202609120032751,1,0,1,0
202609120017608,1,0,1,0
202609120049169,1,0,1,0
202609120009488,1,0,1,0
202609120003261,1,0,1,0
202609120026385,1,0,1,0
202609120016583,1,0,1,0
202609120014676,1,0,1,0
202609120023653,1,0,1,0
202609120028814,1,0,1,0
202609120034336,1,0,1,0
202609120031169,1,0,1,0
202609120007909,1,0,1,0
202609120033143,1,0,1,0
202609120026041,1,0,1,0
202609120020498,1,0,1,0
202609120010615,1,0,1,0
202609120016444,1,0,1,0
202609120003012,1,0,1,0
202609120021022,1,0,1,0
202609120029479,1,0,1,0
202609120041726,1,0,1,0
202609120037118,1,0,1,0
202609120003407,1,0,1,0
202609120016269,1,0,1,0
202609120001100,1,0,1,0
202609120045620,1,0,1,0
202609120012126,1,0,1,0
202609120036109,1,0,1,0
202609120018438,1,0,1,0
202609120036725,1,0,1,0
202609120012283,1,0,1,0
202609120044216,1,0,1,0
202609120038142,1,0,1,0
202609120036672,1,0,1,0
202609120029981,1,0,1,0
202609120000025,1,0,1,0
202609120001691,1,0,1,0
202609120008795,1,0,1,0
202609120002591,1,0,1,0
202609120043283,1,0,1,0
202609120020369,1,0,1,0
202609120038810,1,0,1,0
202609120007396,1,0,1,0
202609120000164,1,0,1,0
202609120021326,1,0,1,0
202609120040901,1,0,1,0
202609120006082,1,0,1,0
202609120024091,1,0,1,0
202609120034014,1,0,1,0
202609120002675,1,0,1,0
202609120022578,1,0,1,0
202609120017654,1,0,1,0
202609120030566,1,0,1,0
202609120015062,1,0,1,0
202609120002688,1,0,1,0
202609120014388,1,0,1,0
202609120042718,1,0,1,0
202609120022074,1,0,1,0
202609120014671,1,0,1,0
202609120040774,1,0,1,0
202609120034435,1,0,1,0
202609120044635,1,0,1,0
202609120007321,1,0,1,0
202609120003164,1,0,1,0
202609120038889,1,0,1,0
202609120040699,1,0,1,0
202609120036696,1,0,1,0
202609120006605,1,0,1,0
202609120007910,1,0,1,0
202609120049478,1,0,1,0
202609120006957,1,0,1,0
202609120019556,1,0,1,0
202609120000791,1,0,1,0
202609120045470,1,0,1,0
202609120012684,1,0,1,0
202609120002906,1,0,1,0
202609120007896,1,0,1,0
202609120032575,1,0,1,0
202609120001913,1,0,1,0
202609120041052,1,0,1,0
202609120016047,1,0,1,0
202609120031794,1,0,1,0
202609120021890,1,0,1,0
202609120038627,1,0,1,0
202609120043773,1,0,1,0
202609120041237,1,0,1,0
202609120025899,1,0,1,0
202609120028260,1,0,1,0
202609120005293,1,0,1,0
202609120042215,1,0,1,0
202609120012548,1,0,1,0
202609120033928,1,0,1,0
202609120017443,1,0,1,0
202609120042304,1,0,1,0
202609120000611,1,0,1,0
202609120008739,1,0,1,0
202609120021149,1,0,1,0
202609120039891,1,0,1,0
202609120014620,1,0,1,0
202609120043434,1,0,1,0
202609120019668,1,0,1,0
202609120031471,1,0,1,0
202609120048139,1,0,1,0
202609120037232,1,0,1,0
202609120039028,1,0,1,0
202609120026718,1,0,1,0
202609120025836,1,0,1,0
202609120037309,1,0,1,0
202609120008445,1,0,1,0
202609120041769,1,0,1,0
202609120017743,1,0,1,0
202609120004060,1,0,1,0
202609120017572,1,0,1,0
202609120035409,1,0,1,0
202609120032885,1,0,1,0
202609120044690,1,0,1,0
202609120001757,1,0,1,0
202609120000560,1,0,1,0
202609120030244,1,0,1,0
202609120041053,1,0,1,0
202609120039107,1,0,1,0
202609120039651,1,0,1,0
202609120011221,1,0,1,0
202609120022105,1,0,1,0
202609120046551,1,0,1,0
202609120005620,1,0,1,0
202609120009476,1,0,1,0
202609120003605,1,0,1,0
202609120001335,1,0,1,0
202609120032571,1,0,1,0
202609120043825,1,0,1,0
202609120029741,1,0,1,0
202609120030140,1,0,1,0
202609120035913,1,0,1,0
202609120038166,1,0,1,0
202609120010777,1,0,1,0
202609120002051,1,0,1,0
202609120045195,1,0,1,0
202609120020098,1,0,1,0
202609120042931,1,0,1,0
202609120041709,1,0,1,0
202609120029552,1,0,1,0
202609120036230,1,0,1,0
202609120036464,1,0,1,0
202609120029439,1,0,1,0
202609120001974,1,0,1,0
202609120001064,1,0,1,0
202609120048824,1,0,1,0
202609120045725,1,0,1,0
202609120045252,1,0,1,0
202609120017541,1,0,1,0
202609120047672,1,0,1,0
202609120047763,1,0,1,0
202609120009731,1,0,1,0
202609120014061,1,0,1,0
202609120003737,1,0,1,0
202609120039679,1,0,1,0
202609120002254,1,0,1,0
202609120030521,1,0,1,0
202609120011899,1,0,1,0
202609120003440,1,0,1,0
202609120049065,1,0,1,0
202609120047555,1,0,1,0
202609120005936,1,0,1,0
202609120027647,1,0,1,0
202609120018055,1,0,1,0
202609120026490,1,0,1,0
202609120007043,1,0,1,0
202609120027832,1,0,1,0
202609120029978,1,0,1,0
202609120001265,1,0,1,0
202609120003328,1,0,1,0
202609120025925,1,0,1,0
202609120032760,1,0,1,0
202609120034956,1,0,1,0
202609120029739,1,0,1,0
202609120030197,1,0,1,0
202609120042573,1,0,1,0
202609120031913,1,0,1,0
202609120036218,1,0,1,0
202609120029277,1,0,1,0
202609120039318,1,0,1,0
202609120006910,1,0,1,0
202609120028267,1,0,1,0
202609120013521,1,0,1,0
202609120000528,1,0,1,0
202609120007992,1,0,1,0
202609120026928,1,0,1,0
202609120001648,1,0,1,0
202609120025298,1,0,1,0
202609120008683,1,0,1,0
202609120000431,1,0,1,0
202609120017691,1,0,1,0
202609120033223,1,0,1,0
202609120011868,1,0,1,0
202609120016644,1,0,1,0
202609120028695,1,0,1,0
202609120007490,1,0,1,0
202609120019019,1,0,1,0
202609120002833,1,0,1,0
202609120018391,1,0,1,0
202609120004316,1,0,1,0
202609120011308,1,0,1,0
202609120035505,1,0,1,0
202609120000809,1,0,1,0
202609120042210,1,0,1,0
202609120038395,1,0,1,0
202609120025331,1,0,1,0
202609120022011,1,0,1,0
202609120025865,1,0,1,0
202609120027567,1,0,1,0
202609120042696,1,0,1,0
202609120004768,1,0,1,0
202609120046014,1,0,1,0
202609120002803,1,0,1,0
202609120002041,1,0,1,0
202609120027797,1,0,1,0
202609120043986,1,0,1,0
202609120019928,1,0,1,0
202609120005782,1,0,1,0
202609120011507,1,0,1,0
202609120036545,1,0,1,0
202609120031323,1,0,1,0
202609120025545,1,0,1,0
202609120010109,1,0,1,0
202609120003019,1,0,1,0
202609120049345,1,0,1,0
202609120043654,1,0,1,0
202609120047056,1,0,1,0
202609120030207,1,0,1,0
202609120031692,1,0,1,0
202609120014995,1,0,1,0
202609120038651,1,0,1,0
202609120026145,1,0,1,0
202609120008533,1,0,1,0
202609120040629,1,0,1,0
202609120000138,1,0,1,0
202609120021046,1,0,1,0
202609120009467,1,0,1,0
202609120044681,1,0,1,0
202609120017519,1,0,1,0
202609120038506,1,0,1,0
202609120028087,1,0,1,0
202609120003891,1,0,1,0
202609120016735,1,0,1,0
202609120036238,1,0,1,0
202609120044101,1,0,1,0
202609120027901,1,0,1,0
202609120022931,1,0,1,0
202609120030843,1,0,1,0
202609120017957,1,0,1,0
202609120040588,1,0,1,0
202609120044430,1,0,1,0
202609120030007,1,0,1,0
202609120045980,1,0,1,0
202609120037257,1,0,1,0
202609120021949,1,0,1,0
202609120025690,1,0,1,0
202609120026473,1,0,1,0
202609120009880,1,0,1,0
202609120012940,1,0,1,0
202609120046041,1,0,1,0
202609120037450,1,0,1,0
202609120007310,1,0,1,0
202609120033637,1,0,1,0
202609120049266,1,0,1,0
202609120039400,1,0,1,0
202609120015872,1,0,1,0
202609120004356,1,0,1,0
202609120039798,1,0,1,0
202609120044346,1,0,1,0
202609120013195,1,0,1,0
202609120037797,1,0,1,0
202609120018488,1,0,1,0
202609120011629,1,0,1,0
202609120016575,1,0,1,0
202609120006998,1,0,1,0
202609120000716,1,0,1,0
202609120045819,1,0,1,0
202609120000699,1,0,1,0
202609120028689,1,0,1,0
202609120004338,1,0,1,0
202609120029194,1,0,1,0
202609120039038,1,0,1,0
202609120004779,1,0,1,0
202609120009746,1,0,1,0
202609120003023,1,0,1,0
202609120044707,1,0,1,0
202609120034233,1,0,1,0
202609120047819,1,0,1,0
202609120045131,1,0,1,0
202609120030488,1,0,1,0
202609120041220,1,0,1,0
202609120015991,1,0,1,0
202609120016286,1,0,1,0
202609120009374,1,0,1,0
202609120019850,1,0,1,0
202609120016482,1,0,1,0
202609120007124,1,0,1,0
202609120002917,1,0,1,0
202609120003790,1,0,1,0
202609120008475,1,0,1,0
202609120016098,1,0,1,0
202609120022372,1,0,1,0
202609120024981,1,0,1,0
202609120002665,1,0,1,0
202609120045986,1,0,1,0
202609120019082,1,0,1,0
202609120003374,1,0,1,0
202609120023052,1,0,1,0
202609120002289,1,0,1,0
202609120004809,1,0,1,0
202609120049043,1,0,1,0
202609120040042,1,0,1,0
202609120033272,1,0,1,0
202609120025471,1,0,1,0
202609120046632,1,0,1,0
202609120037324,1,0,1,0
202609120038770,1,0,1,0
202609120037649,1,0,1,0
202609120036458,1,0,1,0
202609120019624,1,0,1,0
202609120042862,1,0,1,0
202609120003251,1,0,1,0
202609120013641,1,0,1,0
202609120008423,1,0,1,0
202609120042500,1,0,1,0
202609120015115,1,0,1,0
202609120028133,1,0,1,0
202609120037914,1,0,1,0
202609120022451,1,0,1,0
202609120017760,1,0,1,0
202609120032934,1,0,1,0
202609120011459,1,0,1,0
202609120030977,1,0,1,0
202609120041134,1,0,1,0
202609120035128,1,0,1,0
202609120006941,1,0,1,0
202609120044387,1,0,1,0
202609120020680,1,0,1,0
202609120001409,1,0,1,0
202609120009101,1,0,1,0
202609120003540,1,0,1,0
202609120041673,1,0,1,0
202609120011489,1,0,1,0
202609120044788,1,0,1,0
202609120043502,1,0,1,0
202609120013618,1,0,1,0
202609120020892,1,0,1,0
202609120005003,1,0,1,0
202609120032597,1,0,1,0
202609120020972,1,0,1,0
202609120024771,1,0,1,0
202609120020542,1,0,1,0
202609120017419,1,0,1,0
202609120009857,1,0,1,0
202609120018797,1,0,1,0
202609120022503,1,0,1,0
202609120021730,1,0,1,0
202609120002347,1,0,1,0
202609120016606,1,0,1,0
202609120034481,1,0,1,0
202609120011433,1,0,1,0
202609120013249,1,0,1,0
202609120028526,1,0,1,0
202609120019804,1,0,1,0
202609120028279,1,0,1,0
202609120042593,1,0,1,0
202609120013389,1,0,1,0
202609120022695,1,0,1,0
202609120042794,1,0,1,0
202609120041622,1,0,1,0
202609120042273,1,0,1,0
202609120007770,1,0,1,0
202609120045945,1,0,1,0
202609120001313,1,0,1,0
202609120030158,1,0,1,0
202609120001457,1,0,1,0
202609120010019,1,0,1,0
202609120039827,1,0,1,0
202609120011070,1,0,1,0
202609120001539,1,0,1,0
202609120002967,1,0,1,0
202609120001852,1,0,1,0
202609120013568,1,0,1,0
202609120027283,1,0,1,0
202609120029989,1,0,1,0
202609120034755,1,0,1,0
202609120001305,1,0,1,0
202609120040264,1,0,1,0
202609120008346,1,0,1,0
202609120027424,1,0,1,0
202609120004092,1,0,1,0
202609120044984,1,0,1,0
202609120032032,1,0,1,0
202609120046279,1,0,1,0
202609120000249,1,0,1,0
202609120039986,1,0,1,0
202609120038061,1,0,1,0
202609120019863,1,0,1,0
202609120049707,1,0,1,0
202609120023535,1,0,1,0
202609120019395,1,0,1,0
202609120039685,1,0,1,0
202609120039044,1,0,1,0
202609120022198,1,0,1,0
202609120040628,1,0,1,0
202609120027013,1,0,1,0
202609120001580,1,0,1,0
202609120030905,1,0,1,0
202609120023951,1,0,1,0
202609120000915,1,0,1,0
202609120040376,1,0,1,0
202609120022659,1,0,1,0
202609120045848,1,0,1,0
202609120045297,1,0,1,0
202609120005856,1,0,1,0
202609120035211,1,0,1,0
202609120015220,1,0,1,0
202609120018075,1,0,1,0
202609120044505,1,0,1,0
202609120044761,1,0,1,0
202609120038740,1,0,1,0
202609120049549,1,0,1,0
202609120012892,1,0,1,0
202609120035915,1,0,1,0
202609120041165,1,0,1,0
202609120044782,1,0,1,0
202609120014089,1,0,1,0
202609120025724,1,0,1,0
202609120034067,1,0,1,0
202609120049432,1,0,1,0
202609120001157,1,0,1,0
202609120049433,1,0,1,0
202609120043979,1,0,1,0
202609120021520,1,0,1,0
202609120048352,1,0,1,0
202609120024300,1,0,1,0
202609120015982,1,0,1,0
202609120017656,1,0,1,0
202609120001693,1,0,1,0
202609120029325,1,0,1,0
202609120035766,1,0,1,0
202609120035575,1,0,1,0
202609120023016,1,0,1,0
202609120012628,1,0,1,0
202609120032913,1,0,1,0
202609120039315,1,0,1,0
202609120020976,1,0,1,0
202609120017996,1,0,1,0
202609120009441,1,0,1,0
202609120016939,1,0,1,0
202609120028558,1,0,1,0
202609120029693,1,0,1,0
202609120043085,1,0,1,0
202609120034532,1,0,1,0
202609120009246,1,0,1,0
202609120014631,1,0,1,0
202609120037817,1,0,1,0
202609120015290,1,0,1,0
202609120048554,1,0,1,0
202609120008185,1,0,1,0
202609120011709,1,0,1,0
202609120027503,1,0,1,0
202609120049816,1,0,1,0
202609120028591,1,0,1,0
202609120027117,1,0,1,0
202609120034711,1,0,1,0
202609120008850,1,0,1,0
202609120045259,1,0,1,0
202609120018975,1,0,1,0
202609120029022,1,0,1,0
202609120031386,1,0,1,0
202609120040757,1,0,1,0
202609120032055,1,0,1,0
202609120022248,1,0,1,0
202609120036163,1,0,1,0
202609120021820,1,0,1,0
202609120009463,1,0,1,0
202609120032689,1,0,1,0
202609120033193,1,0,1,0
202609120017736,1,0,1,0
202609120037111,1,0,1,0
202609120040197,1,0,1,0
202609120045274,1,0,1,0
202609120032011,1,0,1,0
202609120002976,1,0,1,0
202609120017927,1,0,1,0
202609120043768,1,0,1,0
202609120001108,1,0,1,0
202609120009145,1,0,1,0
202609120021846,1,0,1,0
202609120038559,1,0,1,0
202609120043296,1,0,1,0
202609120035706,1,0,1,0
202609120046320,1,0,1,0
202609120045684,1,0,1,0
202609120031072,1,0,1,0
202609120036475,1,0,1,0
202609120012462,1,0,1,0
202609120006890,1,0,1,0
202609120040486,1,0,1,0
202609120047622,1,0,1,0
202609120007466,1,0,1,0
202609120033792,1,0,1,0
202609120008319,1,0,1,0
202609120047270,1,0,1,0
202609120022990,1,0,1,0
202609120038258,1,0,1,0
202609120009436,1,0,1,0
202609120000300,1,0,1,0
202609120009311,1,0,1,0
202609120010146,1,0,1,0
202609120048664,1,0,1,0
202609120012022,1,0,1,0
202609120024952,1,0,1,0
202609120017878,1,0,1,0
202609120031100,1,0,1,0
202609120027910,1,0,1,0
202609120019021,1,0,1,0
202609120026528,1,0,1,0
202609120011030,1,0,1,0
202609120033010,1,0,1,0
202609120038474,1,0,1,0
202609120029187,1,0,1,0
202609120022849,1,0,1,0
202609120038220,1,0,1,0
202609120046664,1,0,1,0
202609120009388,1,0,1,0
202609120029653,1,0,1,0
202609120046034,1,0,1,0
202609120032768,1,0,1,0
202609120032239,1,0,1,0
202609120017521,1,0,1,0
202609120026421,1,0,1,0
202609120026308,1,0,1,0
202609120004165,1,0,1,0
202609120038739,1,0,1,0
202609120035371,1,0,1,0
202609120038442,1,0,1,0
202609120006796,1,0,1,0
202609120002224,1,0,1,0
202609120015474,1,0,1,0
202609120010332,1,0,1,0
202609120026103,1,0,1,0
202609120043081,1,0,1,0
202609120006642,1,0,1,0
202609120037347,1,0,1,0
202609120016536,1,0,1,0
202609120046914,1,0,1,0
202609120028838,1,0,1,0
202609120042449,1,0,1,0
202609120038968,1,0,1,0
202609120023332,1,0,1,0
202609120034949,1,0,1,0
202609120034375,1,0,1,0
202609120041188,1,0,1,0
202609120005099,1,0,1,0
202609120035109,1,0,1,0
202609120032530,1,0,1,0
202609120049263,1,0,1,0
202609120001180,1,0,1,0
202609120031591,1,0,1,0
202609120017312,1,0,1,0
202609120002719,1,0,1,0
202609120016103,1,0,1,0
202609120019486,1,0,1,0
202609120042548,1,0,1,0
202609120017400,1,0,1,0
202609120035764,1,0,1,0
202609120040101,1,0,1,0
202609120005949,1,0,1,0
202609120033423,1,0,1,0
202609120029651,1,0,1,0
202609120044843,1,0,1,0
202609120044366,1,0,1,0
202609120044719,1,0,1,0
202609120009951,1,0,1,0
202609120034099,1,0,1,0
202609120038543,1,0,1,0
202609120031819,1,0,1,0
202609120031005,1,0,1,0
202609120013073,1,0,1,0
202609120012226,1,0,1,0
202609120011191,1,0,1,0
202609120045438,1,0,1,0
202609120045737,1,0,1,0
202609120028198,1,0,1,0
202609120024652,1,0,1,0
202609120032697,1,0,1,0
202609120035717,1,0,1,0
202609120003854,1,0,1,0
202609120007358,1,0,1,0
202609120042024,1,0,1,0
202609120003010,1,0,1,0
202609120030369,1,0,1,0
202609120003938,1,0,1,0
202609120017241,1,0,1,0
202609120047792,1,0,1,0
202609120005227,1,0,1,0
202609120002440,1,0,1,0
202609120034717,1,0,1,0
202609120023595,1,0,1,0
202609120036618,1,0,1,0
202609120005416,1,0,1,0
202609120005472,1,0,1,0
202609120022534,1,0,1,0
202609120031036,1,0,1,0
202609120020355,1,0,1,0
202609120012330,1,0,1,0
202609120037207,1,0,1,0
202609120013500,1,0,1,0
202609120029754,1,0,1,0
202609120012158,1,0,1,0
202609120049024,1,0,1,0
202609120041044,1,0,1,0
202609120032425,1,0,1,0
202609120027873,1,0,1,0
202609120049033,1,0,1,0
202609120003744,1,0,1,0
202609120035782,1,0,1,0
202609120021304,1,0,1,0
202609120040834,1,0,1,0
202609120016540,1,0,1,0
202609120026290,1,0,1,0
202609120045190,1,0,1,0
202609120013079,1,0,1,0
202609120015909,1,0,1,0
202609120002446,1,0,1,0
202609120017778,1,0,1,0
202609120012743,1,0,1,0
202609120044104,1,0,1,0
202609120043573,1,0,1,0
202609120030213,1,0,1,0
202609120033896,1,0,1,0
202609120000316,1,0,1,0
202609120027815,1,0,1,0
202609120041105,1,0,1,0
202609120019969,1,0,1,0
202609120020737,1,0,1,0
202609120031331,1,0,1,0
202609120014421,1,0,1,0
202609120015239,1,0,1,0
202609120035139,1,0,1,0
202609120045240,1,0,1,0
202609120039238,1,0,1,0
202609120017490,1,0,1,0
202609120003814,1,0,1,0
202609120020190,1,0,1,0
202609120024368,1,0,1,0
202609120004403,1,0,1,0
202609120035381,1,0,1,0
202609120033618,1,0,1,0
202609120003841,1,0,1,0
202609120014549,1,0,1,0
202609120037322,1,0,1,0
202609120020172,1,0,1,0
202609120038479,1,0,1,0
202609120013452,1,0,1,0
202609120009800,1,0,1,0
202609120027372,1,0,1,0
202609120022813,1,0,1,0
202609120049215,1,0,1,0
202609120000111,1,0,1,0
202609120043868,1,0,1,0
202609120019304,1,0,1,0
202609120023119,1,0,1,0
202609120035447,1,0,1,0
202609120012972,1,0,1,0
202609120013356,1,0,1,0
202609120015198,1,0,1,0
202609120026386,1,0,1,0
202609120025980,1,0,1,0
202609120012011,1,0,1,0
202609120017308,1,0,1,0
202609120012567,1,0,1,0
202609120012328,1,0,1,0
202609120009088,1,0,1,0
202609120005282,1,0,1,0
202609120002102,1,0,1,0
202609120043903,1,0,1,0
202609120041358,1,0,1,0
202609120047484,1,0,1,0
202609120015154,1,0,1,0
202609120009497,1,0,1,0
202609120014107,1,0,1,0
202609120043597,1,0,1,0
202609120007230,1,0,1,0
202609120010523,1,0,1,0
202609120024605,1,0,1,0
202609120034165,1,0,1,0
202609120020359,1,0,1,0
202609120029583,1,0,1,0
202609120027773,1,0,1,0
202609120040857,1,0,1,0
202609120036796,1,0,1,0
202609120009273,1,0,1,0
202609120030936,1,0,1,0
202609120014581,1,0,1,0
202609120011599,1,0,1,0
202609120009473,1,0,1,0
202609120014120,1,0,1,0
202609120019860,1,0,1,0
202609120008814,1,0,1,0
202609120034912,1,0,1,0
202609120011231,1,0,1,0
202609120044774,1,0,1,0
202609120026800,1,0,1,0
202609120022486,1,0,1,0
202609120022584,1,0,1,0
202609120042857,1,0,1,0
202609120046322,1,0,1,0
202609120006104,1,0,1,0
202609120041360,1,0,1,0
202609120006041,1,0,1,0
202609120018858,1,0,1,0
202609120038578,1,0,1,0
202609120015150,1,0,1,0
202609120014121,1,0,1,0
202609120013976,1,0,1,0
202609120046531,1,0,1,0
202609120009212,1,0,1,0
202609120013497,1,0,1,0
202609120003177,1,0,1,0
202609120015547,1,0,1,0
202609120033414,1,0,1,0
202609120047119,1,0,1,0
202609120028937,1,0,1,0
202609120028085,1,0,1,0
202609120022365,1,0,1,0
202609120049479,1,0,1,0
202609120028836,1,0,1,0
202609120019574,1,0,1,0
202609120010823,1,0,1,0
202609120029864,1,0,1,0
202609120035258,1,0,1,0
202609120012608,1,0,1,0
202609120011556,1,0,1,0
202609120009662,1,0,1,0
202609120006181,1,0,1,0
202609120044809,1,0,1,0
202609120021873,1,0,1,0
202609120043116,1,0,1,0
202609120016547,1,0,1,0
202609120011696,1,0,1,0
202609120028706,1,0,1,0
202609120002420,1,0,1,0
202609120027323,1,0,1,0
202609120031852,1,0,1,0
202609120034303,1,0,1,0
202609120017932,1,0,1,0
202609120001134,1,0,1,0
202609120042392,1,0,1,0
202609120045939,1,0,1,0
202609120036631,1,0,1,0
202609120016483,1,0,1,0
202609120027849,1,0,1,0
202609120026789,1,0,1,0
202609120004630,1,0,1,0
202609120018971,1,0,1,0
202609120031081,1,0,1,0
202609120012538,1,0,1,0
202609120037290,1,0,1,0
202609120009041,1,0,1,0
202609120040485,1,0,1,0
202609120031133,1,0,1,0
202609120016187,1,0,1,0
202609120037727,1,0,1,0
202609120044674,1,0,1,0
202609120009307,1,0,1,0
202609120021939,1,0,1,0
202609120030700,1,0,1,0
202609120032705,1,0,1,0
202609120001874,1,0,1,0
202609120006484,1,0,1,0
202609120007919,1,0,1,0
202609120018424,1,0,1,0
202609120005071,1,0,1,0
202609120030187,1,0,1,0
202609120000149,1,0,1,0
202609120003522,1,0,1,0
202609120046126,1,0,1,0
202609120005200,1,0,1,0
202609120017033,1,0,1,0
202609120024119,1,0,1,0
202609120000548,1,0,1,0
202609120039670,1,0,1,0
202609120018772,1,0,1,0
202609120046565,1,0,1,0
202609120020927,1,0,1,0
202609120030049,1,0,1,0
202609120001307,1,0,1,0
202609120020096,1,0,1,0
202609120026466,1,0,1,0
202609120024421,1,0,1,0
202609120049591,1,0,1,0
202609120010323,1,0,1,0
202609120046697,1,0,1,0
202609120023241,1,0,1,0
202609120037158,1,0,1,0
202609120021853,1,0,1,0
202609120014173,1,0,1,0
202609120042899,1,0,1,0
202609120029026,1,0,1,0
202609120021495,1,0,1,0
202609120025965,1,0,1,0
202609120029765,1,0,1,0
202609120011684,1,0,1,0
202609120009309,1,0,1,0
202609120030133,1,0,1,0
202609120045087,1,0,1,0
202609120006929,1,0,1,0
202609120027151,1,0,1,0
202609120002650,1,0,1,0
202609120023161,1,0,1,0
202609120049133,1,0,1,0
202609120024380,1,0,1,0
202609120045498,1,0,1,0
202609120004291,1,0,1,0
202609120006283,1,0,1,0
202609120049259,1,0,1,0
202609120014081,1,0,1,0
202609120045742,1,0,1,0
202609120042181,1,0,1,0
202609120005111,1,0,1,0
202609120014508,1,0,1,0
202609120013955,1,0,1,0
202609120038102,1,0,1,0
202609120017189,1,0,1,0
202609120010465,1,0,1,0
202609120018461,1,0,1,0
202609120040557,1,0,1,0
202609120011273,1,0,1,0
202609120003376,1,0,1,0
202609120037174,1,0,1,0
202609120040866,1,0,1,0
202609120027169,1,0,1,0
202609120016996,1,0,1,0
202609120029018,1,0,1,0
202609120029132,1,0,1,0
202609120006003,1,0,1,0
202609120026586,1,0,1,0
202609120046217,1,0,1,0
202609120026653,1,0,1,0
202609120006774,1,0,1,0
202609120007904,1,0,1,0
202609120020333,1,0,1,0
202609120032435,1,0,1,0
202609120035839,1,0,1,0
202609120042267,1,0,1,0
202609120037024,1,0,1,0
202609120046065,1,0,1,0
202609120041306,1,0,1,0
202609120004437,1,0,1,0
202609120011245,1,0,1,0
202609120037805,1,0,1,0
202609120006002,1,0,1,0
202609120040863,1,0,1,0
202609120043750,1,0,1,0
202609120025122,1,0,1,0
202609120041894,1,0,1,0
202609120038979,1,0,1,0
202609120012525,1,0,1,0
202609120023181,1,0,1,0
202609120009245,1,0,1,0
202609120045437,1,0,1,0
202609120031038,1,0,1,0
202609120041258,1,0,1,0
202609120024223,1,0,1,0
202609120023627,1,0,1,0
202609120036504,1,0,1,0
202609120025411,1,0,1,0
202609120014429,1,0,1,0
202609120023127,1,0,1,0
202609120005845,1,0,1,0
202609120011316,1,0,1,0
202609120022595,1,0,1,0
202609120003265,1,0,1,0
202609120002801,1,0,1,0
202609120010476,1,0,1,0
202609120023540,1,0,1,0
202609120026912,1,0,1,0
202609120038026,1,0,1,0
202609120016290,1,0,1,0
202609120026853,1,0,1,0
202609120043235,1,0,1,0
202609120007362,1,0,1,0
202609120024363,1,0,1,0
202609120023132,1,0,1,0
202609120021004,1,0,1,0
202609120016041,1,0,1,0
202609120006529,1,0,1,0
202609120020904,1,0,1,0
202609120008691,1,0,1,0
202609120024711,1,0,1,0
202609120030747,1,0,1,0
202609120011364,1,0,1,0
202609120015554,1,0,1,0
202609120044450,1,0,1,0
202609120030349,1,0,1,0
202609120033472,1,0,1,0
202609120037432,1,0,1,0
202609120012438,1,0,1,0
202609120029697,1,0,1,0
202609120017574,1,0,1,0
202609120008916,1,0,1,0
202609120042179,1,0,1,0
202609120036412,1,0,1,0
202609120014916,1,0,1,0
202609120011601,1,0,1,0
202609120003405,1,0,1,0
202609120024752,1,0,1,0
202609120042391,1,0,1,0
202609120000221,1,0,1,0
202609120018987,1,0,1,0
202609120023407,1,0,1,0
202609120047179,1,0,1,0
202609120046478,1,0,1,0
202609120027077,1,0,1,0
202609120023820,1,0,1,0
202609120043545,1,0,1,0
202609120024739,1,0,1,0
202609120042544,1,0,1,0
202609120013909,1,0,1,0
202609120030222,1,0,1,0
202609120008656,1,0,1,0
202609120022204,1,0,1,0
202609120009411,1,0,1,0
202609120002171,1,0,1,0
202609120002422,1,0,1,0
202609120048041,1,0,1,0
202609120036071,1,0,1,0
202609120041259,1,0,1,0
202609120036928,1,0,1,0
202609120026009,1,0,1,0
202609120012622,1,0,1,0
202609120007036,1,0,1,0
202609120042758,1,0,1,0
202609120044512,1,0,1,0
202609120022429,1,0,1,0
202609120016833,1,0,1,0
202609120005649,1,0,1,0
202609120036526,1,0,1,0
202609120038754,1,0,1,0
202609120030331,1,0,1,0
202609120014897,1,0,1,0
202609120008770,1,0,1,0
202609120022014,1,0,1,0
202609120034437,1,0,1,0
202609120032115,1,0,1,0
202609120039341,1,0,1,0
202609120031479,1,0,1,0
202609120000123,1,0,1,0
202609120004997,1,0,1,0
202609120036346,1,0,1,0
202609120031284,1,0,1,0
202609120040570,1,0,1,0
202609120017089,1,0,1,0
202609120005399,1,0,1,0
202609120018134,1,0,1,0
202609120049389,1,0,1,0
202609120027285,1,0,1,0
202609120029147,1,0,1,0
202609120028084,1,0,1,0
202609120044740,1,0,1,0
202609120011418,1,0,1,0
202609120012139,1,0,1,0
202609120019234,1,0,1,0
202609120001614,1,0,1,0
202609120028415,1,0,1,0
202609120014087,1,0,1,0
202609120014953,1,0,1,0
202609120012266,1,0,1,0
202609120006215,1,0,1,0
202609120045865,1,0,1,0
202609120012722,1,0,1,0
202609120047430,1,0,1,0
202609120004081,1,0,1,0
202609120002160,1,0,1,0
202609120010658,1,0,1,0
202609120019160,1,0,1,0
202609120047623,1,0,1,0
202609120022309,1,0,1,0
202609120019275,1,0,1,0
202609120000022,1,0,1,0
202609120042491,1,0,1,0
202609120014188,1,0,1,0
202609120031717,1,0,1,0
202609120026685,1,0,1,0
202609120048527,1,0,1,0
202609120007696,1,0,1,0
202609120003413,1,0,1,0
202609120038497,1,0,1,0
202609120006247,1,0,1,0
202609120000948,1,0,1,0
202609120035301,1,0,1,0
202609120036924,1,0,1,0
202609120023027,1,0,1,0
202609120006858,1,0,1,0
202609120024299,1,0,1,0
202609120007601,1,0,1,0
202609120045759,1,0,1,0
202609120016915,1,0,1,0
202609120030030,1,0,1,0
202609120048570,1,0,1,0
202609120004116,1,0,1,0
202609120015623,1,0,1,0
202609120006175,1,0,1,0
202609120001728,1,0,1,0
202609120003685,1,0,1,0
202609120006203,1,0,1,0
202609120035875,1,0,1,0
202609120031324,1,0,1,0
202609120017210,1,0,1,0
202609120031814,1,0,1,0
202609120037877,1,0,1,0
202609120006209,1,0,1,0
202609120036128,1,0,1,0
202609120001161,1,0,1,0
202609120037092,1,0,1,0
202609120025036,1,0,1,0
202609120006830,1,0,1,0
202609120007755,1,0,1,0
202609120030919,1,0,1,0
202609120016960,1,0,1,0
202609120035953,1,0,1,0
202609120047932,1,0,1,0
202609120035586,1,0,1,0
202609120036167,1,0,1,0
202609120018209,1,0,1,0
202609120038549,1,0,1,0
202609120021544,1,0,1,0
202609120038799,1,0,1,0
202609120040831,1,0,1,0
202609120019140,1,0,1,0
202609120016969,1,0,1,0
202609120009276,1,0,1,0
202609120049046,1,0,1,0
202609120007051,1,0,1,0
202609120017240,1,0,1,0
202609120010953,1,0,1,0
202609120017299,1,0,1,0
202609120027131,1,0,1,0
202609120037788,1,0,1,0
202609120010761,1,0,1,0
202609120044871,1,0,1,0
202609120022313,1,0,1,0
202609120013570,1,0,1,0
202609120029685,1,0,1,0
202609120018785,1,0,1,0
202609120033582,1,0,1,0
202609120027579,1,0,1,0
202609120029751,1,0,1,0
202609120049761,1,0,1,0
202609120040155,1,0,1,0
202609120027067,1,0,1,0
202609120039052,1,0,1,0
202609120035635,1,0,1,0
202609120026629,1,0,1,0
202609120026674,1,0,1,0
202609120047249,1,0,1,0
202609120024028,1,0,1,0
202609120039542,1,0,1,0
202609120028195,1,0,1,0
202609120034365,1,0,1,0
202609120044960,1,0,1,0
202609120010198,1,0,1,0
202609120036968,1,0,1,0
202609120024726,1,0,1,0
202609120023728,1,0,1,0
202609120042026,1,0,1,0
202609120037889,1,0,1,0
202609120002816,1,0,1,0
202609120021065,1,0,1,0
202609120022073,1,0,1,0
202609120043521,1,0,1,0
202609120030993,1,0,1,0
202609120015534,1,0,1,0
202609120045304,1,0,1,0
202609120006169,1,0,1,0
202609120042365,1,0,1,0
202609120038567,1,0,1,0
202609120024301,1,0,1,0
202609120036000,1,0,1,0
202609120026771,1,0,1,0
202609120049625,1,0,1,0
202609120027831,1,0,1,0
202609120048552,1,0,1,0
202609120045324,1,0,1,0
202609120019809,1,0,1,0
202609120009457,1,0,1,0
202609120019731,1,0,1,0
202609120002951,1,0,1,0
202609120018628,1,0,1,0
202609120020895,1,0,1,0
202609120043389,1,0,1,0
202609120044385,1,0,1,0
202609120020939,1,0,1,0
202609120040883,1,0,1,0
202609120037239,1,0,1,0
202609120010291,1,0,1,0
202609120031421,1,0,1,0
202609120009313,1,0,1,0
202609120043094,1,0,1,0
202609120014893,1,0,1,0
202609120001082,1,0,1,0
202609120021195,1,0,1,0
202609120033219,1,0,1,0
202609120031494,1,0,1,0
202609120045072,1,0,1,0
202609120036896,1,0,1,0
202609120009389,1,0,1,0
202609120015133,1,0,1,0
202609120013312,1,0,1,0
202609120022969,1,0,1,0
202609120024993,1,0,1,0
202609120008083,1,0,1,0
202609120024906,1,0,1,0
202609120000621,1,0,1,0
202609120035488,1,0,1,0
202609120023599,1,0,1,0
202609120046912,1,0,1,0
202609120011822,1,0,1,0
202609120034036,1,0,1,0
202609120013136,1,0,1,0
202609120021158,1,0,1,0
202609120037855,1,0,1,0
202609120027139,1,0,1,0
202609120035118,1,0,1,0
202609120002029,1,0,1,0
202609120031171,1,0,1,0
202609120049006,1,0,1,0
202609120033717,1,0,1,0
202609120045714,1,0,1,0
202609120022054,1,0,1,0
202609120011772,1,0,1,0
202609120031350,1,0,1,0
202609120022108,1,0,1,0
202609120028029,1,0,1,0
202609120017453,1,0,1,0
202609120041177,1,0,1,0
202609120031114,1,0,1,0
202609120004188,1,0,1,0
202609120024032,1,0,1,0
202609120022722,1,0,1,0
202609120019674,1,0,1,0
202609120017576,1,0,1,0
202609120044165,1,0,1,0
202609120012832,1,0,1,0
202609120006369,1,0,1,0
202609120045864,1,0,1,0
202609120020187,1,0,1,0
202609120029088,1,0,1,0
202609120041965,1,0,1,0
202609120012692,1,0,1,0
202609120006549,1,0,1,0
202609120034785,1,0,1,0
202609120048014,1,0,1,0
202609120024973,1,0,1,0
202609120018287,1,0,1,0
202609120006205,1,0,1,0
202609120008472,1,0,1,0
202609120017142,1,0,1,0
202609120004733,1,0,1,0
202609120039412,1,0,1,0
202609120035689,1,0,1,0
202609120021337,1,0,1,0
202609120015957,1,0,1,0
202609120007034,1,0,1,0
202609120019418,1,0,1,0
202609120008252,1,0,1,0
202609120027347,1,0,1,0
202609120049787,1,0,1,0
202609120021148,1,0,1,0
202609120000633,1,0,1,0
202609120031490,1,0,1,0
202609120047089,1,0,1,0
202609120008092,1,0,1,0
202609120043165,1,0,1,0
202609120023697,1,0,1,0
202609120014302,1,0,1,0
202609120022598,1,0,1,0
202609120007899,1,0,1,0
202609120038172,1,0,1,0
202609120019585,1,0,1,0
202609120030713,1,0,1,0
202609120029661,1,0,1,0
202609120032288,1,0,1,0
202609120030910,1,0,1,0
202609120039889,1,0,1,0
202609120036450,1,0,1,0
202609120042128,1,0,1,0
202609120032584,1,0,1,0
202609120006386,1,0,1,0
202609120012414,1,0,1,0
202609120019515,1,0,1,0
202609120003554,1,0,1,0
202609120031901,1,0,1,0
202609120003511,1,0,1,0
202609120026361,1,0,1,0
202609120042822,1,0,1,0
202609120028870,1,0,1,0
202609120030845,1,0,1,0
202609120049149,1,0,1,0
202609120003956,1,0,1,0
202609120016763,1,0,1,0
202609120007389,1,0,1,0
202609120043017,1,0,1,0
202609120043757,1,0,1,0
202609120026837,1,0,1,0
202609120024523,1,0,1,0
202609120020786,1,0,1,0
202609120031903,1,0,1,0
202609120039042,1,0,1,0
202609120024680,1,0,1,0
202609120044910,1,0,1,0
202609120030806,1,0,1,0
202609120016316,1,0,1,0
202609120013033,1,0,1,0
202609120016433,1,0,1,0
202609120032662,1,0,1,0
202609120032562,1,0,1,0
202609120011488,1,0,1,0
202609120044232,1,0,1,0
202609120033454,1,0,1,0
202609120044310,1,0,1,0
202609120044520,1,0,1,0
202609120024583,1,0,1,0
202609120025380,1,0,1,0
202609120018683,1,0,1,0
202609120021848,1,0,1,0
202609120028796,1,0,1,0
202609120021515,1,0,1,0
202609120030245,1,0,1,0
202609120045930,1,0,1,0
202609120000859,1,0,1,0
202609120043056,1,0,1,0
202609120019297,1,0,1,0
202609120040778,1,0,1,0
202609120013315,1,0,1,0
202609120025891,1,0,1,0
202609120008898,1,0,1,0
202609120049621,1,0,1,0
202609120008964,1,0,1,0
202609120035584,1,0,1,0
202609120001458,1,0,1,0
202609120031252,1,0,1,0
202609120001030,1,0,1,0
202609120018213,1,0,1,0
202609120048327,1,0,1,0
202609120015288,1,0,1,0
202609120006371,1,0,1,0
202609120002521,1,0,1,0
202609120019554,1,0,1,0
202609120020069,1,0,1,0
202609120006407,1,0,1,0
202609120015524,1,0,1,0
202609120028493,1,0,1,0
202609120032493,1,0,1,0
202609120019644,1,0,1,0
202609120007131,1,0,1,0
202609120004944,1,0,1,0
202609120028794,1,0,1,0
202609120005767,1,0,1,0
202609120009895,1,0,1,0
202609120033305,1,0,1,0
202609120018708,1,0,1,0
202609120042050,1,0,1,0
202609120046742,1,0,1,0
202609120042339,1,0,1,0
202609120012529,1,0,1,0
202609120005712,1,0,1,0
202609120032291,1,0,1,0
202609120028571,1,0,1,0
202609120001716,1,0,1,0
202609120002045,1,0,1,0
202609120028194,1,0,1,0
202609120023054,1,0,1,0
202609120022669,1,0,1,0
202609120020796,1,0,1,0
202609120020543,1,0,1,0
202609120046528,1,0,1,0
202609120002810,1,0,1,0
202609120031960,1,0,1,0
202609120009829,1,0,1,0
202609120003661,1,0,1,0
202609120024331,1,0,1,0
202609120002296,1,0,1,0
202609120002067,1,0,1,0
202609120045029,1,0,1,0
202609120045080,1,0,1,0
202609120043675,1,0,1,0
202609120014148,1,0,1,0
202609120001813,1,0,1,0
202609120017157,1,0,1,0
202609120003392,1,0,1,0
202609120006577,1,0,1,0
202609120026824,1,0,1,0
202609120023495,1,0,1,0
202609120032396,1,0,1,0
202609120036925,1,0,1,0
202609120023140,1,0,1,0
202609120023656,1,0,1,0
202609120024477,1,0,1,0
202609120009802,1,0,1,0
202609120041797,1,0,1,0
202609120014311,1,0,1,0
202609120014820,1,0,1,0
202609120021597,1,0,1,0
202609120030863,1,0,1,0
202609120011086,1,0,1,0
202609120026844,1,0,1,0
202609120046110,1,0,1,0
202609120026457,1,0,1,0
202609120045150,1,0,1,0
202609120003565,1,0,1,0
202609120020262,1,0,1,0
202609120031457,1,0,1,0
202609120038610,1,0,1,0
202609120048057,1,0,1,0
202609120046006,1,0,1,0
202609120007984,1,0,1,0
202609120015155,1,0,1,0
202609120034420,1,0,1,0
202609120027229,1,0,1,0
202609120014035,1,0,1,0
202609120003308,1,0,1,0
202609120017113,1,0,1,0
202609120016920,1,0,1,0
202609120016582,1,0,1,0
202609120013952,1,0,1,0
202609120045395,1,0,1,0
202609120021815,1,0,1,0
202609120007491,1,0,1,0
202609120002553,1,0,1,0
202609120013207,1,0,1,0
202609120014975,1,0,1,0
202609120002170,1,0,1,0
202609120003367,1,0,1,0
202609120044192,1,0,1,0
202609120034030,1,0,1,0
202609120012061,1,0,1,0
202609120001378,1,0,1,0
202609120027271,1,0,1,0
202609120001098,1,0,1,0
202609120015283,1,0,1,0
202609120023792,1,0,1,0
202609120035294,1,0,1,0
202609120008471,1,0,1,0
202609120006953,1,0,1,0
202609120043051,1,0,1,0
202609120020906,1,0,1,0
202609120011213,1,0,1,0
202609120033324,1,0,1,0
202609120011609,1,0,1,0
202609120009814,1,0,1,0
202609120000775,1,0,1,0
202609120034993,1,0,1,0
202609120036364,1,0,1,0
202609120021191,1,0,1,0
202609120029193,1,0,1,0
202609120030250,1,0,1,0
202609120033319,1,0,1,0
202609120024568,1,0,1,0
202609120026023,1,0,1,0
202609120026686,1,0,1,0
202609120036087,1,0,1,0
202609120012142,1,0,1,0
202609120012830,1,0,1,0
202609120026225,1,0,1,0
202609120025308,1,0,1,0
202609120036826,1,0,1,0
202609120015679,1,0,1,0
202609120009437,1,0,1,0
202609120033078,1,0,1,0
202609120000836,1,0,1,0
202609120038714,1,0,1,0
202609120026081,1,0,1,0
202609120017592,1,0,1,0
202609120034826,1,0,1,0
202609120006406,1,0,1,0
202609120021145,1,0,1,0
202609120002258,1,0,1,0
202609120036600,1,0,1,0
202609120048718,1,0,1,0
202609120004097,1,0,1,0
202609120041335,1,0,1,0
202609120047016,1,0,1,0
202609120011674,1,0,1,0
202609120034791,1,0,1,0
202609120038963,1,0,1,0
202609120003450,1,0,1,0
202609120014801,1,0,1,0
202609120010624,1,0,1,0
202609120033929,1,0,1,0
202609120049374,1,0,1,0
202609120028587,1,0,1,0
202609120041966,1,0,1,0
202609120012314,1,0,1,0
202609120010416,1,0,1,0
202609120014644,1,0,1,0
202609120024058,1,0,1,0
202609120001903,1,0,1,0
202609120005073,1,0,1,0
202609120030769,1,0,1,0
202609120030607,1,0,1,0
202609120036792,1,0,1,0
202609120019279,1,0,1,0
202609120027743,1,0,1,0
202609120017464,1,0,1,0
202609120026822,1,0,1,0
202609120032888,1,0,1,0
202609120023569,1,0,1,0
202609120039467,1,0,1,0
202609120047604,1,0,1,0
202609120002598,1,0,1,0
202609120049251,1,0,1,0
202609120002466,1,0,1,0
202609120026211,1,0,1,0
202609120045942,1,0,1,0
202609120025551,1,0,1,0
202609120008872,1,0,1,0
202609120044897,1,0,1,0
202609120026104,1,0,1,0
202609120023524,1,0,1,0
202609120003459,1,0,1,0
202609120036356,1,0,1,0
202609120048549,1,0,1,0
202609120044569,1,0,1,0
202609120010104,1,0,1,0
202609120005350,1,0,1,0
202609120045805,1,0,1,0
202609120016626,1,0,1,0
202609120025242,1,0,1,0
202609120004887,1,0,1,0
202609120046950,1,0,1,0
202609120024140,1,0,1,0
202609120009818,1,0,1,0
202609120017828,1,0,1,0
202609120036144,1,0,1,0
202609120003536,1,0,1,0
202609120010236,1,0,1,0
202609120011647,1,0,1,0
202609120010928,1,0,1,0
202609120003883,1,0,1,0
202609120034747,1,0,1,0
202609120041684,1,0,1,0
202609120041667,1,0,1,0
202609120012394,1,0,1,0
202609120007235,1,0,1,0
202609120044416,1,0,1,0
202609120037509,1,0,1,0
202609120043867,1,0,1,0
202609120046983,1,0,1,0
202609120015437,1,0,1,0
202609120006945,1,0,1,0
202609120014609,1,0,1,0
202609120010685,1,0,1,0
202609120006908,1,0,1,0
202609120009803,1,0,1,0
202609120011303,1,0,1,0
202609120028370,1,0,1,0
202609120023319,1,0,1,0
202609120045206,1,0,1,0
202609120012382,1,0,1,0
202609120048652,1,0,1,0
202609120020401,1,0,1,0
202609120034445,1,0,1,0
202609120031632,1,0,1,0
202609120028545,1,0,1,0
202609120000525,1,0,1,0
202609120013075,1,0,1,0
202609120020292,1,0,1,0
202609120004988,1,0,1,0
202609120021929,1,0,1,0
202609120029560,1,0,1,0
202609120017392,1,0,1,0
202609120042771,1,0,1,0
202609120041460,1,0,1,0
202609120000924,1,0,1,0
202609120026846,1,0,1,0
202609120029441,1,0,1,0
202609120010438,1,0,1,0
202609120016043,1,0,1,0
202609120003779,1,0,1,0
202609120031710,1,0,1,0
202609120018481,1,0,1,0
202609120022545,1,0,1,0
202609120021186,1,0,1,0
202609120031799,1,0,1,0
202609120033294,1,0,1,0
202609120041865,1,0,1,0
202609120010007,1,0,1,0
202609120000091,1,0,1,0
202609120021926,1,0,1,0
202609120015762,1,0,1,0
202609120008881,1,0,1,0
202609120013678,1,0,1,0
202609120045370,1,0,1,0
202609120047429,1,0,1,0
202609120021277,1,0,1,0
202609120006278,1,0,1,0
202609120047303,1,0,1,0
202609120023129,1,0,1,0
202609120015543,1,0,1,0
202609120032169,1,0,1,0
202609120020024,1,0,1,0
202609120009160,1,0,1,0
202609120039422,1,0,1,0
202609120007172,1,0,1,0
202609120007669,1,0,1,0
202609120036170,1,0,1,0
202609120012652,1,0,1,0
202609120008015,1,0,1,0
202609120003531,1,0,1,0
202609120028968,1,0,1,0
202609120024922,1,0,1,0
202609120042529,1,0,1,0
202609120011982,1,0,1,0
202609120025323,1,0,1,0
202609120030678,1,0,1,0
202609120024228,1,0,1,0
202609120005290,1,0,1,0
202609120014852,1,0,1,0
202609120010745,1,0,1,0
202609120014785,1,0,1,0
202609120032533,1,0,1,0
202609120002700,1,0,1,0
202609120023698,1,0,1,0
202609120004126,1,0,1,0
202609120015904,1,0,1,0
202609120018992,1,0,1,0
202609120006319,1,0,1,0
202609120022271,1,0,1,0
202609120048713,1,0,1,0
202609120039055,1,0,1,0
202609120030960,1,0,1,0
202609120003209,1,0,1,0
202609120029494,1,0,1,0
202609120023972,1,0,1,0
202609120047933,1,0,1,0
202609120022546,1,0,1,0
202609120012342,1,0,1,0
202609120047448,1,0,1,0
202609120013793,1,0,1,0
202609120042238,1,0,1,0
202609120019717,1,0,1,0
202609120048077,1,0,1,0
202609120019291,1,0,1,0
202609120027417,1,0,1,0
202609120038765,1,0,1,0
202609120004015,1,0,1,0
202609120001680,1,0,1,0
202609120038690,1,0,1,0
202609120022937,1,0,1,0
202609120006199,1,0,1,0
202609120019070,1,0,1,0
202609120021860,1,0,1,0
202609120007218,1,0,1,0
202609120027655,1,0,1,0
202609120004284,1,0,1,0
202609120024606,1,0,1,0
202609120022110,1,0,1,0
202609120014653,1,0,1,0
202609120000895,1,0,1,0
202609120017875,1,0,1,0
202609120032470,1,0,1,0
202609120029820,1,0,1,0
202609120048241,1,0,1,0
202609120042796,1,0,1,0
202609120048735,1,0,1,0
202609120024001,1,0,1,0
202609120033343,1,0,1,0
202609120024270,1,0,1,0
202609120035487,1,0,1,0
202609120015269,1,0,1,0
202609120006216,1,0,1,0
202609120015471,1,0,1,0
202609120035065,1,0,1,0
202609120024557,1,0,1,0
202609120021493,1,0,1,0
202609120009384,1,0,1,0
202609120044223,1,0,1,0
202609120005105,1,0,1,0
202609120022009,1,0,1,0
202609120002908,1,0,1,0
202609120039480,1,0,1,0
202609120044828,1,0,1,0
202609120036035,1,0,1,0
202609120005442,1,0,1,0
202609120004036,1,0,1,0
202609120045488,1,0,1,0
202609120003341,1,0,1,0
202609120040036,1,0,1,0
202609120039811,1,0,1,0
202609120001985,1,0,1,0
202609120029553,1,0,1,0
202609120036711,1,0,1,0
202609120019133,1,0,1,0
202609120011264,1,0,1,0
202609120002358,1,0,1,0
202609120034653,1,0,1,0
202609120035284,1,0,1,0
202609120049050,1,0,1,0
202609120025369,1,0,1,0
202609120002859,1,0,1,0
202609120004838,1,0,1,0
202609120016502,1,0,1,0
202609120040195,1,0,1,0
202609120041042,1,0,1,0
202609120043847,1,0,1,0
202609120001072,1,0,1,0
202609120020746,1,0,1,0
202609120025857,1,0,1,0
202609120007917,1,0,1,0
202609120016273,1,0,1,0
202609120047033,1,0,1,0
202609120008919,1,0,1,0
202609120044721,1,0,1,0
202609120000796,1,0,1,0
202609120012857,1,0,1,0
202609120018091,1,0,1,0
202609120005648,1,0,1,0
202609120039868,1,0,1,0
202609120017544,1,0,1,0
202609120024023,1,0,1,0
202609120001184,1,0,1,0
202609120041513,1,0,1,0
202609120044658,1,0,1,0
202609120021206,1,0,1,0
202609120030640,1,0,1,0
202609120039588,1,0,1,0
202609120040956,1,0,1,0
202609120021587,1,0,1,0
202609120015952,1,0,1,0
202609120007898,1,0,1,0
202609120025573,1,0,1,0
202609120020169,1,0,1,0
202609120018221,1,0,1,0
202609120027456,1,0,1,0
202609120002044,1,0,1,0
202609120044116,1,0,1,0
202609120041007,1,0,1,0
202609120009166,1,0,1,0
202609120000465,1,0,1,0
202609120037459,1,0,1,0
202609120025953,1,0,1,0
202609120026965,1,0,1,0
202609120021273,1,0,1,0
202609120038152,1,0,1,0
202609120048147,1,0,1,0
202609120015641,1,0,1,0
202609120037841,1,0,1,0
202609120044421,1,0,1,0
202609120016994,1,0,1,0
202609120009050,1,0,1,0
202609120049703,1,0,1,0
202609120036717,1,0,1,0
202609120012638,1,0,1,0
202609120002278,1,0,1,0
202609120021340,1,0,1,0
202609120047527,1,0,1,0
202609120013637,1,0,1,0
202609120020206,1,0,1,0
202609120000957,1,0,1,0
202609120019002,1,0,1,0
202609120013246,1,0,1,0
202609120012805,1,0,1,0
202609120005347,1,0,1,0
202609120000487,1,0,1,0
202609120036358,1,0,1,0
202609120019958,1,0,1,0
202609120034278,1,0,1,0
202609120040501,1,0,1,0
202609120038262,1,0,1,0
202609120038310,1,0,1,0
202609120015684,1,0,1,0
202609120033737,1,0,1,0
202609120019127,1,0,1,0
202609120008409,1,0,1,0
202609120043445,1,0,1,0
202609120004928,1,0,1,0
202609120035631,1,0,1,0
202609120031359,1,0,1,0
202609120025022,1,0,1,0
202609120028439,1,0,1,0
202609120030092,1,0,1,0
202609120011665,1,0,1,0
202609120035682,1,0,1,0
202609120045376,1,0,1,0
202609120028780,1,0,1,0
202609120024313,1,0,1,0
202609120033252,1,0,1,0
202609120044606,1,0,1,0
202609120019351,1,0,1,0
202609120045486,1,0,1,0
202609120007695,1,0,1,0
202609120002271,1,0,1,0
202609120008019,1,0,1,0
202609120024427,1,0,1,0
202609120018278,1,0,1,0
202609120048474,1,0,1,0
202609120020645,1,0,1,0
202609120016881,1,0,1,0
202609120015099,1,0,1,0
202609120039342,1,0,1,0
202609120007869,1,0,1,0
202609120041431,1,0,1,0
202609120039619,1,0,1,0
202609120032815,1,0,1,0
202609120008023,1,0,1,0
202609120030368,1,0,1,0
202609120022650,1,0,1,0
202609120032358,1,0,1,0
202609120033211,1,0,1,0
202609120014685,1,0,1,0
202609120015444,1,0,1,0
202609120035930,1,0,1,0
202609120017200,1,0,1,0
202609120009303,1,0,1,0
202609120002010,1,0,1,0
202609120011973,1,0,1,0
202609120012085,1,0,1,0
202609120024316,1,0,1,0
202609120019055,1,0,1,0
202609120007438,1,0,1,0
202609120047813,1,0,1,0
202609120012304,1,0,1,0
202609120011787,1,0,1,0
202609120034657,1,0,1,0
202609120007748,1,0,1,0
202609120039305,1,0,1,0
202609120018383,1,0,1,0
202609120041336,1,0,1,0
202609120032963,1,0,1,0
202609120012068,1,0,1,0
202609120032951,1,0,1,0
202609120009737,1,0,1,0
202609120021892,1,0,1,0
202609120044785,1,0,1,0
202609120001066,1,0,1,0
202609120045757,1,0,1,0
202609120029945,1,0,1,0
202609120038906,1,0,1,0
202609120023431,1,0,1,0
202609120047455,1,0,1,0
202609120030426,1,0,1,0
202609120038576,1,0,1,0
202609120034234,1,0,1,0
202609120034642,1,0,1,0
202609120008039,1,0,1,0
202609120005778,1,0,1,0
202609120033337,1,0,1,0
202609120013973,1,0,1,0
202609120009037,1,0,1,0
202609120026109,1,0,1,0
202609120020281,1,0,1,0
202609120018339,1,0,1,0
202609120008482,1,0,1,0
202609120049156,1,0,1,0
202609120040217,1,0,1,0
202609120024112,1,0,1,0
202609120024867,1,0,1,0
202609120040749,1,0,1,0
202609120027835,1,0,1,0
202609120008975,1,0,1,0
202609120022563,1,0,1,0
202609120042174,1,0,1,0
202609120026910,1,0,1,0
202609120022930,1,0,1,0
202609120038496,1,0,1,0
202609120001042,1,0,1,0
202609120001983,1,0,1,0
202609120013147,1,0,1,0
202609120031944,1,0,1,0
202609120015333,1,0,1,0
202609120013233,1,0,1,0
202609120045151,1,0,1,0
202609120048048,1,0,1,0
202609120023916,1,0,1,0
202609120020316,1,0,1,0
202609120027975,1,0,1,0
202609120013423,1,0,1,0
202609120036051,1,0,1,0
202609120002739,1,0,1,0
202609120000918,1,0,1,0
202609120012719,1,0,1,0
202609120021425,1,0,1,0
202609120010690,1,0,1,0
202609120014797,1,0,1,0
202609120025761,1,0,1,0
202609120013491,1,0,1,0
202609120001552,1,0,1,0
202609120042677,1,0,1,0
202609120040086,1,0,1,0
202609120021057,1,0,1,0
202609120025152,1,0,1,0
202609120025566,1,0,1,0
202609120037200,1,0,1,0
202609120017508,1,0,1,0
202609120025640,1,0,1,0
202609120040199,1,0,1,0
202609120026697,1,0,1,0
202609120045956,1,0,1,0
202609120027422,1,0,1,0
202609120011675,1,0,1,0
202609120006285,1,0,1,0
202609120000642,1,0,1,0
202609120006810,1,0,1,0
202609120008590,1,0,1,0
202609120027599,1,0,1,0
202609120029873,1,0,1,0
202609120049372,1,0,1,0
202609120038891,1,0,1,0
202609120046705,1,0,1,0
202609120022552,1,0,1,0
202609120010599,1,0,1,0
202609120045664,1,0,1,0
202609120012948,1,0,1,0
202609120030544,1,0,1,0
202609120004876,1,0,1,0
202609120034181,1,0,1,0
202609120036459,1,0,1,0
202609120047399,1,0,1,0
202609120034531,1,0,1,0
202609120014998,1,0,1,0
202609120042163,1,0,1,0
202609120000197,1,0,1,0
202609120041410,1,0,1,0
202609120002807,1,0,1,0
202609120002835,1,0,1,0
202609120019984,1,0,1,0
202609120008074,1,0,1,0
202609120010028,1,0,1,0
202609120001361,1,0,1,0
202609120014465,1,0,1,0
202609120047502,1,0,1,0
202609120016430,1,0,1,0
202609120009339,1,0,1,0
202609120015253,1,0,1,0
202609120027127,1,0,1,0
202609120016148,1,0,1,0
202609120009848,1,0,1,0
202609120037458,1,0,1,0
202609120004054,1,0,1,0
202609120002353,1,0,1,0
202609120026868,1,0,1,0
202609120042486,1,0,1,0
202609120019743,1,0,1,0
202609120035113,1,0,1,0
202609120002377,1,0,1,0
202609120042739,1,0,1,0
202609120048103,1,0,1,0
202609120007007,1,0,1,0
202609120003452,1,0,1,0
202609120047877,1,0,1,0
202609120010014,1,0,1,0
202609120030514,1,0,1,0
202609120020930,1,0,1,0
202609120031858,1,0,1,0
202609120036704,1,0,1,0
202609120017005,1,0,1,0
202609120038182,1,0,1,0
202609120042563,1,0,1,0
202609120016314,1,0,1,0
202609120049488,1,0,1,0
202609120026112,1,0,1,0
202609120048593,1,0,1,0
202609120024876,1,0,1,0
202609120022328,1,0,1,0
202609120029002,1,0,1,0
202609120019260,1,0,1,0
202609120011220,1,0,1,0
202609120001019,1,0,1,0
202609120010883,1,0,1,0
202609120007743,1,0,1,0
202609120048629,1,0,1,0
202609120020117,1,0,1,0
202609120015702,1,0,1,0
202609120047834,1,0,1,0
202609120042083,1,0,1,0
202609120034758,1,0,1,0
202609120019626,1,0,1,0
202609120035408,1,0,1,0
202609120030310,1,0,1,0
202609120042936,1,0,1,0
202609120049746,1,0,1,0
202609120046876,1,0,1,0
202609120016372,1,0,1,0
202609120005517,1,0,1,0
202609120046477,1,0,1,0
202609120009817,1,0,1,0
202609120004414,1,0,1,0
202609120024533,1,0,1,0
202609120005291,1,0,1,0
202609120013982,1,0,1,0
202609120006883,1,0,1,0
202609120045898,1,0,1,0
202609120005119,1,0,1,0
202609120020633,1,0,1,0
202609120019654,1,0,1,0
202609120017493,1,0,1,0
202609120027675,1,0,1,0
202609120039768,1,0,1,0
202609120008239,1,0,1,0
202609120024616,1,0,1,0
202609120002132,1,0,1,0
202609120013460,1,0,1,0
202609120033879,1,0,1,0
202609120010983,1,0,1,0
202609120041004,1,0,1,0
202609120014393,1,0,1,0
202609120016526,1,0,1,0
202609120000886,1,0,1,0
202609120043581,1,0,1,0
202609120030745,1,0,1,0
202609120016039,1,0,1,0
202609120040726,1,0,1,0
202609120010861,1,0,1,0
202609120002444,1,0,1,0
202609120031295,1,0,1,0
202609120032785,1,0,1,0
202609120010214,1,0,1,0
202609120013612,1,0,1,0
202609120018376,1,0,1,0
202609120041071,1,0,1,0
202609120039633,1,0,1,0
202609120013370,1,0,1,0
202609120012058,1,0,1,0
202609120002425,1,0,1,0
202609120036300,1,0,1,0
202609120033583,1,0,1,0
202609120034203,1,0,1,0
202609120038865,1,0,1,0
202609120032639,1,0,1,0
202609120006968,1,0,1,0
202609120019807,1,0,1,0
202609120021157,1,0,1,0
202609120015696,1,0,1,0
202609120002601,1,0,1,0
202609120010751,1,0,1,0
202609120043863,1,0,1,0
202609120039978,1,0,1,0
202609120026048,1,0,1,0
202609120038938,1,0,1,0
202609120011041,1,0,1,0
202609120032340,1,0,1,0
202609120018172,1,0,1,0
202609120013668,1,0,1,0
202609120002168,1,0,1,0
202609120024287,1,0,1,0
202609120015477,1,0,1,0
202609120034915,1,0,1,0
202609120004400,1,0,1,0
202609120003099,1,0,1,0
202609120017407,1,0,1,0
202609120010942,1,0,1,0
202609120013368,1,0,1,0
202609120033997,1,0,1,0
202609120033186,1,0,1,0
202609120017655,1,0,1,0
202609120015380,1,0,1,0
202609120013279,1,0,1,0
202609120004237,1,0,1,0
202609120032186,1,0,1,0
202609120044708,1,0,1,0
202609120037553,1,0,1,0
202609120043171,1,0,1,0
202609120035338,1,0,1,0
202609120049538,1,0,1,0
202609120038134,1,0,1,0
202609120005027,1,0,1,0
202609120017871,1,0,1,0
202609120027658,1,0,1,0
202609120020138,1,0,1,0
202609120026123,1,0,1,0
202609120027821,1,0,1,0
202609120031733,1,0,1,0
202609120028261,1,0,1,0
202609120030809,1,0,1,0
202609120021227,1,0,1,0
202609120015796,1,0,1,0
202609120019028,1,0,1,0
202609120007656,1,0,1,0
202609120006011,1,0,1,0
202609120032180,1,0,1,0
202609120023151,1,0,1,0
202609120009959,1,0,1,0
202609120020759,1,0,1,0
202609120016000,1,0,1,0
202609120046443,1,0,1,0
202609120006523,1,0,1,0
202609120012127,1,0,1,0
202609120040805,1,0,1,0
202609120036302,1,0,1,0
202609120009182,1,0,1,0
202609120024988,1,0,1,0
202609120008490,1,0,1,0
202609120046214,1,0,1,0
202609120010662,1,0,1,0
202609120000132,1,0,1,0
202609120015703,1,0,1,0
202609120042965,1,0,1,0
202609120000688,1,0,1,0
202609120020285,1,0,1,0
202609120014359,1,0,1,0
202609120040271,1,0,1,0
202609120046566,1,0,1,0
202609120013052,1,0,1,0
202609120013569,1,0,1,0
202609120029993,1,0,1,0
202609120023547,1,0,1,0
202609120029489,1,0,1,0
202609120041196,1,0,1,0
202609120038165,1,0,1,0
202609120034766,1,0,1,0
202609120036612,1,0,1,0
202609120039539,1,0,1,0
202609120020175,1,0,1,0
202609120035577,1,0,1,0
202609120020129,1,0,1,0
202609120046562,1,0,1,0
202609120026652,1,0,1,0
202609120022295,1,0,1,0
202609120007730,1,0,1,0
202609120043145,1,0,1,0
202609120032863,1,0,1,0
202609120037537,1,0,1,0
202609120014778,1,0,1,0
202609120015011,1,0,1,0
202609120023006,1,0,1,0
202609120013044,1,0,1,0
202609120035971,1,0,1,0
202609120029859,1,0,1,0
202609120004714,1,0,1,0
202609120034738,1,0,1,0
202609120046092,1,0,1,0
202609120040789,1,0,1,0
202609120044436,1,0,1,0
202609120041665,1,0,1,0
202609120042447,1,0,1,0
202609120015168,1,0,1,0
202609120012109,1,0,1,0
202609120032124,1,0,1,0
202609120007569,1,0,1,0
202609120021133,1,0,1,0
202609120004234,1,0,1,0
202609120006312,1,0,1,0
202609120033379,1,0,1,0
202609120015802,1,0,1,0
202609120049254,1,0,1,0
202609120041979,1,0,1,0
202609120035755,1,0,1,0
202609120025534,1,0,1,0
202609120012601,1,0,1,0
202609120037813,1,0,1,0
202609120026762,1,0,1,0
202609120042803,1,0,1,0
202609120037734,1,0,1,0
202609120019786,1,0,1,0
202609120015505,1,0,1,0
202609120033318,1,0,1,0
202609120029237,1,0,1,0
202609120009405,1,0,1,0
202609120029855,1,0,1,0
202609120031690,1,0,1,0
202609120014404,1,0,1,0
202609120028285,1,0,1,0
202609120005167,1,0,1,0
202609120002850,1,0,1,0
202609120032074,1,0,1,0
202609120007270,1,0,1,0
202609120044904,1,0,1,0
202609120012287,1,0,1,0
202609120027374,1,0,1,0
202609120039065,1,0,1,0
202609120039338,1,0,1,0
202609120024631,1,0,1,0
202609120043509,1,0,1,0
202609120044332,1,0,1,0
202609120026671,1,0,1,0
202609120034913,1,0,1,0
202609120000160,1,0,1,0
202609120006699,1,0,1,0
202609120019483,1,0,1,0
202609120018650,1,0,1,0
202609120016398,1,0,1,0
202609120029221,1,0,1,0
202609120004380,1,0,1,0
202609120047950,1,0,1,0
202609120034955,1,0,1,0
202609120006032,1,0,1,0
202609120017047,1,0,1,0
202609120049047,1,0,1,0
202609120038914,1,0,1,0
202609120038943,1,0,1,0
202609120042266,1,0,1,0
202609120032147,1,0,1,0
202609120034024,1,0,1,0
202609120004812,1,0,1,0
202609120009991,1,0,1,0
202609120022497,1,0,1,0
202609120026193,1,0,1,0
202609120036732,1,0,1,0
202609120045385,1,0,1,0
202609120006732,1,0,1,0
202609120036760,1,0,1,0
202609120018990,1,0,1,0
202609120007101,1,0,1,0
202609120024508,1,0,1,0
202609120039610,1,0,1,0
202609120027393,1,0,1,0
202609120009754,1,0,1,0
202609120049231,1,0,1,0
202609120036376,1,0,1,0
202609120027245,1,0,1,0
202609120004162,1,0,1,0
202609120048523,1,0,1,0
202609120021136,1,0,1,0
202609120014159,1,0,1,0
202609120005660,1,0,1,0
202609120038286,1,0,1,0
202609120016202,1,0,1,0
202609120040982,1,0,1,0
202609120006744,1,0,1,0
202609120035664,1,0,1,0
202609120041273,1,0,1,0
202609120035229,1,0,1,0
202609120026591,1,0,1,0
202609120022681,1,0,1,0
202609120008110,1,0,1,0
202609120016343,1,0,1,0
202609120040753,1,0,1,0
202609120020360,1,0,1,0
202609120011339,1,0,1,0
202609120019331,1,0,1,0
202609120023883,1,0,1,0
202609120030868,1,0,1,0
202609120039240,1,0,1,0
202609120030794,1,0,1,0
202609120016414,1,0,1,0
202609120004393,1,0,1,0
202609120020979,1,0,1,0
202609120003695,1,0,1,0
202609120034293,1,0,1,0
202609120005396,1,0,1,0
202609120035504,1,0,1,0
202609120036803,1,0,1,0
202609120036006,1,0,1,0
202609120030789,1,0,1,0
202609120040741,1,0,1,0
202609120047512,1,0,1,0
202609120023365,1,0,1,0
202609120000727,1,0,1,0
202609120018701,1,0,1,0
202609120045971,1,0,1,0
202609120001004,1,0,1,0
202609120008702,1,0,1,0
202609120004965,1,0,1,0
202609120034025,1,0,1,0
202609120009502,1,0,1,0
202609120028283,1,0,1,0
202609120046852,1,0,1,0
202609120038192,1,0,1,0
202609120040760,1,0,1,0
202609120024096,1,0,1,0
202609120047841,1,0,1,0
202609120009655,1,0,1,0
202609120013164,1,0,1,0
202609120031855,1,0,1,0
202609120014895,1,0,1,0
202609120026338,1,0,1,0
202609120023533,1,0,1,0
202609120004862,1,0,1,0
202609120038051,1,0,1,0
202609120020020,1,0,1,0
202609120022753,1,0,1,0
202609120046080,1,0,1,0
202609120009634,1,0,1,0
202609120001169,1,0,1,0
202609120022989,1,0,1,0
202609120009554,1,0,1,0
202609120019677,1,0,1,0
202609120009618,1,0,1,0
202609120015913,1,0,1,0
202609120031107,1,0,1,0
202609120005254,1,0,1,0
202609120033112,1,0,1,0
202609120012383,1,0,1,0
202609120048044,1,0,1,0
202609120015103,1,0,1,0
202609120038170,1,0,1,0
202609120013591,1,0,1,0
202609120036735,1,0,1,0
202609120014197,1,0,1,0
202609120024433,1,0,1,0
202609120032945,1,0,1,0
202609120002747,1,0,1,0
202609120001461,1,0,1,0
202609120048096,1,0,1,0
202609120020556,1,0,1,0
202609120014891,1,0,1,0
202609120031521,1,0,1,0
202609120028187,1,0,1,0
202609120025537,1,0,1,0
202609120020204,1,0,1,0
202609120020823,1,0,1,0
202609120008364,1,0,1,0
202609120026452,1,0,1,0
202609120001179,1,0,1,0
202609120041786,1,0,1,0
202609120029999,1,0,1,0
202609120019121,1,0,1,0
202609120014067,1,0,1,0
202609120045316,1,0,1,0
202609120034536,1,0,1,0
202609120045536,1,0,1,0
202609120035277,1,0,1,0
202609120002732,1,0,1,0
202609120041638,1,0,1,0
202609120016979,1,0,1,0
202609120040648,1,0,1,0
202609120020812,1,0,1,0
202609120024886,1,0,1,0
202609120020139,1,0,1,0
202609120018776,1,0,1,0
202609120038132,1,0,1,0
202609120021781,1,0,1,0
202609120007208,1,0,1,0
202609120014229,1,0,1,0
202609120008347,1,0,1,0
202609120042558,1,0,1,0
202609120000546,1,0,1,0
202609120014747,1,0,1,0
202609120044372,1,0,1,0
202609120027851,1,0,1,0
202609120026957,1,0,1,0
202609120027712,1,0,1,0
202609120048430,1,0,1,0
202609120038975,1,0,1,0
202609120028465,1,0,1,0
202609120039165,1,0,1,0
202609120020417,1,0,1,0
202609120029457,1,0,1,0
202609120035111,1,0,1,0
202609120027069,1,0,1,0
202609120003914,1,0,1,0
202609120034333,1,0,1,0
202609120016298,1,0,1,0
202609120023914,1,0,1,0
202609120043044,1,0,1,0
202609120011676,1,0,1,0
202609120020180,1,0,1,0
202609120002349,1,0,1,0
202609120023138,1,0,1,0
202609120008233,1,0,1,0
202609120020546,1,0,1,0
202609120049556,1,0,1,0
202609120035925,1,0,1,0
202609120040573,1,0,1,0
202609120016236,1,0,1,0
202609120014960,1,0,1,0
202609120003462,1,0,1,0
202609120021988,1,0,1,0
202609120023302,1,0,1,0
202609120006083,1,0,1,0
202609120022137,1,0,1,0
202609120005341,1,0,1,0
202609120009350,1,0,1,0
202609120036982,1,0,1,0
202609120017418,1,0,1,0
202609120024167,1,0,1,0
202609120002673,1,0,1,0
202609120028653,1,0,1,0
202609120030034,1,0,1,0
202609120036307,1,0,1,0
202609120034369,1,0,1,0
202609120008952,1,0,1,0
202609120012345,1,0,1,0
202609120041018,1,0,1,0
202609120010187,1,0,1,0
202609120009963,1,0,1,0
202609120036057,1,0,1,0
202609120001497,1,0,1,0
202609120025086,1,0,1,0
202609120023272,1,0,1,0
202609120033266,1,0,1,0
202609120026140,1,0,1,0
202609120008524,1,0,1,0
202609120039062,1,0,1,0
202609120028625,1,0,1,0
202609120000045,1,0,1,0
202609120008687,1,0,1,0
202609120010294,1,0,1,0
202609120027715,1,0,1,0
202609120041548,1,0,1,0
202609120048152,1,0,1,0
202609120041910,1,0,1,0
202609120002203,1,0,1,0
202609120006855,1,0,1,0
202609120006893,1,0,1,0
202609120043147,1,0,1,0
202609120047367,1,0,1,0
202609120021183,1,0,1,0
202609120032335,1,0,1,0
202609120037755,1,0,1,0
202609120021359,1,0,1,0
202609120038976,1,0,1,0
202609120023288,1,0,1,0
202609120032371,1,0,1,0
202609120041311,1,0,1,0
202609120021204,1,0,1,0
202609120024205,1,0,1,0
202609120007388,1,0,1,0
202609120046692,1,0,1,0
202609120028606,1,0,1,0
202609120003889,1,0,1,0
202609120021088,1,0,1,0
202609120027204,1,0,1,0
202609120038892,1,0,1,0
202609120008958,1,0,1,0
202609120045815,1,0,1,0
202609120033011,1,0,1,0
202609120045335,1,0,1,0
202609120040472,1,0,1,0
202609120046008,1,0,1,0
202609120049290,1,0,1,0
202609120035028,1,0,1,0
202609120034188,1,0,1,0
202609120024511,1,0,1,0
202609120028765,1,0,1,0
202609120004102,1,0,1,0
202609120046951,1,0,1,0
202609120016291,1,0,1,0
202609120035896,1,0,1,0
202609120044092,1,0,1,0
202609120008607,1,0,1,0
202609120043554,1,0,1,0
202609120046371,1,0,1,0
202609120000522,1,0,1,0
202609120038916,1,0,1,0
202609120005821,1,0,1,0
202609120046946,1,0,1,0
202609120017445,1,0,1,0
202609120034210,1,0,1,0
202609120031714,1,0,1,0
202609120008464,1,0,1,0
202609120046706,1,0,1,0
202609120038776,1,0,1,0
202609120038272,1,0,1,0
202609120020967,1,0,1,0
202609120002252,1,0,1,0
202609120002912,1,0,1,0
202609120022689,1,0,1,0
202609120002192,1,0,1,0
202609120008624,1,0,1,0
202609120013965,1,0,1,0
202609120004209,1,0,1,0
202609120044489,1,0,1,0
202609120039112,1,0,1,0
202609120029327,1,0,1,0
202609120035292,1,0,1,0
202609120018764,1,0,1,0
202609120046254,1,0,1,0
202609120029581,1,0,1,0
202609120039271,1,0,1,0
202609120018988,1,0,1,0
202609120023237,1,0,1,0
202609120022115,1,0,1,0
202609120009081,1,0,1,0
202609120013300,1,0,1,0
202609120039996,1,0,1,0
202609120003509,1,0,1,0
202609120044066,1,0,1,0
202609120024658,1,0,1,0
202609120039857,1,0,1,0
202609120001862,1,0,1,0
202609120040932,1,0,1,0
202609120037556,1,0,1,0
202609120013234,1,0,1,0
202609120008426,1,0,1,0
202609120020566,1,0,1,0
202609120004616,1,0,1,0
202609120034466,1,0,1,0
202609120047557,1,0,1,0
202609120026950,1,0,1,0
202609120036800,1,0,1,0
202609120024185,1,0,1,0
202609120025410,1,0,1,0
202609120001566,1,0,1,0
202609120007428,1,0,1,0
202609120026063,1,0,1,0
202609120005314,1,0,1,0
202609120012763,1,0,1,0
202609120020606,1,0,1,0
202609120035816,1,0,1,0
202609120014224,1,0,1,0
202609120020227,1,0,1,0
202609120022076,1,0,1,0
202609120008491,1,0,1,0
202609120000125,1,0,1,0
202609120011452,1,0,1,0
202609120039920,1,0,1,0
202609120018805,1,0,1,0
202609120017170,1,0,1,0
202609120021086,1,0,1,0
202609120044231,1,0,1,0
202609120032804,1,0,1,0
202609120013392,1,0,1,0
202609120019194,1,0,1,0
202609120008370,1,0,1,0
202609120008272,1,0,1,0
202609120031465,1,0,1,0
202609120022513,1,0,1,0
202609120015268,1,0,1,0
202609120016999,1,0,1,0
202609120006736,1,0,1,0
202609120023506,1,0,1,0
202609120044952,1,0,1,0
202609120007932,1,0,1,0
202609120028002,1,0,1,0
202609120014418,1,0,1,0
202609120045719,1,0,1,0
202609120010498,1,0,1,0
202609120047814,1,0,1,0
202609120025088,1,0,1,0
202609120009929,1,0,1,0
202609120001452,1,0,1,0
202609120041670,1,0,1,0
202609120004898,1,0,1,0
202609120026354,1,0,1,0
202609120043935,1,0,1,0
202609120027448,1,0,1,0
202609120043422,1,0,1,0
202609120033356,1,0,1,0
202609120044722,1,0,1,0
202609120018117,1,0,1,0
202609120017757,1,0,1,0
202609120043476,1,0,1,0
202609120020755,1,0,1,0
202609120027788,1,0,1,0
202609120003857,1,0,1,0
202609120013584,1,0,1,0
202609120028058,1,0,1,0
202609120026483,1,0,1,0
202609120004884,1,0,1,0
202609120049110,1,0,1,0
202609120030042,1,0,1,0
202609120010857,1,0,1,0
202609120005150,1,0,1,0
202609120012856,1,0,1,0
202609120046373,1,0,1,0
202609120013665,1,0,1,0
202609120031715,1,0,1,0
202609120007279,1,0,1,0
202609120035617,1,0,1,0
202609120000090,1,0,1,0
202609120031442,1,0,1,0
202609120006383,1,0,1,0
202609120020506,1,0,1,0
202609120035645,1,0,1,0
202609120015763,1,0,1,0
202609120005693,1,0,1,0
202609120025984,1,0,1,0
202609120045975,1,0,1,0
202609120039153,1,0,1,0
202609120033154,1,0,1,0
202609120046746,1,0,1,0
202609120021100,1,0,1,0
202609120020108,1,0,1,0
202609120019932,1,0,1,0
202609120016132,1,0,1,0
202609120029326,1,0,1,0
202609120024598,1,0,1,0
202609120034660,1,0,1,0
202609120003001,1,0,1,0
202609120044876,1,0,1,0
202609120004505,1,0,1,0
202609120030076,1,0,1,0
202609120044741,1,0,1,0
202609120015721,1,0,1,0
202609120047445,1,0,1,0
202609120010289,1,0,1,0
202609120007301,1,0,1,0
202609120046302,1,0,1,0
202609120040613,1,0,1,0
202609120024124,1,0,1,0
202609120034686,1,0,1,0
202609120013695,1,0,1,0
202609120049339,1,0,1,0
202609120008771,1,0,1,0
202609120010877,1,0,1,0
202609120026642,1,0,1,0
202609120040238,1,0,1,0
202609120029247,1,0,1,0
202609120034640,1,0,1,0
202609120022465,1,0,1,0
202609120042462,1,0,1,0
202609120048051,1,0,1,0
202609120040491,1,0,1,0
202609120041882,1,0,1,0
202609120018746,1,0,1,0
202609120034447,1,0,1,0
202609120029273,1,0,1,0
202609120010999,1,0,1,0
202609120021899,1,0,1,0
202609120010530,1,0,1,0
202609120043754,1,0,1,0
202609120024085,1,0,1,0
202609120013488,1,0,1,0
202609120038228,1,0,1,0
202609120038003,1,0,1,0
202609120010241,1,0,1,0
202609120045591,1,0,1,0
202609120039394,1,0,1,0
202609120033899,1,0,1,0
202609120008130,1,0,1,0
202609120030968,1,0,1,0
202609120006575,1,0,1,0
202609120026720,1,0,1,0
202609120037063,1,0,1,0
202609120006571,1,0,1,0
202609120032020,1,0,1,0
202609120024325,1,0,1,0
202609120009873,1,0,1,0
202609120037740,1,0,1,0
202609120005531,1,0,1,0
202609120026251,1,0,1,0
202609120001253,1,0,1,0
202609120032621,1,0,1,0
202609120007084,1,0,1,0
202609120037320,1,0,1,0
202609120026754,1,0,1,0
202609120037363,1,0,1,0
202609120042338,1,0,1,0
202609120024542,1,0,1,0
202609120029933,1,0,1,0
202609120040915,1,0,1,0
202609120037332,1,0,1,0
202609120039092,1,0,1,0
202609120031369,1,0,1,0
202609120024288,1,0,1,0
202609120043568,1,0,1,0
202609120022632,1,0,1,0
202609120003449,1,0,1,0
202609120016170,1,0,1,0
202609120026787,1,0,1,0
202609120007449,1,0,1,0
202609120025805,1,0,1,0
202609120036363,1,0,1,0
202609120027752,1,0,1,0
202609120047102,1,0,1,0
202609120043899,1,0,1,0
202609120039311,1,0,1,0
202609120040248,1,0,1,0
202609120045279,1,0,1,0
202609120048501,1,0,1,0
202609120000488,1,0,1,0
202609120036965,1,0,1,0
202609120007010,1,0,1,0
202609120033622,1,0,1,0
202609120034247,1,0,1,0
202609120029402,1,0,1,0
202609120004668,1,0,1,0
202609120028844,1,0,1,0
202609120042550,1,0,1,0
202609120037541,1,0,1,0
202609120025159,1,0,1,0
202609120024317,1,0,1,0
202609120025364,1,0,1,0
202609120006783,1,0,1,0
202609120043138,1,0,1,0
202609120034412,1,0,1,0
202609120000087,1,0,1,0
202609120020193,1,0,1,0
202609120045081,1,0,1,0
202609120043022,1,0,1,0
202609120001673,1,0,1,0
202609120020802,1,0,1,0
202609120032128,1,0,1,0
202609120030577,1,0,1,0
202609120044240,1,0,1,0
202609120045053,1,0,1,0
202609120031533,1,0,1,0
202609120007406,1,0,1,0
202609120031892,1,0,1,0
202609120006439,1,0,1,0
202609120020593,1,0,1,0
202609120042312,1,0,1,0
202609120016627,1,0,1,0
202609120028300,1,0,1,0
202609120042212,1,0,1,0
202609120047022,1,0,1,0
202609120018429,1,0,1,0
202609120036418,1,0,1,0
202609120031979,1,0,1,0
202609120018799,1,0,1,0
202609120015425,1,0,1,0
202609120043467,1,0,1,0
202609120023096,1,0,1,0
202609120036905,1,0,1,0
202609120042168,1,0,1,0
202609120036998,1,0,1,0
202609120039618,1,0,1,0
202609120002217,1,0,1,0
202609120007825,1,0,1,0
202609120049253,1,0,1,0
202609120004202,1,0,1,0
202609120001456,1,0,1,0
202609120037245,1,0,1,0
202609120043146,1,0,1,0
202609120034936,1,0,1,0
202609120026043,1,0,1,0
202609120028424,1,0,1,0
202609120004837,1,0,1,0
202609120004633,1,0,1,0
202609120013387,1,0,1,0
202609120036151,1,0,1,0
202609120003270,1,0,1,0
202609120014657,1,0,1,0
202609120015331,1,0,1,0
202609120035035,1,0,1,0
202609120018716,1,0,1,0
202609120005256,1,0,1,0
202609120015196,1,0,1,0
202609120045429,1,0,1,0
202609120007089,1,0,1,0
202609120011765,1,0,1,0
202609120031313,1,0,1,0
202609120027770,1,0,1,0
202609120045560,1,0,1,0
202609120035922,1,0,1,0
202609120002851,1,0,1,0
202609120030517,1,0,1,0
202609120000541,1,0,1,0
202609120037467,1,0,1,0
202609120029110,1,0,1,0
202609120030249,1,0,1,0
202609120037684,1,0,1,0
202609120025971,1,0,1,0
202609120047187,1,0,1,0
202609120021041,1,0,1,0
202609120015357,1,0,1,0
202609120020182,1,0,1,0
202609120029645,1,0,1,0
202609120049332,1,0,1,0
202609120034150,1,0,1,0
202609120024892,1,0,1,0
202609120025502,1,0,1,0
202609120007293,1,0,1,0
202609120001390,1,0,1,0
202609120043941,1,0,1,0
202609120002844,1,0,1,0
202609120044629,1,0,1,0
202609120042972,1,0,1,0
202609120016863,1,0,1,0
202609120019308,1,0,1,0
202609120017502,1,0,1,0
202609120012550,1,0,1,0
202609120031756,1,0,1,0
202609120012527,1,0,1,0
202609120007700,1,0,1,0
202609120011275,1,0,1,0
202609120042021,1,0,1,0
202609120040280,1,0,1,0
202609120031446,1,0,1,0
202609120035009,1,0,1,0
202609120027096,1,0,1,0
202609120036423,1,0,1,0
202609120014496,1,0,1,0
202609120046193,1,0,1,0
202609120034469,1,0,1,0
202609120012796,1,0,1,0
202609120003072,1,0,1,0
202609120038737,1,0,1,0
202609120030051,1,0,1,0
202609120027316,1,0,1,0
202609120035029,1,0,1,0
202609120015870,1,0,1,0
202609120040276,1,0,1,0
202609120040194,1,0,1,0
202609120006753,1,0,1,0
202609120021202,1,0,1,0
202609120007873,1,0,1,0
202609120046954,1,0,1,0
202609120012412,1,0,1,0
202609120042637,1,0,1,0
202609120024878,1,0,1,0
202609120040972,1,0,1,0
202609120034512,1,0,1,0
202609120005316,1,0,1,0
202609120021533,1,0,1,0
202609120026351,1,0,1,0
202609120034803,1,0,1,0
202609120041706,1,0,1,0
202609120038967,1,0,1,0
202609120011957,1,0,1,0
202609120023655,1,0,1,0
202609120021619,1,0,1,0
202609120017594,1,0,1,0
202609120045216,1,0,1,0
202609120040266,1,0,1,0
202609120018526,1,0,1,0
202609120026256,1,0,1,0
202609120029967,1,0,1,0
202609120039294,1,0,1,0
202609120044687,1,0,1,0
202609120016569,1,0,1,0
202609120040787,1,0,1,0
202609120032306,1,0,1,0
202609120033615,1,0,1,0
202609120025657,1,0,1,0
202609120020298,1,0,1,0
202609120036036,1,0,1,0
202609120041083,1,0,1,0
202609120005990,1,0,1,0
202609120029585,1,0,1,0
202609120038147,1,0,1,0
202609120024211,1,0,1,0
202609120034944,1,0,1,0
202609120006158,1,0,1,0
202609120029328,1,0,1,0
202609120011062,1,0,1,0
202609120029403,1,0,1,0
202609120035790,1,0,1,0
202609120021050,1,0,1,0
202609120046473,1,0,1,0
202609120041447,1,0,1,0
202609120014806,1,0,1,0
202609120018674,1,0,1,0
202609120046024,1,0,1,0
202609120013693,1,0,1,0
202609120019307,1,0,1,0
202609120019601,1,0,1,0
202609120024535,1,0,1,0
202609120016371,1,0,1,0
202609120022337,1,0,1,0
202609120040593,1,0,1,0
202609120025626,1,0,1,0
202609120043491,1,0,1,0
202609120046231,1,0,1,0
202609120048830,1,0,1,0
202609120003079,1,0,1,0
202609120046617,1,0,1,0
202609120039980,1,0,1,0
202609120023958,1,0,1,0
202609120017749,1,0,1,0
202609120035097,1,0,1,0
202609120008051,1,0,1,0
202609120030414,1,0,1,0
202609120034900,1,0,1,0
202609120019029,1,0,1,0
202609120031150,1,0,1,0
202609120003584,1,0,1,0
202609120037924,1,0,1,0
202609120002702,1,0,1,0
202609120043119,1,0,1,0
202609120025351,1,0,1,0
202609120034125,1,0,1,0
202609120021274,1,0,1,0
202609120027498,1,0,1,0
202609120018997,1,0,1,0
202609120032754,1,0,1,0
202609120010607,1,0,1,0
202609120031807,1,0,1,0
202609120023538,1,0,1,0
202609120017870,1,0,1,0
202609120014574,1,0,1,0
202609120031014,1,0,1,0
202609120004277,1,0,1,0
202609120016621,1,0,1,0
202609120007673,1,0,1,0
202609120004392,1,0,1,0
202609120000131,1,0,1,0
202609120021966,1,0,1,0
202609120044558,1,0,1,0
202609120020553,1,0,1,0
202609120017208,1,0,1,0
202609120028356,1,0,1,0
202609120002445,1,0,1,0
202609120005801,1,0,1,0
202609120028772,1,0,1,0
202609120000592,1,0,1,0
202609120003836,1,0,1,0
202609120001033,1,0,1,0
202609120035988,1,0,1,0
202609120039110,1,0,1,0
202609120045683,1,0,1,0
202609120035384,1,0,1,0
202609120040827,1,0,1,0
202609120005787,1,0,1,0
202609120035234,1,0,1,0
202609120027144,1,0,1,0
202609120004611,1,0,1,0
202609120034788,1,0,1,0
202609120020514,1,0,1,0
202609120001162,1,0,1,0
202609120005796,1,0,1,0
202609120003007,1,0,1,0
202609120025277,1,0,1,0
202609120020111,1,0,1,0
202609120006875,1,0,1,0
202609120047606,1,0,1,0
202609120034723,1,0,1,0
202609120036785,1,0,1,0
202609120024582,1,0,1,0
202609120037903,1,0,1,0
202609120012821,1,0,1,0
202609120035051,1,0,1,0
202609120024681,1,0,1,0
202609120001918,1,0,1,0
202609120038778,1,0,1,0
202609120013731,1,0,1,0
202609120016558,1,0,1,0
202609120041412,1,0,1,0
202609120038582,1,0,1,0
202609120039614,1,0,1,0
202609120018536,1,0,1,0
202609120047820,1,0,1,0
202609120014803,1,0,1,0
202609120022150,1,0,1,0
202609120042820,1,0,1,0
202609120027086,1,0,1,0
202609120034160,1,0,1,0
202609120049730,1,0,1,0
202609120039500,1,0,1,0
202609120001332,1,0,1,0
202609120011462,1,0,1,0
202609120024361,1,0,1,0
202609120023189,1,0,1,0
202609120008780,1,0,1,0
202609120007111,1,0,1,0
202609120041680,1,0,1,0
202609120037095,1,0,1,0
202609120046326,1,0,1,0
202609120008699,1,0,1,0
202609120036370,1,0,1,0
202609120038449,1,0,1,0
202609120016120,1,0,1,0
202609120045308,1,0,1,0
202609120030075,1,0,1,0
202609120032573,1,0,1,0
202609120034405,1,0,1,0
202609120036389,1,0,1,0
202609120021548,1,0,1,0
202609120032458,1,0,1,0
202609120020843,1,0,1,0
202609120036856,1,0,1,0
202609120018579,1,0,1,0
202609120036047,1,0,1,0
202609120026166,1,0,1,0
202609120022779,1,0,1,0
202609120021828,1,0,1,0
202609120004646,1,0,1,0
202609120029384,1,0,1,0
202609120035342,1,0,1,0
202609120031017,1,0,1,0
202609120045187,1,0,1,0
202609120039007,1,0,1,0
202609120019407,1,0,1,0
202609120047974,1,0,1,0
202609120049365,1,0,1,0
202609120012782,1,0,1,0
202609120022262,1,0,1,0
202609120037401,1,0,1,0
202609120036391,1,0,1,0
202609120017373,1,0,1,0
202609120037223,1,0,1,0
202609120003418,1,0,1,0
202609120042804,1,0,1,0
202609120037949,1,0,1,0
202609120039135,1,0,1,0
202609120021476,1,0,1,0
202609120020079,1,0,1,0
202609120041898,1,0,1,0
202609120029299,1,0,1,0
202609120038934,1,0,1,0
202609120048708,1,0,1,0
202609120017745,1,0,1,0
202609120022479,1,0,1,0
202609120038780,1,0,1,0
202609120029773,1,0,1,0
202609120039840,1,0,1,0
202609120029776,1,0,1,0
202609120041794,1,0,1,0
202609120021707,1,0,1,0
202609120011770,1,0,1,0
202609120009091,1,0,1,0
202609120038068,1,0,1,0
202609120041488,1,0,1,0
202609120033453,1,0,1,0
202609120040210,1,0,1,0
202609120026214,1,0,1,0
202609120008025,1,0,1,0
202609120020910,1,0,1,0
202609120033396,1,0,1,0
202609120042068,1,0,1,0
202609120028696,1,0,1,0
202609120021591,1,0,1,0
202609120023284,1,0,1,0
202609120011483,1,0,1,0
202609120045406,1,0,1,0
202609120025146,1,0,1,0
202609120011543,1,0,1,0
202609120021499,1,0,1,0
202609120022902,1,0,1,0
202609120047412,1,0,1,0
202609120037052,1,0,1,0
202609120019693,1,0,1,0
202609120041511,1,0,1,0
202609120014351,1,0,1,0
202609120006023,1,0,1,0
202609120026651,1,0,1,0
202609120003329,1,0,1,0
202609120030620,1,0,1,0
202609120016842,1,0,1,0
202609120034345,1,0,1,0
202609120035263,1,0,1,0
202609120036946,1,0,1,0
202609120032247,1,0,1,0
202609120024051,1,0,1,0
202609120045877,1,0,1,0
202609120017512,1,0,1,0
202609120011517,1,0,1,0
202609120039683,1,0,1,0
202609120017884,1,0,1,0
202609120006658,1,0,1,0
202609120005616,1,0,1,0
202609120019179,1,0,1,0
202609120019170,1,0,1,0
202609120006635,1,0,1,0
202609120000701,1,0,1,0
202609120030058,1,0,1,0
202609120043354,1,0,1,0
202609120024782,1,0,1,0
202609120022775,1,0,1,0
202609120010584,1,0,1,0
202609120049282,1,0,1,0
202609120002923,1,0,1,0
202609120036911,1,0,1,0
202609120026776,1,0,1,0
202609120010423,1,0,1,0
202609120042640,1,0,1,0
202609120006758,1,0,1,0
202609120024286,1,0,1,0
202609120045242,1,0,1,0
202609120001815,1,0,1,0
202609120002039,1,0,1,0
202609120022425,1,0,1,0
202609120014851,1,0,1,0
202609120037240,1,0,1,0
202609120012018,1,0,1,0
202609120038847,1,0,1,0
202609120004465,1,0,1,0
202609120001395,1,0,1,0
202609120021056,1,0,1,0
202609120043112,1,0,1,0
202609120023153,1,0,1,0
202609120046156,1,0,1,0
202609120000378,1,0,1,0
202609120017118,1,0,1,0
202609120003896,1,0,1,0
202609120024290,1,0,1,0
202609120038208,1,0,1,0
202609120015021,1,0,1,0
202609120033848,1,0,1,0
202609120039754,1,0,1,0
202609120024610,1,0,1,0
202609120042242,1,0,1,0
202609120014375,1,0,1,0
202609120019162,1,0,1,0
202609120032920,1,0,1,0
202609120048820,1,0,1,0
202609120038471,1,0,1,0
202609120014472,1,0,1,0
202609120012155,1,0,1,0
202609120032349,1,0,1,0
202609120025738,1,0,1,0
202609120030707,1,0,1,0
202609120044699,1,0,1,0
202609120036873,1,0,1,0
202609120019380,1,0,1,0
202609120014522,1,0,1,0
202609120044832,1,0,1,0
202609120036576,1,0,1,0
202609120024536,1,0,1,0
202609120030970,1,0,1,0
202609120015356,1,0,1,0
202609120010587,1,0,1,0
202609120003150,1,0,1,0
202609120013190,1,0,1,0
202609120047394,1,0,1,0
202609120036205,1,0,1,0
202609120043653,1,0,1,0
202609120035758,1,0,1,0
202609120015832,1,0,1,0
202609120031491,1,0,1,0
202609120016635,1,0,1,0
202609120049404,1,0,1,0
202609120004773,1,0,1,0
202609120028727,1,0,1,0
202609120044351,1,0,1,0
202609120001321,1,0,1,0
202609120034050,1,0,1,0
202609120013461,1,0,1,0
202609120048170,1,0,1,0
202609120008121,1,0,1,0
202609120008726,1,0,1,0
202609120033596,1,0,1,0
202609120026812,1,0,1,0
202609120035730,1,0,1,0
202609120036582,1,0,1,0
202609120046730,1,0,1,0
202609120048346,1,0,1,0
202609120015466,1,0,1,0
202609120031821,1,0,1,0
202609120019487,1,0,1,0
202609120005749,1,0,1,0
202609120047888,1,0,1,0
202609120027677,1,0,1,0
202609120046342,1,0,1,0
202609120036233,1,0,1,0
202609120020271,1,0,1,0
202609120008686,1,0,1,0
202609120045658,1,0,1,0
202609120045423,1,0,1,0
202609120023343,1,0,1,0
202609120025209,1,0,1,0
202609120030717,1,0,1,0
202609120000953,1,0,1,0
202609120012206,1,0,1,0
202609120014968,1,0,1,0
202609120015930,1,0,1,0
202609120018730,1,0,1,0
202609120018158,1,0,1,0
202609120038527,1,0,1,0
202609120020562,1,0,1,0
202609120013499,1,0,1,0
202609120011997,1,0,1,0
202609120019698,1,0,1,0
202609120042664,1,0,1,0
202609120040727,1,0,1,0
202609120005485,1,0,1,0
202609120018191,1,0,1,0
202609120043154,1,0,1,0
202609120009904,1,0,1,0
202609120025533,1,0,1,0
202609120040942,1,0,1,0
202609120026959,1,0,1,0
202609120011209,1,0,1,0
202609120012116,1,0,1,0
202609120009030,1,0,1,0
202609120025827,1,0,1,0
202609120017620,1,0,1,0
202609120010022,1,0,1,0
202609120021411,1,0,1,0
202609120014277,1,0,1,0
202609120008709,1,0,1,0
202609120027106,1,0,1,0
202609120006378,1,0,1,0
202609120014696,1,0,1,0
202609120008079,1,0,1,0
202609120039890,1,0,1,0
202609120031021,1,0,1,0
202609120017144,1,0,1,0
202609120017146,1,0,1,0
202609120008006,1,0,1,0
202609120008231,1,0,1,0
202609120011608,1,0,1,0
202609120040006,1,0,1,0
202609120032394,1,0,1,0
202609120045538,1,0,1,0
202609120014509,1,0,1,0
202609120038301,1,0,1,0
202609120048448,1,0,1,0
202609120006232,1,0,1,0
202609120027642,1,0,1,0
202609120002485,1,0,1,0
202609120039258,1,0,1,0
202609120013410,1,0,1,0
202609120034056,1,0,1,0
202609120004164,1,0,1,0
202609120033735,1,0,1,0
202609120030631,1,0,1,0
202609120023483,1,0,1,0
202609120047276,1,0,1,0
202609120044024,1,0,1,0
202609120007064,1,0,1,0
202609120038398,1,0,1,0
202609120026630,1,0,1,0
202609120001142,1,0,1,0
202609120045472,1,0,1,0
202609120002788,1,0,1,0
202609120012893,1,0,1,0
202609120040859,1,0,1,0
202609120044056,1,0,1,0
202609120045579,1,0,1,0
202609120003179,1,0,1,0
202609120014002,1,0,1,0
202609120012865,1,0,1,0
202609120003430,1,0,1,0
202609120033801,1,0,1,0
202609120017586,1,0,1,0
202609120027607,1,0,1,0
202609120015349,1,0,1,0
202609120003755,1,0,1,0
202609120008406,1,0,1,0
202609120015384,1,0,1,0
202609120009518,1,0,1,0
202609120029948,1,0,1,0
202609120036259,1,0,1,0
202609120035849,1,0,1,0
202609120047354,1,0,1,0
202609120018440,1,0,1,0
202609120009347,1,0,1,0
202609120007120,1,0,1,0
202609120039658,1,0,1,0
202609120034378,1,0,1,0
202609120023892,1,0,1,0
202609120022086,1,0,1,0
202609120045512,1,0,1,0
202609120014129,1,0,1,0
202609120030916,1,0,1,0
202609120003058,1,0,1,0
202609120049834,1,0,1,0
202609120020019,1,0,1,0
202609120038065,1,0,1,0
202609120029097,1,0,1,0
202609120014817,1,0,1,0
202609120017817,1,0,1,0
202609120009898,1,0,1,0
202609120004846,1,0,1,0
202609120016597,1,0,1,0
202609120012876,1,0,1,0
202609120030384,1,0,1,0
202609120031774,1,0,1,0
202609120019431,1,0,1,0
202609120019949,1,0,1,0
202609120036295,1,0,1,0
202609120037460,1,0,1,0
202609120016719,1,0,1,0
202609120017430,1,0,1,0
202609120011935,1,0,1,0
202609120019387,1,0,1,0
202609120010936,1,0,1,0
202609120046179,1,0,1,0
202609120015227,1,0,1,0
202609120017172,1,0,1,0
202609120036854,1,0,1,0
202609120025432,1,0,1,0
202609120006718,1,0,1,0
202609120022229,1,0,1,0
202609120022272,1,0,1,0
202609120028997,1,0,1,0
202609120037215,1,0,1,0
202609120007690,1,0,1,0
202609120037154,1,0,1,0
202609120049680,1,0,1,0
202609120045054,1,0,1,0
202609120018956,1,0,1,0
202609120047193,1,0,1,0
202609120045042,1,0,1,0
202609120031629,1,0,1,0
202609120043057,1,0,1,0
202609120037539,1,0,1,0
202609120016560,1,0,1,0
202609120030120,1,0,1,0
202609120010863,1,0,1,0
202609120036377,1,0,1,0
202609120024657,1,0,1,0
202609120001567,1,0,1,0
202609120023624,1,0,1,0
202609120002956,1,0,1,0
202609120005137,1,0,1,0
202609120040362,1,0,1,0
202609120045850,1,0,1,0
202609120025488,1,0,1,0
202609120039724,1,0,1,0
202609120039203,1,0,1,0
202609120047726,1,0,1,0
202609120042589,1,0,1,0
202609120000977,1,0,1,0
202609120036298,1,0,1,0
202609120014842,1,0,1,0
202609120008907,1,0,1,0
202609120036154,1,0,1,0
202609120013566,1,0,1,0
202609120003441,1,0,1,0
202609120030938,1,0,1,0
202609120023315,1,0,1,0
202609120045464,1,0,1,0
202609120012736,1,0,1,0
202609120010182,1,0,1,0
202609120021716,1,0,1,0
202609120044759,1,0,1,0
202609120032158,1,0,1,0
202609120025417,1,0,1,0
202609120040393,1,0,1,0
202609120012141,1,0,1,0
202609120003749,1,0,1,0
202609120005594,1,0,1,0
202609120048966,1,0,1,0
202609120001735,1,0,1,0
202609120002201,1,0,1,0
202609120032402,1,0,1,0
202609120042314,1,0,1,0
202609120029835,1,0,1,0
202609120022515,1,0,1,0
202609120048325,1,0,1,0
202609120009509,1,0,1,0
202609120009460,1,0,1,0
202609120035712,1,0,1,0
202609120047107,1,0,1,0
202609120044791,1,0,1,0
202609120036157,1,0,1,0
202609120039275,1,0,1,0
202609120006808,1,0,1,0
202609120046086,1,0,1,0
202609120018816,1,0,1,0
202609120000945,1,0,1,0
202609120005265,1,0,1,0
202609120006250,1,0,1,0
202609120030378,1,0,1,0
202609120017605,1,0,1,0
202609120027768,1,0,1,0
202609120007033,1,0,1,0
202609120047004,1,0,1,0
202609120049304,1,0,1,0
202609120023350,1,0,1,0
202609120033563,1,0,1,0
202609120043125,1,0,1,0
202609120029282,1,0,1,0
202609120046723,1,0,1,0
202609120012052,1,0,1,0
202609120040028,1,0,1,0
202609120015731,1,0,1,0
202609120020769,1,0,1,0
202609120019920,1,0,1,0
202609120020441,1,0,1,0
202609120017077,1,0,1,0
202609120015615,1,0,1,0
202609120034253,1,0,1,0
202609120023754,1,0,1,0
202609120035069,1,0,1,0
202609120036042,1,0,1,0
202609120025196,1,0,1,0
202609120040927,1,0,1,0
202609120005507,1,0,1,0
202609120042802,1,0,1,0
202609120012150,1,0,1,0
202609120033565,1,0,1,0
202609120019450,1,0,1,0
202609120029103,1,0,1,0
202609120026683,1,0,1,0
202609120049383,1,0,1,0
202609120011177,1,0,1,0
202609120042626,1,0,1,0
202609120004034,1,0,1,0
202609120042154,1,0,1,0
202609120003770,1,0,1,0
202609120012757,1,0,1,0
202609120000984,1,0,1,0
202609120048840,1,0,1,0
202609120017941,1,0,1,0
202609120015203,1,0,1,0
202609120022235,1,0,1,0
202609120027115,1,0,1,0
202609120020402,1,0,1,0
202609120014031,1,0,1,0
202609120020089,1,0,1,0
202609120046827,1,0,1,0
202609120040624,1,0,1,0
202609120033320,1,0,1,0
202609120019018,1,0,1,0
202609120044692,1,0,1,0
202609120048374,1,0,1,0
202609120024258,1,0,1,0
202609120031615,1,0,1,0
202609120036034,1,0,1,0
202609120031334,1,0,1,0
202609120019676,1,0,1,0
202609120006485,1,0,1,0
202609120037480,1,0,1,0
202609120012507,1,0,1,0
202609120038053,1,0,1,0
202609120027392,1,0,1,0
202609120002497,1,0,1,0
202609120010713,1,0,1,0
202609120034941,1,0,1,0
202609120029530,1,0,1,0
202609120028047,1,0,1,0
202609120031999,1,0,1,0
202609120031144,1,0,1,0
202609120022346,1,0,1,0
202609120012064,1,0,1,0
202609120043724,1,0,1,0
202609120043413,1,0,1,0
202609120003486,1,0,1,0
202609120027140,1,0,1,0
202609120003410,1,0,1,0
202609120027507,1,0,1,0
202609120019689,1,0,1,0
202609120021500,1,0,1,0
202609120029777,1,0,1,0
202609120039431,1,0,1,0
202609120000106,1,0,1,0
202609120039742,1,0,1,0
202609120024046,1,0,1,0
202609120004798,1,0,1,0
202609120014038,1,0,1,0
202609120002269,1,0,1,0
202609120023000,1,0,1,0
202609120004957,1,0,1,0
202609120027296,1,0,1,0
202609120048349,1,0,1,0
202609120032854,1,0,1,0
202609120000063,1,0,1,0
202609120030738,1,0,1,0
202609120046132,1,0,1,0
202609120017274,1,0,1,0
202609120015632,1,0,1,0
202609120000549,1,0,1,0
202609120009727,1,0,1,0
202609120037340,1,0,1,0
202609120025048,1,0,1,0
202609120015343,1,0,1,0
202609120004374,1,0,1,0
202609120003640,1,0,1,0
202609120035027,1,0,1,0
202609120007813,1,0,1,0
202609120013032,1,0,1,0
202609120001468,1,0,1,0
202609120027889,1,0,1,0
202609120011438,1,0,1,0
202609120003259,1,0,1,0
202609120014520,1,0,1,0
202609120042846,1,0,1,0
202609120043193,1,0,1,0
202609120016708,1,0,1,0
202609120024526,1,0,1,0
202609120034737,1,0,1,0
202609120031419,1,0,1,0
202609120000134,1,0,1,0
202609120013767,1,0,1,0
202609120000972,1,0,1,0
202609120021501,1,0,1,0
202609120002814,1,0,1,0
202609120014884,1,0,1,0
202609120016717,1,0,1,0
202609120046124,1,0,1,0
202609120027637,1,0,1,0
202609120028034,1,0,1,0
202609120006535,1,0,1,0
202609120008161,1,0,1,0
202609120022941,1,0,1,0
202609120023412,1,0,1,0
202609120045058,1,0,1,0
202609120007885,1,0,1,0
202609120042904,1,0,1,0
202609120038983,1,0,1,0
202609120040287,1,0,1,0
202609120033488,1,0,1,0
202609120013088,1,0,1,0
202609120023810,1,0,1,0
202609120049324,1,0,1,0
202609120035718,1,0,1,0
202609120020723,1,0,1,0
202609120018419,1,0,1,0
202609120023694,1,0,1,0
202609120004255,1,0,1,0
202609120036611,1,0,1,0
202609120004904,1,0,1,0
202609120021111,1,0,1,0
202609120026537,1,0,1,0
202609120002438,1,0,1,0
202609120039769,1,0,1,0
202609120009993,1,0,1,0
202609120020332,1,0,1,0
202609120037429,1,0,1,0
202609120016683,1,0,1,0
202609120037879,1,0,1,0
202609120038392,1,0,1,0
202609120032475,1,0,1,0
202609120016085,1,0,1,0
202609120032144,1,0,1,0
202609120032791,1,0,1,0
202609120014949,1,0,1,0
202609120031160,1,0,1,0
202609120004071,1,0,1,0
202609120008534,1,0,1,0
202609120006934,1,0,1,0
202609120018562,1,0,1,0
202609120010651,1,0,1,0
202609120000278,1,0,1,0
202609120015525,1,0,1,0
202609120040344,1,0,1,0
202609120003390,1,0,1,0
202609120032077,1,0,1,0
202609120000333,1,0,1,0
202609120025530,1,0,1,0
202609120037498,1,0,1,0
202609120008759,1,0,1,0
202609120005261,1,0,1,0
202609120024284,1,0,1,0
202609120016040,1,0,1,0
202609120034733,1,0,1,0
202609120007305,1,0,1,0
202609120015990,1,0,1,0
202609120034669,1,0,1,0
202609120042047,1,0,1,0
202609120031694,1,0,1,0
202609120046234,1,0,1,0
202609120020399,1,0,1,0
202609120048479,1,0,1,0
202609120003862,1,0,1,0
202609120042690,1,0,1,0
202609120045744,1,0,1,0
202609120017071,1,0,1,0
202609120001423,1,0,1,0
202609120001173,1,0,1,0
202609120016869,1,0,1,0
202609120032889,1,0,1,0
202609120031611,1,0,1,0
202609120045141,1,0,1,0
202609120004475,1,0,1,0
202609120015077,1,0,1,0
202609120026062,1,0,1,0
202609120045382,1,0,1,0
202609120013362,1,0,1,0
202609120041977,1,0,1,0
202609120003643,1,0,1,0
202609120006220,1,0,1,0
202609120021759,1,0,1,0
202609120021944,1,0,1,0
202609120009680,1,0,1,0
202609120028769,1,0,1,0
202609120039033,1,0,1,0
202609120018760,1,0,1,0
202609120025974,1,0,1,0
202609120025056,1,0,1,0
202609120040016,1,0,1,0
202609120005336,1,0,1,0
202609120023488,1,0,1,0
202609120028993,1,0,1,0
202609120034324,1,0,1,0
202609120021739,1,0,1,0
202609120010030,1,0,1,0
202609120024831,1,0,1,0
202609120009354,1,0,1,0
202609120030712,1,0,1,0
202609120014040,1,0,1,0
202609120018939,1,0,1,0
202609120029408,1,0,1,0
202609120029335,1,0,1,0
202609120012128,1,0,1,0
202609120027714,1,0,1,0
202609120005374,1,0,1,0
202609120027947,1,0,1,0
202609120031976,1,0,1,0
202609120022815,1,0,1,0
202609120036841,1,0,1,0
202609120031090,1,0,1,0
202609120008519,1,0,1,0
202609120014839,1,0,1,0
202609120037037,1,0,1,0
202609120048373,1,0,1,0
202609120036906,1,0,1,0
202609120007290,1,0,1,0
202609120034997,1,0,1,0
202609120020884,1,0,1,0
202609120035160,1,0,1,0
202609120023636,1,0,1,0
202609120048081,1,0,1,0
202609120024679,1,0,1,0
202609120004334,1,0,1,0
202609120046845,1,0,1,0
202609120039474,1,0,1,0
202609120027183,1,0,1,0
202609120022035,1,0,1,0
202609120019007,1,0,1,0
202609120044757,1,0,1,0
202609120003897,1,0,1,0
202609120047687,1,0,1,0
202609120012298,1,0,1,0
202609120046874,1,0,1,0
202609120002738,1,0,1,0
202609120004564,1,0,1,0
202609120028989,1,0,1,0
202609120032215,1,0,1,0
202609120031099,1,0,1,0
202609120016521,1,0,1,0
202609120045329,1,0,1,0
202609120014270,1,0,1,0
202609120002666,1,0,1,0
202609120037978,1,0,1,0
202609120047349,1,0,1,0
202609120019637,1,0,1,0
202609120046378,1,0,1,0
202609120028691,1,0,1,0
202609120045495,1,0,1,0
202609120029362,1,0,1,0
202609120043008,1,0,1,0
202609120013518,1,0,1,0
202609120025109,1,0,1,0
202609120013761,1,0,1,0
202609120029926,1,0,1,0
202609120020993,1,0,1,0
202609120008548,1,0,1,0
202609120036571,1,0,1,0
202609120021584,1,0,1,0
202609120004832,1,0,1,0
202609120038989,1,0,1,0
202609120038890,1,0,1,0
202609120020025,1,0,1,0
202609120035243,1,0,1,0
202609120025140,1,0,1,0
202609120001717,1,0,1,0
202609120023968,1,0,1,0
202609120017851,1,0,1,0
202609120022942,1,0,1,0
202609120010326,1,0,1,0
202609120002857,1,0,1,0
202609120017173,1,0,1,0
202609120025756,1,0,1,0
202609120011688,1,0,1,0
202609120024558,1,0,1,0
202609120007622,1,0,1,0
202609120022640,1,0,1,0
202609120032914,1,0,1,0
202609120011475,1,0,1,0
202609120048227,1,0,1,0
202609120021937,1,0,1,0
202609120003677,1,0,1,0
202609120027667,1,0,1,0
202609120041015,1,0,1,0
202609120007044,1,0,1,0
202609120045705,1,0,1,0
202609120026233,1,0,1,0
202609120034026,1,0,1,0
202609120025131,1,0,1,0
202609120020539,1,0,1,0
202609120011716,1,0,1,0
202609120048726,1,0,1,0
202609120026365,1,0,1,0
202609120003966,1,0,1,0
202609120045456,1,0,1,0
202609120042818,1,0,1,0
202609120015893,1,0,1,0
202609120042906,1,0,1,0
202609120040416,1,0,1,0
202609120041430,1,0,1,0
202609120026404,1,0,1,0
202609120029481,1,0,1,0
202609120035212,1,0,1,0
202609120006295,1,0,1,0
202609120001997,1,0,1,0
202609120033900,1,0,1,0
202609120000289,1,0,1,0
202609120042310,1,0,1,0
202609120032836,1,0,1,0
202609120010466,1,0,1,0
202609120006451,1,0,1,0
202609120027065,1,0,1,0
202609120018664,1,0,1,0
202609120002368,1,0,1,0
202609120005302,1,0,1,0
202609120023979,1,0,1,0
202609120009706,1,0,1,0
202609120017609,1,0,1,0
202609120002238,1,0,1,0
202609120013239,1,0,1,0
202609120046938,1,0,1,0
202609120003061,1,0,1,0
202609120009724,1,0,1,0
202609120041238,1,0,1,0
202609120038083,1,0,1,0
202609120024485,1,0,1,0
202609120006542,1,0,1,0
202609120041139,1,0,1,0
202609120035733,1,0,1,0
202609120043098,1,0,1,0
202609120018638,1,0,1,0
202609120010613,1,0,1,0
202609120005813,1,0,1,0
202609120023301,1,0,1,0
202609120003576,1,0,1,0
202609120020660,1,0,1,0
202609120033200,1,0,1,0
202609120004827,1,0,1,0
202609120011352,1,0,1,0
202609120043186,1,0,1,0
202609120023574,1,0,1,0
202609120040317,1,0,1,0
202609120034525,1,0,1,0
202609120023836,1,0,1,0
202609120047157,1,0,1,0
202609120016982,1,0,1,0
202609120033851,1,0,1,0
202609120026547,1,0,1,0
202609120025034,1,0,1,0
202609120021921,1,0,1,0
202609120043086,1,0,1,0
202609120009946,1,0,1,0
202609120021480,1,0,1,0
202609120033566,1,0,1,0
202609120019498,1,0,1,0
202609120030489,1,0,1,0
202609120041832,1,0,1,0
202609120003011,1,0,1,0
202609120017899,1,0,1,0
202609120038766,1,0,1,0
202609120005725,1,0,1,0
202609120040696,1,0,1,0
202609120041824,1,0,1,0
202609120012881,1,0,1,0
202609120010675,1,0,1,0
202609120040839,1,0,1,0
202609120018497,1,0,1,0
202609120010172,1,0,1,0
202609120012043,1,0,1,0
202609120011500,1,0,1,0
202609120001225,1,0,1,0
202609120030871,1,0,1,0
202609120001048,1,0,1,0
202609120009989,1,0,1,0
202609120002114,1,0,1,0
202609120025340,1,0,1,0
202609120041787,1,0,1,0
202609120000209,1,0,1,0
202609120032577,1,0,1,0
202609120018588,1,0,1,0
202609120042410,1,0,1,0
202609120041577,1,0,1,0
202609120014385,1,0,1,0
202609120026852,1,0,1,0
202609120049757,1,0,1,0
202609120010967,1,0,1,0
202609120023893,1,0,1,0
202609120041214,1,0,1,0
202609120045012,1,0,1,0
202609120001750,1,0,1,0
202609120009133,1,0,1,0
202609120000085,1,0,1,0
202609120044475,1,0,1,0
202609120013027,1,0,1,0
202609120012027,1,0,1,0
202609120037275,1,0,1,0
202609120003907,1,0,1,0
202609120009808,1,0,1,0
202609120036822,1,0,1,0
202609120030270,1,0,1,0
202609120032324,1,0,1,0
202609120024161,1,0,1,0
202609120047005,1,0,1,0
202609120021464,1,0,1,0
202609120039288,1,0,1,0
202609120017523,1,0,1,0
202609120003552,1,0,1,0
202609120016585,1,0,1,0
202609120012016,1,0,1,0
202609120042451,1,0,1,0
202609120017195,1,0,1,0
202609120037522,1,0,1,0
202609120017012,1,0,1,0
202609120035668,1,0,1,0
202609120018750,1,0,1,0
202609120008549,1,0,1,0
202609120014179,1,0,1,0
202609120034975,1,0,1,0
202609120012029,1,0,1,0
202609120012468,1,0,1,0
202609120003544,1,0,1,0
202609120033032,1,0,1,0
202609120017787,1,0,1,0
202609120020988,1,0,1,0
202609120023509,1,0,1,0
202609120002088,1,0,1,0
202609120023882,1,0,1,0
202609120022188,1,0,1,0
202609120017048,1,0,1,0
202609120032460,1,0,1,0
202609120006455,1,0,1,0
202609120018728,1,0,1,0
202609120042499,1,0,1,0
202609120039854,1,0,1,0
202609120022609,1,0,1,0
202609120004971,1,0,1,0
202609120000968,1,0,1,0
202609120047465,1,0,1,0
202609120019821,1,0,1,0
202609120008140,1,0,1,0
202609120021758,1,0,1,0
202609120000797,1,0,1,0
202609120016856,1,0,1,0
202609120042792,1,0,1,0
202609120015695,1,0,1,0
202609120010699,1,0,1,0
202609120017862,1,0,1,0
202609120006394,1,0,1,0
202609120033106,1,0,1,0
202609120005305,1,0,1,0
202609120043936,1,0,1,0
202609120029573,1,0,1,0
202609120019609,1,0,1,0
202609120042124,1,0,1,0
202609120018132,1,0,1,0
202609120003186,1,0,1,0
202609120031307,1,0,1,0
202609120013791,1,0,1,0
202609120004849,1,0,1,0
202609120029263,1,0,1,0
202609120037774,1,0,1,0
202609120015931,1,0,1,0
202609120009140,1,0,1,0
202609120016513,1,0,1,0
202609120038846,1,0,1,0
202609120017083,1,0,1,0
202609120036903,1,0,1,0
202609120027621,1,0,1,0
202609120043699,1,0,1,0
202609120011620,1,0,1,0
202609120049193,1,0,1,0
202609120011078,1,0,1,0
202609120037692,1,0,1,0
202609120021371,1,0,1,0
202609120028640,1,0,1,0
202609120006837,1,0,1,0
202609120008055,1,0,1,0
202609120005699,1,0,1,0
202609120021547,1,0,1,0
202609120016816,1,0,1,0
202609120000667,1,0,1,0
202609120000819,1,0,1,0
202609120040082,1,0,1,0
202609120040045,1,0,1,0
202609120005661,1,0,1,0
202609120036746,1,0,1,0
202609120005234,1,0,1,0
202609120030214,1,0,1,0
202609120000909,1,0,1,0
202609120019781,1,0,1,0
202609120033014,1,0,1,0
202609120005023,1,0,1,0
202609120029078,1,0,1,0
202609120047036,1,0,1,0
202609120029998,1,0,1,0
202609120004057,1,0,1,0
202609120032792,1,0,1,0
202609120041886,1,0,1,0
202609120012808,1,0,1,0
202609120017086,1,0,1,0
202609120020165,1,0,1,0
202609120016105,1,0,1,0
202609120007467,1,0,1,0
202609120005222,1,0,1,0
202609120011816,1,0,1,0
202609120035539,1,0,1,0
202609120041641,1,0,1,0
202609120001047,1,0,1,0
202609120021355,1,0,1,0
202609120037400,1,0,1,0
202609120008072,1,0,1,0
202609120015986,1,0,1,0
202609120030516,1,0,1,0
202609120042105,1,0,1,0
202609120033390,1,0,1,0
202609120006604,1,0,1,0
202609120015327,1,0,1,0
202609120004558,1,0,1,0
202609120003032,1,0,1,0
202609120000737,1,0,1,0
202609120045861,1,0,1,0
202609120023178,1,0,1,0
202609120012982,1,0,1,0
202609120039347,1,0,1,0
202609120045218,1,0,1,0
202609120035404,1,0,1,0
202609120006130,1,0,1,0
202609120047620,1,0,1,0
202609120029038,1,0,1,0
202609120026699,1,0,1,0
202609120027056,1,0,1,0
202609120004095,1,0,1,0
202609120021678,1,0,1,0
202609120029114,1,0,1,0
202609120009095,1,0,1,0
202609120013082,1,0,1,0
202609120000768,1,0,1,0
202609120039877,1,0,1,0
202609120047575,1,0,1,0
202609120008005,1,0,1,0
202609120012656,1,0,1,0
202609120042143,1,0,1,0
202609120003060,1,0,1,0
202609120024347,1,0,1,0
202609120002693,1,0,1,0
202609120033586,1,0,1,0
202609120026773,1,0,1,0
202609120036547,1,0,1,0
202609120030567,1,0,1,0
202609120012340,1,0,1,0
202609120028020,1,0,1,0
202609120033781,1,0,1,0
202609120009368,1,0,1,0
202609120001897,1,0,1,0
202609120049300,1,0,1,0
202609120031699,1,0,1,0
202609120041587,1,0,1,0
202609120030765,1,0,1,0
202609120023318,1,0,1,0
202609120044720,1,0,1,0
202609120010996,1,0,1,0
202609120007678,1,0,1,0
202609120002181,1,0,1,0
202609120013717,1,0,1,0
202609120019041,1,0,1,0
202609120045260,1,0,1,0
202609120042725,1,0,1,0
202609120042608,1,0,1,0
202609120022633,1,0,1,0
202609120024590,1,0,1,0
202609120024160,1,0,1,0
202609120042400,1,0,1,0
202609120009414,1,0,1,0
202609120030151,1,0,1,0
202609120000142,1,0,1,0
202609120002619,1,0,1,0
202609120025908,1,0,1,0
202609120038679,1,0,1,0
202609120023911,1,0,1,0
202609120015095,1,0,1,0
202609120040829,1,0,1,0
202609120037607,1,0,1,0
202609120034220,1,0,1,0
202609120005287,1,0,1,0
202609120021541,1,0,1,0
202609120002569,1,0,1,0
202609120028670,1,0,1,0
202609120001342,1,0,1,0
202609120015821,1,0,1,0
202609120021783,1,0,1,0
202609120007763,1,0,1,0
202609120026236,1,0,1,0
202609120001558,1,0,1,0
202609120044706,1,0,1,0
202609120041427,1,0,1,0
202609120017543,1,0,1,0
202609120046843,1,0,1,0
202609120010819,1,0,1,0
202609120030857,1,0,1,0
202609120021458,1,0,1,0
202609120020525,1,0,1,0
202609120005858,1,0,1,0
202609120016155,1,0,1,0
202609120013333,1,0,1,0
202609120023826,1,0,1,0
202609120019296,1,0,1,0
202609120007405,1,0,1,0
202609120019244,1,0,1,0
202609120048065,1,0,1,0
202609120034019,1,0,1,0
202609120038932,1,0,1,0
202609120031451,1,0,1,0
202609120026542,1,0,1,0
202609120049239,1,0,1,0
202609120000066,1,0,1,0
202609120038221,1,0,1,0
202609120049833,1,0,1,0
202609120011740,1,0,1,0
202609120041254,1,0,1,0
202609120036371,1,0,1,0
202609120036427,1,0,1,0
202609120023104,1,0,1,0
202609120023931,1,0,1,0
202609120009247,1,0,1,0
202609120047258,1,0,1,0
202609120029145,1,0,1,0
202609120028158,1,0,1,0
202609120013080,1,0,1,0
202609120030449,1,0,1,0
202609120042698,1,0,1,0
202609120024768,1,0,1,0
202609120010678,1,0,1,0
202609120031850,1,0,1,0
202609120028347,1,0,1,0
202609120040595,1,0,1,0
202609120008309,1,0,1,0
202609120032272,1,0,1,0
202609120000329,1,0,1,0
202609120034814,1,0,1,0
202609120004082,1,0,1,0
202609120040074,1,0,1,0
202609120006983,1,0,1,0
202609120004986,1,0,1,0
202609120018337,1,0,1,0
202609120024866,1,0,1,0
202609120044634,1,0,1,0
202609120020612,1,0,1,0
202609120026129,1,0,1,0
202609120003211,1,0,1,0
202609120042380,1,0,1,0
202609120026975,1,0,1,0
202609120036086,1,0,1,0
202609120028091,1,0,1,0
202609120047481,1,0,1,0
202609120020996,1,0,1,0
202609120003986,1,0,1,0
202609120018812,1,0,1,0
202609120032986,1,0,1,0
202609120012443,1,0,1,0
202609120046621,1,0,1,0
202609120015308,1,0,1,0
202609120036190,1,0,1,0
202609120003961,1,0,1,0
202609120002008,1,0,1,0
202609120021342,1,0,1,0
202609120010597,1,0,1,0
202609120032589,1,0,1,0
202609120025888,1,0,1,0
202609120021900,1,0,1,0
202609120004651,1,0,1,0
202609120005584,1,0,1,0
202609120005492,1,0,1,0
202609120030535,1,0,1,0
202609120029710,1,0,1,0
202609120019333,1,0,1,0
202609120042755,1,0,1,0
202609120019732,1,0,1,0
202609120024103,1,0,1,0
202609120021020,1,0,1,0
202609120044258,1,0,1,0
202609120017180,1,0,1,0
202609120024239,1,0,1,0
202609120036023,1,0,1,0
202609120030411,1,0,1,0
202609120012123,1,0,1,0
202609120048770,1,0,1,0
202609120047160,1,0,1,0
202609120021865,1,0,1,0
202609120030405,1,0,1,0
202609120019232,1,0,1,0
202609120028453,1,0,1,0
202609120004287,1,0,1,0
202609120000320,1,0,1,0
202609120037800,1,0,1,0
202609120043371,1,0,1,0
202609120006888,1,0,1,0
202609120015042,1,0,1,0
202609120037488,1,0,1,0
202609120038494,1,0,1,0
202609120014430,1,0,1,0
202609120034499,1,0,1,0
202609120000425,1,0,1,0
202609120011477,1,0,1,0
202609120030847,1,0,1,0
202609120034539,1,0,1,0
202609120004499,1,0,1,0
202609120001121,1,0,1,0
202609120036012,1,0,1,0
202609120022129,1,0,1,0
202609120043549,1,0,1,0
202609120010563,1,0,1,0
202609120011410,1,0,1,0
202609120020805,1,0,1,0
202609120026315,1,0,1,0
202609120041578,1,0,1,0
202609120003370,1,0,1,0
202609120019355,1,0,1,0
202609120013776,1,0,1,0
202609120011673,1,0,1,0
202609120047674,1,0,1,0
202609120046374,1,0,1,0
202609120035560,1,0,1,0
202609120022127,1,0,1,0
202609120040637,1,0,1,0
202609120002488,1,0,1,0
202609120043429,1,0,1,0
202609120026194,1,0,1,0
202609120042030,1,0,1,0
202609120017389,1,0,1,0
202609120005386,1,0,1,0
202609120009370,1,0,1,0
202609120005006,1,0,1,0
202609120001407,1,0,1,0
202609120046164,1,0,1,0
202609120030664,1,0,1,0
202609120025422,1,0,1,0
202609120004012,1,0,1,0
202609120014517,1,0,1,0
202609120008938,1,0,1,0
202609120008877,1,0,1,0
202609120000728,1,0,1,0
202609120000815,1,0,1,0
202609120009290,1,0,1,0
202609120017305,1,0,1,0
202609120041435,1,0,1,0
202609120022602,1,0,1,0
202609120025909,1,0,1,0
202609120004235,1,0,1,0
202609120034544,1,0,1,0
202609120025837,1,0,1,0
202609120007603,1,0,1,0
202609120015087,1,0,1,0
202609120028071,1,0,1,0
202609120040654,1,0,1,0
202609120019196,1,0,1,0
202609120030507,1,0,1,0
202609120024123,1,0,1,0
202609120037974,1,0,1,0
202609120037927,1,0,1,0
202609120046499,1,0,1,0
202609120007400,1,0,1,0
202609120027636,1,0,1,0
202609120000843,1,0,1,0
202609120011802,1,0,1,0
202609120025686,1,0,1,0
202609120011672,1,0,1,0
202609120031232,1,0,1,0
202609120022895,1,0,1,0
202609120049789,1,0,1,0
202609120030771,1,0,1,0
202609120008474,1,0,1,0
202609120037008,1,0,1,0
202609120034443,1,0,1,0
202609120008414,1,0,1,0
202609120029995,1,0,1,0
202609120028019,1,0,1,0
202609120009262,1,0,1,0
202609120045392,1,0,1,0
202609120011238,1,0,1,0
202609120021934,1,0,1,0
202609120035796,1,0,1,0
202609120020744,1,0,1,0
202609120043149,1,0,1,0
202609120001745,1,0,1,0
202609120047020,1,0,1,0
202609120046212,1,0,1,0
202609120031580,1,0,1,0
202609120021693,1,0,1,0
202609120037885,1,0,1,0
202609120027261,1,0,1,0
202609120021862,1,0,1,0
202609120026877,1,0,1,0
202609120015479,1,0,1,0
202609120046925,1,0,1,0
202609120022136,1,0,1,0
202609120001357,1,0,1,0
202609120002312,1,0,1,0
202609120049850,1,0,1,0
202609120002753,1,0,1,0
202609120007604,1,0,1,0
202609120004227,1,0,1,0
202609120010491,1,0,1,0
202609120006852,1,0,1,0
202609120014025,1,0,1,0
202609120012573,1,0,1,0
202609120026527,1,0,1,0
202609120040474,1,0,1,0
202609120010864,1,0,1,0
202609120002255,1,0,1,0
202609120001150,1,0,1,0
202609120017841,1,0,1,0
202609120026595,1,0,1,0
202609120018837,1,0,1,0
202609120022610,1,0,1,0
202609120023019,1,0,1,0
202609120002100,1,0,1,0
202609120006043,1,0,1,0
202609120043962,1,0,1,0
202609120040314,1,0,1,0
202609120016016,1,0,1,0
202609120026213,1,0,1,0
202609120008773,1,0,1,0
202609120002142,1,0,1,0
202609120003362,1,0,1,0
202609120007661,1,0,1,0
202609120020503,1,0,1,0
202609120024121,1,0,1,0
202609120039817,1,0,1,0
202609120026151,1,0,1,0
202609120032138,1,0,1,0
202609120046488,1,0,1,0
202609120034806,1,0,1,0
202609120039280,1,0,1,0
202609120022770,1,0,1,0
202609120025630,1,0,1,0
202609120024868,1,0,1,0
202609120026752,1,0,1,0
202609120012606,1,0,1,0
202609120015328,1,0,1,0
202609120025518,1,0,1,0
202609120019068,1,0,1,0
202609120033598,1,0,1,0
202609120019102,1,0,1,0
202609120042315,1,0,1,0
202609120036824,1,0,1,0
202609120047269,1,0,1,0
202609120013220,1,0,1,0
202609120028028,1,0,1,0
202609120022218,1,0,1,0
202609120004191,1,0,1,0
202609120015028,1,0,1,0
202609120045327,1,0,1,0
202609120021048,1,0,1,0
202609120044427,1,0,1,0
202609120002413,1,0,1,0
202609120035143,1,0,1,0
202609120014697,1,0,1,0
202609120010318,1,0,1,0
202609120005568,1,0,1,0
202609120004594,1,0,1,0
202609120038293,1,0,1,0
202609120017020,1,0,1,0
202609120021692,1,0,1,0
202609120020782,1,0,1,0
202609120023479,1,0,1,0
202609120022933,1,0,1,0
202609120007115,1,0,1,0
202609120026530,1,0,1,0
202609120022814,1,0,1,0
202609120010992,1,0,1,0
202609120001947,1,0,1,0
202609120012746,1,0,1,0
202609120038563,1,0,1,0
202609120033221,1,0,1,0
202609120030951,1,0,1,0
202609120009222,1,0,1,0
202609120007227,1,0,1,0
202609120007198,1,0,1,0
202609120012111,1,0,1,0
202609120019645,1,0,1,0
202609120030639,1,0,1,0
202609120009555,1,0,1,0
202609120036832,1,0,1,0
202609120021583,1,0,1,0
202609120046638,1,0,1,0
202609120020620,1,0,1,0
202609120037229,1,0,1,0
202609120046365,1,0,1,0
202609120001012,1,0,1,0
202609120045299,1,0,1,0
202609120034488,1,0,1,0
202609120030150,1,0,1,0
202609120005430,1,0,1,0
202609120019205,1,0,1,0
202609120022476,1,0,1,0
202609120045303,1,0,1,0
202609120022693,1,0,1,0
202609120049627,1,0,1,0
202609120020922,1,0,1,0
202609120039615,1,0,1,0
202609120015837,1,0,1,0
202609120048678,1,0,1,0
202609120033958,1,0,1,0
202609120041131,1,0,1,0
202609120038391,1,0,1,0
202609120018942,1,0,1,0
202609120037204,1,0,1,0
202609120028912,1,0,1,0
202609120028967,1,0,1,0
202609120026092,1,0,1,0
202609120045964,1,0,1,0
202609120005468,1,0,1,0
202609120034429,1,0,1,0
202609120010287,1,0,1,0
202609120032959,1,0,1,0
202609120018328,1,0,1,0
202609120015250,1,0,1,0
202609120034299,1,0,1,0
202609120040833,1,0,1,0
202609120025985,1,0,1,0
202609120007226,1,0,1,0
202609120014818,1,0,1,0
202609120026481,1,0,1,0
202609120018537,1,0,1,0
202609120009202,1,0,1,0
202609120039363,1,0,1,0
202609120009233,1,0,1,0
202609120020283,1,0,1,0
202609120016364,1,0,1,0
202609120025828,1,0,1,0
202609120024169,1,0,1,0
202609120004150,1,0,1,0
202609120036008,1,0,1,0
202609120031027,1,0,1,0
202609120004019,1,0,1,0
202609120039900,1,0,1,0
202609120025811,1,0,1,0
202609120014110,1,0,1,0
202609120037535,1,0,1,0
202609120039985,1,0,1,0
202609120028690,1,0,1,0
202609120049609,1,0,1,0
202609120006750,1,0,1,0
202609120014458,1,0,1,0
202609120024795,1,0,1,0
202609120000942,1,0,1,0
202609120046224,1,0,1,0
202609120019476,1,0,1,0
202609120001088,1,0,1,0
202609120043598,1,0,1,0
202609120043110,1,0,1,0
202609120019468,1,0,1,0
202609120009894,1,0,1,0
202609120003950,1,0,1,0
202609120006376,1,0,1,0
202609120024080,1,0,1,0
202609120015984,1,0,1,0
202609120028443,1,0,1,0
202609120045669,1,0,1,0
202609120007285,1,0,1,0
202609120023515,1,0,1,0
202609120005765,1,0,1,0
202609120026221,1,0,1,0
202609120025689,1,0,1,0
202609120033961,1,0,1,0
202609120014126,1,0,1,0
202609120004051,1,0,1,0
202609120031753,1,0,1,0
202609120030512,1,0,1,0
202609120003197,1,0,1,0
202609120021789,1,0,1,0
202609120039209,1,0,1,0
202609120037851,1,0,1,0
202609120006368,1,0,1,0
202609120004693,1,0,1,0
202609120005110,1,0,1,0
202609120039592,1,0,1,0
202609120035628,1,0,1,0
202609120022494,1,0,1,0
202609120049035,1,0,1,0
202609120043457,1,0,1,0
202609120007594,1,0,1,0
202609120042096,1,0,1,0
202609120039578,1,0,1,0
202609120032450,1,0,1,0
202609120034740,1,0,1,0
202609120049420,1,0,1,0
202609120027506,1,0,1,0
202609120013752,1,0,1,0
202609120036540,1,0,1,0
202609120020004,1,0,1,0
202609120013183,1,0,1,0
202609120002037,1,0,1,0
202609120025637,1,0,1,0
202609120026396,1,0,1,0
202609120017980,1,0,1,0
202609120008788,1,0,1,0
202609120001779,1,0,1,0
202609120036877,1,0,1,0
202609120037142,1,0,1,0
202609120015378,1,0,1,0
202609120008626,1,0,1,0
202609120014382,1,0,1,0
202609120012540,1,0,1,0
202609120033071,1,0,1,0
202609120007783,1,0,1,0
202609120009712,1,0,1,0
202609120020078,1,0,1,0
202609120020382,1,0,1,0
202609120006374,1,0,1,0
202609120029181,1,0,1,0
202609120036828,1,0,1,0
202609120046424,1,0,1,0
202609120002458,1,0,1,0
202609120031779,1,0,1,0
202609120038480,1,0,1,0
202609120047737,1,0,1,0
202609120027524,1,0,1,0
202609120020046,1,0,1,0
202609120048202,1,0,1,0
202609120017755,1,0,1,0
202609120024985,1,0,1,0
202609120004169,1,0,1,0
202609120037584,1,0,1,0
202609120036038,1,0,1,0
202609120028254,1,0,1,0
202609120044749,1,0,1,0
202609120034079,1,0,1,0
202609120015448,1,0,1,0
202609120040053,1,0,1,0
202609120032190,1,0,1,0
202609120045521,1,0,1,0
202609120046330,1,0,1,0
202609120013323,1,0,1,0
202609120000921,1,0,1,0
202609120035057,1,0,1,0
202609120040943,1,0,1,0
202609120042011,1,0,1,0
202609120047931,1,0,1,0
202609120005557,1,0,1,0
202609120030848,1,0,1,0
202609120022955,1,0,1,0
202609120045441,1,0,1,0
202609120036783,1,0,1,0
202609120022273,1,0,1,0
202609120023555,1,0,1,0
202609120017225,1,0,1,0
202609120039548,1,0,1,0
202609120023614,1,0,1,0
202609120012552,1,0,1,0
202609120041531,1,0,1,0
202609120048821,1,0,1,0
202609120024778,1,0,1,0
202609120017680,1,0,1,0
202609120011224,1,0,1,0
202609120018387,1,0,1,0
202609120026679,1,0,1,0
202609120003767,1,0,1,0
202609120023175,1,0,1,0
202609120030182,1,0,1,0
202609120047290,1,0,1,0
202609120038735,1,0,1,0
202609120044212,1,0,1,0
202609120028351,1,0,1,0
202609120046240,1,0,1,0
202609120003651,1,0,1,0
202609120000447,1,0,1,0
202609120022677,1,0,1,0
202609120008066,1,0,1,0
202609120042564,1,0,1,0
202609120046261,1,0,1,0
202609120001533,1,0,1,0
202609120019587,1,0,1,0
202609120045229,1,0,1,0
202609120043246,1,0,1,0
202609120017485,1,0,1,0
202609120025969,1,0,1,0
202609120001472,1,0,1,0
202609120037835,1,0,1,0
202609120033248,1,0,1,0
202609120018351,1,0,1,0
202609120002913,1,0,1,0
202609120032968,1,0,1,0
202609120036030,1,0,1,0
202609120033299,1,0,1,0
202609120036258,1,0,1,0
202609120021554,1,0,1,0
202609120006854,1,0,1,0
202609120042329,1,0,1,0
202609120033467,1,0,1,0
202609120004305,1,0,1,0
202609120035576,1,0,1,0
202609120046384,1,0,1,0
202609120044053,1,0,1,0
202609120028234,1,0,1,0
202609120030634,1,0,1,0
202609120003110,1,0,1,0
202609120045067,1,0,1,0
202609120034787,1,0,1,0
202609120033865,1,0,1,0
202609120024408,1,0,1,0
202609120025718,1,0,1,0
202609120024571,1,0,1,0
202609120035960,1,0,1,0
202609120036451,1,0,1,0
202609120024365,1,0,1,0
202609120036357,1,0,1,0
202609120020829,1,0,1,0
202609120025338,1,0,1,0
202609120011042,1,0,1,0
202609120008837,1,0,1,0
202609120041023,1,0,1,0
202609120010688,1,0,1,0
202609120025771,1,0,1,0
202609120033185,1,0,1,0
202609120025558,1,0,1,0
202609120034781,1,0,1,0
202609120000015,1,0,1,0
202609120047177,1,0,1,0
202609120018789,1,0,1,0
202609120025532,1,0,1,0
202609120005330,1,0,1,0
202609120021912,1,0,1,0
202609120042997,1,0,1,0
202609120001870,1,0,1,0
202609120028878,1,0,1,0
202609120041050,1,0,1,0
202609120048852,1,0,1,0
202609120003674,1,0,1,0
202609120047030,1,0,1,0
202609120010644,1,0,1,0
202609120047442,1,0,1,0
202609120014997,1,0,1,0
202609120022455,1,0,1,0
202609120005220,1,0,1,0
202609120044883,1,0,1,0
202609120000837,1,0,1,0
202609120028336,1,0,1,0
202609120039641,1,0,1,0
202609120013538,1,0,1,0
202609120014639,1,0,1,0
202609120041275,1,0,1,0
202609120037917,1,0,1,0
202609120013819,1,0,1,0
202609120027818,1,0,1,0
202609120041332,1,0,1,0
202609120013992,1,0,1,0
202609120017807,1,0,1,0
202609120012756,1,0,1,0
202609120011783,1,0,1,0
202609120031374,1,0,1,0
202609120017972,1,0,1,0
202609120041995,1,0,1,0
202609120040650,1,0,1,0
202609120031364,1,0,1,0
202609120012788,1,0,1,0
202609120025632,1,0,1,0
202609120035564,1,0,1,0
202609120011218,1,0,1,0
202609120018600,1,0,1,0
202609120037072,1,0,1,0
202609120002999,1,0,1,0
202609120036313,1,0,1,0
202609120023425,1,0,1,0
202609120002369,1,0,1,0
202609120013028,1,0,1,0
202609120009364,1,0,1,0
202609120004365,1,0,1,0
202609120003338,1,0,1,0
202609120030200,1,0,1,0
202609120013821,1,0,1,0
202609120041167,1,0,1,0
202609120049124,1,0,1,0
202609120042284,1,0,1,0
202609120004431,1,0,1,0
202609120036973,1,0,1,0
202609120018732,1,0,1,0
202609120029115,1,0,1,0
202609120008450,1,0,1,0
202609120000721,1,0,1,0
202609120043159,1,0,1,0
202609120020851,1,0,1,0
202609120003898,1,0,1,0
202609120013006,1,0,1,0
202609120017335,1,0,1,0
202609120032663,1,0,1,0
202609120043959,1,0,1,0
202609120026675,1,0,1,0
202609120002776,1,0,1,0
202609120034037,1,0,1,0
202609120011043,1,0,1,0
202609120002768,1,0,1,0
202609120009017,1,0,1,0
202609120027761,1,0,1,0
202609120037964,1,0,1,0
202609120032620,1,0,1,0
202609120046390,1,0,1,0
202609120026559,1,0,1,0
202609120012984,1,0,1,0
202609120030493,1,0,1,0
202609120047266,1,0,1,0
202609120028178,1,0,1,0
202609120005582,1,0,1,0
202609120006338,1,0,1,0
202609120005934,1,0,1,0
202609120036296,1,0,1,0
202609120039051,1,0,1,0
202609120042752,1,0,1,0
202609120021655,1,0,1,0
202609120049772,1,0,1,0
202609120001617,1,0,1,0
202609120040636,1,0,1,0
202609120008909,1,0,1,0
202609120006903,1,0,1,0
202609120031505,1,0,1,0
202609120031135,1,0,1,0
202609120004637,1,0,1,0
202609120006557,1,0,1,0
202609120004686,1,0,1,0
202609120036490,1,0,1,0
202609120010855,1,0,1,0
202609120008438,1,0,1,0
202609120014722,1,0,1,0
202609120039267,1,0,1,0
202609120009421,1,0,1,0
202609120024529,1,0,1,0
202609120007565,1,0,1,0
202609120030324,1,0,1,0
202609120007515,1,0,1,0
202609120022843,1,0,1,0
202609120033176,1,0,1,0
202609120015254,1,0,1,0
202609120043520,1,0,1,0
202609120005679,1,0,1,0
202609120029802,1,0,1,0
202609120044738,1,0,1,0
202609120003122,1,0,1,0
202609120009992,1,0,1,0
202609120000841,1,0,1,0
202609120038632,1,0,1,0
202609120032568,1,0,1,0
202609120001987,1,0,1,0
202609120031739,1,0,1,0
202609120000750,1,0,1,0
202609120008655,1,0,1,0
202609120014170,1,0,1,0
202609120007947,1,0,1,0
202609120044160,1,0,1,0
202609120035996,1,0,1,0
202609120003528,1,0,1,0
202609120037466,1,0,1,0
202609120015171,1,0,1,0
202609120012432,1,0,1,0
202609120021321,1,0,1,0
202609120007498,1,0,1,0
202609120045671,1,0,1,0
202609120012208,1,0,1,0
202609120027705,1,0,1,0
202609120016830,1,0,1,0
202609120023738,1,0,1,0
202609120030585,1,0,1,0
202609120026164,1,0,1,0
202609120014411,1,0,1,0
202609120025614,1,0,1,0
202609120039408,1,0,1,0
202609120019912,1,0,1,0
202609120026611,1,0,1,0
202609120037735,1,0,1,0
202609120023421,1,0,1,0
202609120023690,1,0,1,0
202609120047191,1,0,1,0
202609120049624,1,0,1,0
202609120020116,1,0,1,0
202609120047802,1,0,1,0
202609120013838,1,0,1,0
202609120032047,1,0,1,0
202609120049306,1,0,1,0
202609120029153,1,0,1,0
202609120029783,1,0,1,0
202609120033640,1,0,1,0
202609120031172,1,0,1,0
202609120019209,1,0,1,0
202609120013836,1,0,1,0
202609120010806,1,0,1,0
202609120037162,1,0,1,0
202609120034467,1,0,1,0
202609120032749,1,0,1,0
202609120034010,1,0,1,0
202609120048050,1,0,1,0
202609120028215,1,0,1,0
202609120005717,1,0,1,0
202609120007112,1,0,1,0
202609120018401,1,0,1,0
202609120011809,1,0,1,0
202609120043697,1,0,1,0
202609120046106,1,0,1,0
202609120021061,1,0,1,0
202609120020176,1,0,1,0
202609120014096,1,0,1,0
202609120006161,1,0,1,0
202609120049481,1,0,1,0
202609120046905,1,0,1,0
202609120046232,1,0,1,0
202609120002685,1,0,1,0
202609120040052,1,0,1,0
202609120043652,1,0,1,0
202609120017989,1,0,1,0
202609120024454,1,0,1,0
202609120049629,1,0,1,0
202609120030394,1,0,1,0
202609120001105,1,0,1,0
202609120008621,1,0,1,0
202609120001725,1,0,1,0
202609120037395,1,0,1,0
202609120044872,1,0,1,0
202609120038385,1,0,1,0
202609120043548,1,0,1,0
202609120043029,1,0,1,0
202609120018418,1,0,1,0
202609120008444,1,0,1,0
202609120038280,1,0,1,0
202609120001517,1,0,1,0
202609120019793,1,0,1,0
202609120008276,1,0,1,0
202609120005605,1,0,1,0
202609120005334,1,0,1,0
202609120042022,1,0,1,0
202609120031565,1,0,1,0
202609120026327,1,0,1,0
202609120030198,1,0,1,0
202609120020547,1,0,1,0
202609120020729,1,0,1,0
202609120032998,1,0,1,0
202609120007442,1,0,1,0
202609120000093,1,0,1,0
202609120002236,1,0,1,0
202609120030941,1,0,1,0
202609120015224,1,0,1,0
202609120027890,1,0,1,0
202609120011766,1,0,1,0
202609120018355,1,0,1,0
202609120043901,1,0,1,0
202609120035986,1,0,1,0
202609120030430,1,0,1,0
202609120029138,1,0,1,0
202609120039091,1,0,1,0
202609120024356,1,0,1,0
202609120042415,1,0,1,0
202609120014301,1,0,1,0
202609120045840,1,0,1,0
202609120045944,1,0,1,0
202609120044506,1,0,1,0
202609120045449,1,0,1,0
202609120025540,1,0,1,0
202609120006651,1,0,1,0
202609120035059,1,0,1,0
202609120017111,1,0,1,0
202609120005678,1,0,1,0
202609120011490,1,0,1,0
202609120013437,1,0,1,0
202609120003497,1,0,1,0
202609120015279,1,0,1,0
202609120028846,1,0,1,0
202609120038235,1,0,1,0
202609120042258,1,0,1,0
202609120021999,1,0,1,0
202609120007591,1,0,1,0
202609120031707,1,0,1,0
202609120009310,1,0,1,0
202609120022446,1,0,1,0
202609120009580,1,0,1,0
202609120047490,1,0,1,0
202609120008511,1,0,1,0
202609120017507,1,0,1,0
202609120048936,1,0,1,0
202609120023454,1,0,1,0
202609120040396,1,0,1,0
202609120000427,1,0,1,0
202609120048135,1,0,1,0
202609120027207,1,0,1,0
202609120022769,1,0,1,0
202609120008182,1,0,1,0
202609120046433,1,0,1,0
202609120020273,1,0,1,0
202609120027280,1,0,1,0
202609120010650,1,0,1,0
202609120018029,1,0,1,0
202609120031411,1,0,1,0
202609120044224,1,0,1,0
202609120019372,1,0,1,0
202609120014452,1,0,1,0
202609120026728,1,0,1,0
202609120023985,1,0,1,0
202609120023898,1,0,1,0
202609120003987,1,0,1,0
202609120035655,1,0,1,0
202609120031292,1,0,1,0
202609120038900,1,0,1,0
202609120004469,1,0,1,0
202609120000814,1,0,1,0
202609120036314,1,0,1,0
202609120042709,1,0,1,0
202609120010906,1,0,1,0
202609120016741,1,0,1,0
202609120036820,1,0,1,0
202609120025137,1,0,1,0
202609120035410,1,0,1,0
202609120011590,1,0,1,0
202609120041596,1,0,1,0
202609120044352,1,0,1,0
202609120006559,1,0,1,0
202609120040125,1,0,1,0
202609120003416,1,0,1,0
202609120012818,1,0,1,0
202609120044280,1,0,1,0
202609120026510,1,0,1,0
202609120011736,1,0,1,0
202609120034679,1,0,1,0
202609120002646,1,0,1,0
202609120048269,1,0,1,0
202609120032464,1,0,1,0
202609120027707,1,0,1,0
202609120005927,1,0,1,0
202609120007220,1,0,1,0
202609120010922,1,0,1,0
202609120006561,1,0,1,0
202609120024443,1,0,1,0
202609120032337,1,0,1,0
202609120020583,1,0,1,0
202609120007808,1,0,1,0
202609120003121,1,0,1,0
202609120007962,1,0,1,0
202609120001530,1,0,1,0
202609120019646,1,0,1,0
202609120043938,1,0,1,0
202609120045367,1,0,1,0
202609120008436,1,0,1,0
202609120009794,1,0,1,0
202609120043604,1,0,1,0
202609120033259,1,0,1,0
202609120044375,1,0,1,0
202609120040469,1,0,1,0
202609120008843,1,0,1,0
202609120035080,1,0,1,0
202609120011544,1,0,1,0
202609120001923,1,0,1,0
202609120006940,1,0,1,0
202609120017440,1,0,1,0
202609120043873,1,0,1,0
202609120048999,1,0,1,0
202609120022702,1,0,1,0
202609120027483,1,0,1,0
202609120004578,1,0,1,0
202609120030818,1,0,1,0
202609120009086,1,0,1,0
202609120039541,1,0,1,0
202609120034193,1,0,1,0
202609120014037,1,0,1,0
202609120013002,1,0,1,0
202609120021768,1,0,1,0
202609120029862,1,0,1,0
202609120016378,1,0,1,0
202609120008107,1,0,1,0
202609120030704,1,0,1,0
202609120048330,1,0,1,0
202609120021081,1,0,1,0
202609120043320,1,0,1,0
202609120036160,1,0,1,0
202609120028238,1,0,1,0
202609120045526,1,0,1,0
202609120024043,1,0,1,0
202609120022258,1,0,1,0
202609120007479,1,0,1,0
202609120026079,1,0,1,0
202609120009725,1,0,1,0
202609120027699,1,0,1,0
202609120004728,1,0,1,0
202609120020219,1,0,1,0
202609120027377,1,0,1,0
202609120011900,1,0,1,0
202609120026983,1,0,1,0
202609120020056,1,0,1,0
202609120001288,1,0,1,0
202609120001710,1,0,1,0
202609120008067,1,0,1,0
202609120048748,1,0,1,0
202609120007586,1,0,1,0
202609120025672,1,0,1,0
202609120029251,1,0,1,0
202609120015267,1,0,1,0
202609120005463,1,0,1,0
202609120017467,1,0,1,0
202609120000889,1,0,1,0
202609120049187,1,0,1,0
202609120045112,1,0,1,0
202609120001345,1,0,1,0
202609120041785,1,0,1,0
202609120037810,1,0,1,0
202609120019456,1,0,1,0
202609120042322,1,0,1,0
202609120045595,1,0,1,0
202609120024245,1,0,1,0
202609120039812,1,0,1,0
202609120000262,1,0,1,0
202609120029709,1,0,1,0
202609120030645,1,0,1,0
202609120001599,1,0,1,0
202609120012851,1,0,1,0
202609120024552,1,0,1,0
202609120049700,1,0,1,0
202609120045921,1,0,1,0
202609120017712,1,0,1,0
202609120025654,1,0,1,0
202609120009040,1,0,1,0
202609120045251,1,0,1,0
202609120010162,1,0,1,0
202609120026517,1,0,1,0
202609120043263,1,0,1,0
202609120002620,1,0,1,0
202609120032211,1,0,1,0
202609120005544,1,0,1,0
202609120035608,1,0,1,0
202609120014724,1,0,1,0
202609120037783,1,0,1,0
202609120026489,1,0,1,0
202609120034416,1,0,1,0
202609120040412,1,0,1,0
202609120025901,1,0,1,0
202609120016400,1,0,1,0
202609120013137,1,0,1,0
202609120013402,1,0,1,0
202609120016688,1,0,1,0
202609120010521,1,0,1,0
202609120023869,1,0,1,0
202609120042645,1,0,1,0
202609120008058,1,0,1,0
202609120026012,1,0,1,0
202609120046385,1,0,1,0
202609120004589,1,0,1,0
202609120005807,1,0,1,0
202609120043600,1,0,1,0
202609120009514,1,0,1,0
202609120007175,1,0,1,0
202609120028800,1,0,1,0
202609120026054,1,0,1,0
202609120011053,1,0,1,0
202609120038673,1,0,1,0
202609120005467,1,0,1,0
202609120002746,1,0,1,0
202609120026470,1,0,1,0
202609120022317,1,0,1,0
202609120029839,1,0,1,0
202609120034202,1,0,1,0
202609120018207,1,0,1,0
202609120017993,1,0,1,0
202609120045342,1,0,1,0
202609120035547,1,0,1,0
202609120032264,1,0,1,0
202609120024835,1,0,1,0
202609120001475,1,0,1,0
202609120024267,1,0,1,0
202609120046523,1,0,1,0
202609120030189,1,0,1,0
202609120039128,1,0,1,0
202609120016731,1,0,1,0
202609120008138,1,0,1,0
202609120010674,1,0,1,0
202609120036858,1,0,1,0
202609120020920,1,0,1,0
202609120046544,1,0,1,0
202609120024018,1,0,1,0
202609120046038,1,0,1,0
202609120022387,1,0,1,0
202609120023712,1,0,1,0
202609120010260,1,0,1,0
202609120014821,1,0,1,0
202609120010149,1,0,1,0
202609120022441,1,0,1,0
202609120026981,1,0,1,0
202609120009625,1,0,1,0
202609120041730,1,0,1,0
202609120006149,1,0,1,0
202609120028934,1,0,1,0
202609120045225,1,0,1,0
202609120021924,1,0,1,0
202609120036483,1,0,1,0
202609120017064,1,0,1,0
202609120023847,1,0,1,0
202609120002903,1,0,1,0
202609120039048,1,0,1,0
202609120041025,1,0,1,0
202609120007063,1,0,1,0
202609120012021,1,0,1,0
202609120045770,1,0,1,0
202609120018589,1,0,1,0
202609120049489,1,0,1,0
202609120002479,1,0,1,0
202609120033494,1,0,1,0
202609120032879,1,0,1,0
202609120048657,1,0,1,0
202609120013690,1,0,1,0
202609120000037,1,0,1,0
202609120024622,1,0,1,0
202609120048392,1,0,1,0
202609120031864,1,0,1,0
202609120001823,1,0,1,0
202609120004860,1,0,1,0
202609120026342,1,0,1,0
202609120027438,1,0,1,0
202609120001003,1,0,1,0
202609120026419,1,0,1,0
202609120018082,1,0,1,0
202609120011915,1,0,1,0
202609120004032,1,0,1,0
202609120022528,1,0,1,0
202609120034521,1,0,1,0
202609120026731,1,0,1,0
202609120027542,1,0,1,0
202609120044337,1,0,1,0
202609120045277,1,0,1,0
202609120020834,1,0,1,0
202609120005971,1,0,1,0
202609120045336,1,0,1,0
202609120008725,1,0,1,0
202609120036168,1,0,1,0
202609120016549,1,0,1,0
202609120041478,1,0,1,0
202609120020230,1,0,1,0
202609120009412,1,0,1,0
202609120015749,1,0,1,0
202609120042793,1,0,1,0
202609120039974,1,0,1,0
202609120000384,1,0,1,0
202609120028354,1,0,1,0
202609120025301,1,0,1,0
202609120026620,1,0,1,0
202609120020026,1,0,1,0
202609120045476,1,0,1,0
202609120023022,1,0,1,0
202609120004688,1,0,1,0
202609120040435,1,0,1,0
202609120015458,1,0,1,0
202609120049714,1,0,1,0
202609120040598,1,0,1,0
202609120042556,1,0,1,0
202609120008762,1,0,1,0
202609120007789,1,0,1,0
202609120032767,1,0,1,0
202609120042046,1,0,1,0
202609120035542,1,0,1,0
202609120012020,1,0,1,0
202609120049618,1,0,1,0
202609120006906,1,0,1,0
202609120027472,1,0,1,0
202609120008882,1,0,1,0
202609120016336,1,0,1,0
202609120011243,1,0,1,0
202609120019059,1,0,1,0
202609120036467,1,0,1,0
202609120048296,1,0,1,0
202609120011401,1,0,1,0
202609120016983,1,0,1,0
202609120014263,1,0,1,0
202609120003839,1,0,1,0
202609120039017,1,0,1,0
202609120017684,1,0,1,0
202609120020980,1,0,1,0
202609120017637,1,0,1,0
202609120044402,1,0,1,0
202609120018399,1,0,1,0
202609120009760,1,0,1,0
202609120043206,1,0,1,0
202609120025184,1,0,1,0
202609120020822,1,0,1,0
202609120003812,1,0,1,0
202609120024537,1,0,1,0
202609120035518,1,0,1,0
202609120036597,1,0,1,0
202609120035531,1,0,1,0
202609120019174,1,0,1,0
202609120018301,1,0,1,0
202609120020735,1,0,1,0
202609120012912,1,0,1,0
202609120004113,1,0,1,0
202609120002555,1,0,1,0
202609120020435,1,0,1,0
202609120035090,1,0,1,0
202609120043949,1,0,1,0
202609120009025,1,0,1,0
202609120002089,1,0,1,0
202609120027491,1,0,1,0
202609120011194,1,0,1,0
202609120000161,1,0,1,0
202609120022426,1,0,1,0
202609120043482,1,0,1,0
202609120010578,1,0,1,0
202609120009832,1,0,1,0
202609120047039,1,0,1,0
202609120018354,1,0,1,0
202609120008032,1,0,1,0
202609120005619,1,0,1,0
202609120032540,1,0,1,0
202609120008546,1,0,1,0
202609120039449,1,0,1,0
202609120026264,1,0,1,0
202609120027010,1,0,1,0
202609120002503,1,0,1,0
202609120017399,1,0,1,0
202609120036081,1,0,1,0
202609120048672,1,0,1,0
202609120009671,1,0,1,0
202609120002186,1,0,1,0
202609120023363,1,0,1,0
202609120035788,1,0,1,0
202609120001025,1,0,1,0
202609120005439,1,0,1,0
202609120038531,1,0,1,0
202609120045962,1,0,1,0
202609120019051,1,0,1,0
202609120029676,1,0,1,0
202609120030749,1,0,1,0
202609120023663,1,0,1,0
202609120046678,1,0,1,0
202609120039621,1,0,1,0
202609120047199,1,0,1,0
202609120048577,1,0,1,0
202609120049077,1,0,1,0
202609120022891,1,0,1,0
202609120028131,1,0,1,0
202609120021879,1,0,1,0
202609120022254,1,0,1,0
202609120011236,1,0,1,0
202609120008448,1,0,1,0
202609120048634,1,0,1,0
202609120036468,1,0,1,0
202609120005959,1,0,1,0
202609120020499,1,0,1,0
202609120011881,1,0,1,0
202609120047472,1,0,1,0
202609120048248,1,0,1,0
202609120025829,1,0,1,0
202609120042833,1,0,1,0
202609120005830,1,0,1,0
202609120004507,1,0,1,0
202609120033999,1,0,1,0
202609120036175,1,0,1,0
202609120046202,1,0,1,0
202609120041611,1,0,1,0
202609120026532,1,0,1,0
202609120046858,1,0,1,0
202609120011348,1,0,1,0
202609120037210,1,0,1,0
202609120049778,1,0,1,0
202609120003975,1,0,1,0
202609120028927,1,0,1,0
202609120015440,1,0,1,0
202609120024274,1,0,1,0
202609120049417,1,0,1,0
202609120044926,1,0,1,0
202609120021079,1,0,1,0
202609120023797,1,0,1,0
202609120005049,1,0,1,0
202609120030980,1,0,1,0
202609120001015,1,0,1,0
202609120014145,1,0,1,0
202609120023910,1,0,1,0
202609120009299,1,0,1,0
202609120026291,1,0,1,0
202609120010169,1,0,1,0
202609120022420,1,0,1,0
202609120029122,1,0,1,0
202609120033922,1,0,1,0
202609120014021,1,0,1,0
202609120032221,1,0,1,0
202609120011405,1,0,1,0
202609120008906,1,0,1,0
202609120000028,1,0,1,0
202609120032118,1,0,1,0
202609120004938,1,0,1,0
202609120038933,1,0,1,0
202609120012732,1,0,1,0
202609120042687,1,0,1,0
202609120022692,1,0,1,0
202609120028524,1,0,1,0
202609120019779,1,0,1,0
202609120015213,1,0,1,0
202609120032317,1,0,1,0
202609120026821,1,0,1,0
202609120036512,1,0,1,0
202609120018329,1,0,1,0
202609120040993,1,0,1,0
202609120000935,1,0,1,0
202609120033552,1,0,1,0
202609120018400,1,0,1,0
202609120013482,1,0,1,0
202609120006038,1,0,1,0
202609120032773,1,0,1,0
202609120032310,1,0,1,0
202609120039268,1,0,1,0
202609120033676,1,0,1,0
202609120000537,1,0,1,0
202609120045784,1,0,1,0
202609120006260,1,0,1,0
202609120031069,1,0,1,0
202609120007264,1,0,1,0
202609120007806,1,0,1,0
202609120015365,1,0,1,0
202609120002548,1,0,1,0
202609120041006,1,0,1,0
202609120014189,1,0,1,0
202609120023832,1,0,1,0
202609120000034,1,0,1,0
202609120023149,1,0,1,0
202609120031759,1,0,1,0
202609120030288,1,0,1,0
202609120009061,1,0,1,0
202609120042327,1,0,1,0
202609120000118,1,0,1,0
202609120015483,1,0,1,0
202609120038332,1,0,1,0
202609120016271,1,0,1,0
202609120035885,1,0,1,0
202609120029726,1,0,1,0
202609120010834,1,0,1,0
202609120043799,1,0,1,0
202609120011106,1,0,1,0
202609120031104,1,0,1,0
202609120007236,1,0,1,0
202609120005751,1,0,1,0
202609120033128,1,0,1,0
202609120000070,1,0,1,0
202609120044096,1,0,1,0
202609120002677,1,0,1,0
202609120048837,1,0,1,0
202609120043530,1,0,1,0
202609120000901,1,0,1,0
202609120026300,1,0,1,0
202609120007837,1,0,1,0
202609120035170,1,0,1,0
202609120041819,1,0,1,0
202609120014309,1,0,1,0
202609120047690,1,0,1,0
202609120029511,1,0,1,0
202609120038336,1,0,1,0
202609120027527,1,0,1,0
202609120025168,1,0,1,0
202609120034760,1,0,1,0
202609120030723,1,0,1,0
202609120019632,1,0,1,0
202609120023247,1,0,1,0
202609120029259,1,0,1,0
202609120015707,1,0,1,0
202609120031184,1,0,1,0
202609120010549,1,0,1,0
202609120020912,1,0,1,0
202609120027179,1,0,1,0
202609120044530,1,0,1,0
202609120021874,1,0,1,0
202609120036396,1,0,1,0
202609120005036,1,0,1,0
202609120040211,1,0,1,0
202609120036115,1,0,1,0
202609120003327,1,0,1,0
202609120037359,1,0,1,0
202609120020454,1,0,1,0
202609120025306,1,0,1,0
202609120002307,1,0,1,0
202609120037161,1,0,1,0
202609120045694,1,0,1,0
202609120011015,1,0,1,0
202609120042789,1,0,1,0
202609120030266,1,0,1,0
202609120003881,1,0,1,0
202609120037705,1,0,1,0
202609120011185,1,0,1,0
202609120004927,1,0,1,0
202609120024117,1,0,1,0
202609120027492,1,0,1,0
202609120036544,1,0,1,0
202609120015578,1,0,1,0
202609120001950,1,0,1,0
202609120015442,1,0,1,0
202609120017861,1,0,1,0
202609120013718,1,0,1,0
202609120033811,1,0,1,0
202609120041872,1,0,1,0
202609120011914,1,0,1,0
202609120038927,1,0,1,0
202609120004708,1,0,1,0
202609120030609,1,0,1,0
202609120049651,1,0,1,0
202609120020964,1,0,1,0
202609120038058,1,0,1,0
202609120031809,1,0,1,0
202609120033164,1,0,1,0
202609120026449,1,0,1,0
202609120028155,1,0,1,0
202609120038464,1,0,1,0
202609120044880,1,0,1,0
202609120006776,1,0,1,0
202609120033498,1,0,1,0
202609120008362,1,0,1,0
202609120046530,1,0,1,0
202609120004038,1,0,1,0
202609120049544,1,0,1,0
202609120040438,1,0,1,0
202609120024512,1,0,1,0
202609120029432,1,0,1,0
202609120023589,1,0,1,0
202609120027962,1,0,1,0
202609120033940,1,0,1,0
202609120011400,1,0,1,0
202609120034601,1,0,1,0
202609120025416,1,0,1,0
202609120007351,1,0,1,0
202609120022993,1,0,1,0
202609120008365,1,0,1,0
202609120005814,1,0,1,0
202609120019997,1,0,1,0
202609120022437,1,0,1,0
202609120005618,1,0,1,0
202609120005231,1,0,1,0
202609120021209,1,0,1,0
202609120035714,1,0,1,0
202609120011578,1,0,1,0
202609120020034,1,0,1,0
202609120015090,1,0,1,0
202609120040619,1,0,1,0
202609120010258,1,0,1,0
202609120025206,1,0,1,0
202609120033463,1,0,1,0
202609120034999,1,0,1,0
202609120046656,1,0,1,0
202609120020001,1,0,1,0
202609120037847,1,0,1,0
202609120031698,1,0,1,0
202609120016705,1,0,1,0
202609120001801,1,0,1,0
202609120010843,1,0,1,0
202609120031588,1,0,1,0
202609120041324,1,0,1,0
202609120023881,1,0,1,0
202609120000364,1,0,1,0
202609120029856,1,0,1,0
202609120006664,1,0,1,0
202609120011408,1,0,1,0
202609120008266,1,0,1,0
202609120018749,1,0,1,0
202609120030728,1,0,1,0
202609120035637,1,0,1,0
202609120034449,1,0,1,0
202609120037244,1,0,1,0
202609120003944,1,0,1,0
202609120003448,1,0,1,0
202609120026267,1,0,1,0
202609120029029,1,0,1,0
202609120017988,1,0,1,0
202609120035205,1,0,1,0
202609120044257,1,0,1,0
202609120049347,1,0,1,0
202609120029578,1,0,1,0
202609120003543,1,0,1,0
202609120026336,1,0,1,0
202609120011011,1,0,1,0
202609120021776,1,0,1,0
202609120044341,1,0,1,0
202609120021891,1,0,1,0
202609120002150,1,0,1,0
202609120007251,1,0,1,0
202609120044487,1,0,1,0
202609120025315,1,0,1,0
202609120030311,1,0,1,0
202609120022721,1,0,1,0
202609120024861,1,0,1,0
202609120007324,1,0,1,0
202609120029266,1,0,1,0
202609120027080,1,0,1,0
202609120029244,1,0,1,0
202609120016822,1,0,1,0
202609120030015,1,0,1,0
202609120028615,1,0,1,0
202609120009845,1,0,1,0
202609120016454,1,0,1,0
202609120006024,1,0,1,0
202609120015820,1,0,1,0
202609120024743,1,0,1,0
202609120009474,1,0,1,0
202609120020143,1,0,1,0
202609120034032,1,0,1,0
202609120006189,1,0,1,0
202609120048880,1,0,1,0
202609120029183,1,0,1,0
202609120006370,1,0,1,0
202609120040665,1,0,1,0
202609120032149,1,0,1,0
202609120024178,1,0,1,0
202609120041878,1,0,1,0
202609120021181,1,0,1,0
202609120043730,1,0,1,0
202609120045567,1,0,1,0
202609120021405,1,0,1,0
202609120043269,1,0,1,0
202609120037254,1,0,1,0
202609120013438,1,0,1,0
202609120031679,1,0,1,0
202609120029268,1,0,1,0
202609120029267,1,0,1,0
202609120016288,1,0,1,0
202609120047077,1,0,1,0
202609120044320,1,0,1,0
202609120041879,1,0,1,0
202609120036351,1,0,1,0
202609120041573,1,0,1,0
202609120046846,1,0,1,0
202609120041892,1,0,1,0
202609120036700,1,0,1,0
202609120039140,1,0,1,0
202609120042562,1,0,1,0
202609120004018,1,0,1,0
202609120011761,1,0,1,0
202609120003084,1,0,1,0
202609120042622,1,0,1,0
202609120020679,1,0,1,0
202609120000254,1,0,1,0
202609120002792,1,0,1,0
202609120035600,1,0,1,0
202609120032380,1,0,1,0
202609120006343,1,0,1,0
202609120042280,1,0,1,0
202609120041740,1,0,1,0
202609120022330,1,0,1,0
202609120018014,1,0,1,0
202609120006363,1,0,1,0
202609120027883,1,0,1,0
202609120037420,1,0,1,0
202609120024156,1,0,1,0
202609120014689,1,0,1,0
202609120016811,1,0,1,0
202609120025475,1,0,1,0
202609120008695,1,0,1,0
202609120038338,1,0,1,0
202609120036590,1,0,1,0
202609120030874,1,0,1,0
202609120041233,1,0,1,0
202609120015881,1,0,1,0
202609120042015,1,0,1,0
202609120008540,1,0,1,0
202609120041204,1,0,1,0
202609120022962,1,0,1,0
202609120033990,1,0,1,0
202609120010366,1,0,1,0
202609120027688,1,0,1,0
202609120031985,1,0,1,0
202609120000988,1,0,1,0
202609120019185,1,0,1,0
202609120028798,1,0,1,0
202609120041243,1,0,1,0
202609120007424,1,0,1,0
202609120006757,1,0,1,0
202609120008299,1,0,1,0
202609120010436,1,0,1,0
202609120029719,1,0,1,0
202609120027208,1,0,1,0
202609120048382,1,0,1,0
202609120030947,1,0,1,0
202609120022024,1,0,1,0
202609120023760,1,0,1,0
202609120012506,1,0,1,0
202609120003421,1,0,1,0
202609120047324,1,0,1,0
202609120012312,1,0,1,0
202609120045371,1,0,1,0
202609120021095,1,0,1,0
202609120040590,1,0,1,0
202609120039802,1,0,1,0
202609120048159,1,0,1,0
202609120009728,1,0,1,0
202609120011820,1,0,1,0
202609120024549,1,0,1,0
202609120005294,1,0,1,0
202609120039590,1,0,1,0
202609120039273,1,0,1,0
202609120004021,1,0,1,0
202609120043078,1,0,1,0
202609120044816,1,0,1,0
202609120035548,1,0,1,0
202609120049235,1,0,1,0
202609120007725,1,0,1,0
202609120012698,1,0,1,0
202609120000614,1,0,1,0
202609120015596,1,0,1,0
202609120040675,1,0,1,0
202609120033871,1,0,1,0
202609120027047,1,0,1,0
202609120038032,1,0,1,0
202609120006000,1,0,1,0
202609120035569,1,0,1,0
202609120028883,1,0,1,0
202609120002754,1,0,1,0
202609120023326,1,0,1,0
202609120018269,1,0,1,0
202609120000013,1,0,1,0
202609120029136,1,0,1,0
202609120008022,1,0,1,0
202609120005585,1,0,1,0
202609120006144,1,0,1,0
202609120001698,1,0,1,0
202609120000098,1,0,1,0
202609120028584,1,0,1,0
202609120041536,1,0,1,0
202609120007784,1,0,1,0
202609120048179,1,0,1,0
202609120020653,1,0,1,0
202609120017082,1,0,1,0
202609120033422,1,0,1,0
202609120024431,1,0,1,0
202609120049298,1,0,1,0
202609120007355,1,0,1,0
202609120035471,1,0,1,0
202609120031373,1,0,1,0
202609120005277,1,0,1,0
202609120026240,1,0,1,0
202609120027292,1,0,1,0
202609120006348,1,0,1,0
202609120009761,1,0,1,0
202609120027592,1,0,1,0
202609120034267,1,0,1,0
202609120002495,1,0,1,0
202609120019490,1,0,1,0
202609120026794,1,0,1,0
202609120012275,1,0,1,0
202609120043774,1,0,1,0
202609120045608,1,0,1,0
202609120011110,1,0,1,0
202609120036659,1,0,1,0
202609120015569,1,0,1,0
202609120043060,1,0,1,0
202609120040967,1,0,1,0
202609120003357,1,0,1,0
202609120031894,1,0,1,0
202609120047975,1,0,1,0
202609120026260,1,0,1,0
202609120001432,1,0,1,0
202609120037807,1,0,1,0
202609120040459,1,0,1,0
202609120037519,1,0,1,0
202609120013860,1,0,1,0
202609120008505,1,0,1,0
202609120001490,1,0,1,0
202609120034107,1,0,1,0
202609120027671,1,0,1,0
202609120029803,1,0,1,0
202609120032694,1,0,1,0
202609120019825,1,0,1,0
202609120032262,1,0,1,0
202609120025753,1,0,1,0
202609120011715,1,0,1,0
202609120020880,1,0,1,0
202609120049453,1,0,1,0
202609120021525,1,0,1,0
202609120049001,1,0,1,0
202609120044183,1,0,1,0
202609120041718,1,0,1,0
202609120002798,1,0,1,0
202609120026705,1,0,1,0
202609120020471,1,0,1,0
202609120012646,1,0,1,0
202609120043572,1,0,1,0
202609120040799,1,0,1,0
202609120037671,1,0,1,0
202609120004815,1,0,1,0
202609120026441,1,0,1,0
202609120028859,1,0,1,0
202609120039032,1,0,1,0
202609120027242,1,0,1,0
202609120035352,1,0,1,0
202609120026239,1,0,1,0
202609120037084,1,0,1,0
202609120022717,1,0,1,0
202609120035368,1,0,1,0
202609120003457,1,0,1,0
202609120036980,1,0,1,0
202609120031106,1,0,1,0
202609120045358,1,0,1,0
202609120012409,1,0,1,0
202609120037384,1,0,1,0
202609120013020,1,0,1,0
202609120037288,1,0,1,0
202609120041379,1,0,1,0
202609120004243,1,0,1,0
202609120014772,1,0,1,0
202609120017360,1,0,1,0
202609120024946,1,0,1,0
202609120018629,1,0,1,0
202609120043688,1,0,1,0
202609120009884,1,0,1,0
202609120009449,1,0,1,0
202609120017868,1,0,1,0
202609120048213,1,0,1,0
202609120034817,1,0,1,0
202609120012715,1,0,1,0
202609120007152,1,0,1,0
202609120030827,1,0,1,0
202609120041381,1,0,1,0
202609120044445,1,0,1,0
202609120000748,1,0,1,0
202609120008574,1,0,1,0
202609120013119,1,0,1,0
202609120035011,1,0,1,0
202609120008637,1,0,1,0
202609120003600,1,0,1,0
202609120002421,1,0,1,0
202609120019145,1,0,1,0
202609120047572,1,0,1,0
202609120022627,1,0,1,0
202609120018788,1,0,1,0
202609120041905,1,0,1,0
202609120042768,1,0,1,0
202609120039384,1,0,1,0
202609120004030,1,0,1,0
202609120030635,1,0,1,0
202609120038454,1,0,1,0
202609120033554,1,0,1,0
202609120024100,1,0,1,0
202609120015746,1,0,1,0
202609120003018,1,0,1,0
202609120012814,1,0,1,0
202609120041867,1,0,1,0
202609120030019,1,0,1,0
202609120034332,1,0,1,0
202609120009321,1,0,1,0
202609120037117,1,0,1,0
202609120035331,1,0,1,0
202609120005047,1,0,1,0
202609120033769,1,0,1,0
202609120023666,1,0,1,0
202609120038962,1,0,1,0
202609120044367,1,0,1,0
202609120034444,1,0,1,0
202609120037214,1,0,1,0
202609120018492,1,0,1,0
202609120045828,1,0,1,0
202609120033460,1,0,1,0
202609120023749,1,0,1,0
202609120010420,1,0,1,0
202609120004444,1,0,1,0
202609120036381,1,0,1,0
202609120039601,1,0,1,0
202609120003241,1,0,1,0
202609120028299,1,0,1,0
202609120030047,1,0,1,0
202609120021769,1,0,1,0
202609120048737,1,0,1,0
202609120044002,1,0,1,0
202609120015030,1,0,1,0
202609120000861,1,0,1,0
202609120031846,1,0,1,0
202609120024134,1,0,1,0
202609120040224,1,0,1,0
202609120021034,1,0,1,0
202609120018357,1,0,1,0
202609120028539,1,0,1,0
202609120013184,1,0,1,0
202609120010319,1,0,1,0
202609120046401,1,0,1,0
202609120012391,1,0,1,0
202609120032421,1,0,1,0
202609120040772,1,0,1,0
202609120021915,1,0,1,0
202609120026961,1,0,1,0
202609120012334,1,0,1,0
202609120016018,1,0,1,0
202609120034729,1,0,1,0
202609120032867,1,0,1,0
202609120000782,1,0,1,0
202609120006039,1,0,1,0
202609120004247,1,0,1,0
202609120039603,1,0,1,0
202609120026932,1,0,1,0
202609120009203,1,0,1,0
202609120024805,1,0,1,0
202609120012836,1,0,1,0
202609120002735,1,0,1,0
202609120043686,1,0,1,0
202609120026521,1,0,1,0
202609120009877,1,0,1,0
202609120007186,1,0,1,0
202609120048090,1,0,1,0
202609120046790,1,0,1,0
202609120028338,1,0,1,0
202609120016305,1,0,1,0
202609120036048,1,0,1,0
202609120010742,1,0,1,0
202609120043426,1,0,1,0
202609120042639,1,0,1,0
202609120023900,1,0,1,0
202609120006897,1,0,1,0
202609120005461,1,0,1,0
202609120023904,1,0,1,0
202609120006526,1,0,1,0
202609120004405,1,0,1,0
202609120022759,1,0,1,0
202609120010653,1,0,1,0
202609120000980,1,0,1,0
202609120045403,1,0,1,0
202609120034763,1,0,1,0
202609120025013,1,0,1,0
202609120009907,1,0,1,0
202609120004002,1,0,1,0
202609120022701,1,0,1,0
202609120041211,1,0,1,0
202609120011394,1,0,1,0
202609120036759,1,0,1,0
202609120009698,1,0,1,0
202609120048508,1,0,1,0
202609120037291,1,0,1,0
202609120004996,1,0,1,0
202609120043174,1,0,1,0
202609120007399,1,0,1,0
202609120046072,1,0,1,0
202609120004346,1,0,1,0
202609120042848,1,0,1,0
202609120037621,1,0,1,0
202609120019288,1,0,1,0
202609120040056,1,0,1,0
202609120014267,1,0,1,0
202609120034837,1,0,1,0
202609120027769,1,0,1,0
202609120020257,1,0,1,0
202609120023252,1,0,1,0
202609120034239,1,0,1,0
202609120036909,1,0,1,0
202609120029931,1,0,1,0
202609120011424,1,0,1,0
202609120025986,1,0,1,0
202609120012076,1,0,1,0
202609120043438,1,0,1,0
202609120032300,1,0,1,0
202609120023932,1,0,1,0
202609120016764,1,0,1,0
202609120042326,1,0,1,0
202609120041185,1,0,1,0
202609120028793,1,0,1,0
202609120014136,1,0,1,0
202609120024190,1,0,1,0
202609120004600,1,0,1,0
202609120018322,1,0,1,0
202609120037191,1,0,1,0
202609120020437,1,0,1,0
202609120021995,1,0,1,0
202609120005323,1,0,1,0
202609120025571,1,0,1,0
202609120046036,1,0,1,0
202609120041980,1,0,1,0
202609120026827,1,0,1,0
202609120029579,1,0,1,0
202609120031402,1,0,1,0
202609120009807,1,0,1,0
202609120035068,1,0,1,0
202609120005495,1,0,1,0
202609120046683,1,0,1,0
202609120046266,1,0,1,0
202609120031500,1,0,1,0
202609120024638,1,0,1,0
202609120008939,1,0,1,0
202609120042307,1,0,1,0
202609120017784,1,0,1,0
202609120003793,1,0,1,0
202609120038025,1,0,1,0
202609120042285,1,0,1,0
202609120030981,1,0,1,0
202609120018081,1,0,1,0
202609120031675,1,0,1,0
202609120049059,1,0,1,0
202609120016127,1,0,1,0
202609120048478,1,0,1,0
202609120033830,1,0,1,0
202609120047043,1,0,1,0
202609120027490,1,0,1,0
202609120028972,1,0,1,0
202609120006705,1,0,1,0
202609120033904,1,0,1,0
202609120000821,1,0,1,0
202609120020585,1,0,1,0
202609120002048,1,0,1,0
202609120019004,1,0,1,0
202609120003271,1,0,1,0
202609120035966,1,0,1,0
202609120013698,1,0,1,0
202609120009000,1,0,1,0
202609120041154,1,0,1,0
202609120040521,1,0,1,0
202609120016662,1,0,1,0
202609120018370,1,0,1,0
202609120044358,1,0,1,0
202609120005054,1,0,1,0
202609120028824,1,0,1,0
202609120025833,1,0,1,0
202609120003984,1,0,1,0
202609120040118,1,0,1,0
202609120046031,1,0,1,0
202609120016865,1,0,1,0
202609120026589,1,0,1,0
202609120017293,1,0,1,0
202609120028120,1,0,1,0
202609120004084,1,0,1,0
202609120029462,1,0,1,0
202609120033579,1,0,1,0
202609120001676,1,0,1,0
202609120020706,1,0,1,0
202609120043635,1,0,1,0
202609120020016,1,0,1,0
202609120038042,1,0,1,0
202609120025132,1,0,1,0
202609120043632,1,0,1,0
202609120001976,1,0,1,0
202609120031931,1,0,1,0
202609120016773,1,0,1,0
202609120019520,1,0,1,0
202609120027255,1,0,1,0
202609120043236,1,0,1,0
202609120033987,1,0,1,0
202609120031735,1,0,1,0
202609120026172,1,0,1,0
202609120009732,1,0,1,0
202609120043970,1,0,1,0
202609120018552,1,0,1,0
202609120021219,1,0,1,0
202609120040078,1,0,1,0
202609120048913,1,0,1,0
202609120019759,1,0,1,0
202609120001373,1,0,1,0
202609120035508,1,0,1,0
202609120033522,1,0,1,0
202609120011595,1,0,1,0
202609120027188,1,0,1,0
202609120040161,1,0,1,0
202609120021410,1,0,1,0
202609120015046,1,0,1,0
202609120003114,1,0,1,0
202609120049080,1,0,1,0
202609120047403,1,0,1,0
202609120003741,1,0,1,0
202609120021494,1,0,1,0
202609120004466,1,0,1,0
202609120040667,1,0,1,0
202609120007943,1,0,1,0
202609120021943,1,0,1,0
202609120003246,1,0,1,0
202609120012167,1,0,1,0
202609120031354,1,0,1,0
202609120038251,1,0,1,0
202609120038052,1,0,1,0
202609120031018,1,0,1,0
202609120003537,1,0,1,0
202609120048704,1,0,1,0
202609120031265,1,0,1,0
202609120004208,1,0,1,0
202609120012202,1,0,1,0
202609120047864,1,0,1,0
202609120040215,1,0,1,0
202609120019423,1,0,1,0
202609120034673,1,0,1,0
202609120016149,1,0,1,0
202609120044970,1,0,1,0
202609120023482,1,0,1,0
202609120024071,1,0,1,0
202609120018396,1,0,1,0
202609120040254,1,0,1,0
202609120018818,1,0,1,0
202609120041897,1,0,1,0
202609120033440,1,0,1,0
202609120008386,1,0,1,0
202609120014683,1,0,1,0
202609120032123,1,0,1,0
202609120036848,1,0,1,0
202609120011508,1,0,1,0
202609120045528,1,0,1,0
202609120014369,1,0,1,0
202609120008960,1,0,1,0
202609120012559,1,0,1,0
202609120041203,1,0,1,0
202609120035375,1,0,1,0
202609120016707,1,0,1,0
202609120016522,1,0,1,0
202609120023313,1,0,1,0
202609120041400,1,0,1,0
202609120034580,1,0,1,0
202609120016062,1,0,1,0
202609120023256,1,0,1,0
202609120021452,1,0,1,0
202609120027620,1,0,1,0
202609120031211,1,0,1,0
202609120045741,1,0,1,0
202609120031357,1,0,1,0
202609120044348,1,0,1,0
202609120035039,1,0,1,0
202609120043300,1,0,1,0
202609120043673,1,0,1,0
202609120003467,1,0,1,0
202609120044453,1,0,1,0
202609120005147,1,0,1,0
202609120005998,1,0,1,0
202609120032700,1,0,1,0
202609120042100,1,0,1,0
202609120027113,1,0,1,0
202609120011815,1,0,1,0
202609120004011,1,0,1,0
202609120030559,1,0,1,0
202609120021345,1,0,1,0
202609120033531,1,0,1,0
202609120042346,1,0,1,0
202609120035025,1,0,1,0
202609120020101,1,0,1,0
202609120004232,1,0,1,0
202609120036429,1,0,1,0
202609120013213,1,0,1,0
202609120005390,1,0,1,0
202609120021360,1,0,1,0
202609120047379,1,0,1,0
202609120013915,1,0,1,0
202609120024603,1,0,1,0
202609120004540,1,0,1,0
202609120013149,1,0,1,0
202609120002905,1,0,1,0
202609120001833,1,0,1,0
202609120007368,1,0,1,0
202609120017125,1,0,1,0
202609120009674,1,0,1,0
202609120016762,1,0,1,0
202609120016211,1,0,1,0
202609120047571,1,0,1,0
202609120022396,1,0,1,0
202609120025234,1,0,1,0
202609120041735,1,0,1,0
202609120014886,1,0,1,0
202609120032209,1,0,1,0
202609120018363,1,0,1,0
202609120036011,1,0,1,0
202609120042609,1,0,1,0
202609120002359,1,0,1,0
202609120049209,1,0,1,0
202609120010774,1,0,1,0
202609120004627,1,0,1,0
202609120031408,1,0,1,0
202609120032938,1,0,1,0
202609120044959,1,0,1,0
202609120009293,1,0,1,0
202609120036950,1,0,1,0
202609120022959,1,0,1,0
202609120035052,1,0,1,0
202609120011090,1,0,1,0
202609120039250,1,0,1,0
202609120034489,1,0,1,0
202609120015449,1,0,1,0
202609120046525,1,0,1,0
202609120034169,1,0,1,0
202609120023767,1,0,1,0
202609120041973,1,0,1,0
202609120038352,1,0,1,0
202609120019754,1,0,1,0
202609120004452,1,0,1,0
202609120039078,1,0,1,0
202609120020826,1,0,1,0
202609120028484,1,0,1,0
202609120047988,1,0,1,0
202609120010842,1,0,1,0
202609120020495,1,0,1,0
202609120028703,1,0,1,0
202609120023428,1,0,1,0
202609120037311,1,0,1,0
202609120006446,1,0,1,0
202609120006679,1,0,1,0
202609120048371,1,0,1,0
202609120031213,1,0,1,0
202609120017711,1,0,1,0
202609120040828,1,0,1,0
202609120001414,1,0,1,0
202609120009602,1,0,1,0
202609120015734,1,0,1,0
202609120044384,1,0,1,0
202609120021241,1,0,1,0
202609120045900,1,0,1,0
202609120011642,1,0,1,0
202609120041479,1,0,1,0
202609120029159,1,0,1,0
202609120019849,1,0,1,0
202609120025312,1,0,1,0
202609120006861,1,0,1,0
202609120001062,1,0,1,0
202609120017347,1,0,1,0
202609120009840,1,0,1,0
202609120039758,1,0,1,0
202609120001980,1,0,1,0
202609120044589,1,0,1,0
202609120040733,1,0,1,0
202609120034663,1,0,1,0
202609120039687,1,0,1,0
202609120037918,1,0,1,0
202609120041428,1,0,1,0
202609120005415,1,0,1,0
202609120029013,1,0,1,0
202609120000153,1,0,1,0
202609120020373,1,0,1,0
202609120007390,1,0,1,0
202609120039946,1,0,1,0
202609120000463,1,0,1,0
202609120025173,1,0,1,0
202609120009208,1,0,1,0
202609120015411,1,0,1,0
202609120010526,1,0,1,0
202609120038833,1,0,1,0
202609120007280,1,0,1,0
202609120005520,1,0,1,0
202609120033724,1,0,1,0
202609120022736,1,0,1,0
202609120023498,1,0,1,0
202609120024478,1,0,1,0
202609120006819,1,0,1,0
202609120038331,1,0,1,0
202609120018509,1,0,1,0
202609120041850,1,0,1,0
202609120002580,1,0,1,0
202609120001658,1,0,1,0
202609120031168,1,0,1,0
202609120042838,1,0,1,0
202609120043827,1,0,1,0
202609120045621,1,0,1,0
202609120045320,1,0,1,0
202609120017383,1,0,1,0
202609120045616,1,0,1,0
202609120046982,1,0,1,0
202609120024175,1,0,1,0
202609120010718,1,0,1,0
202609120018745,1,0,1,0
202609120011202,1,0,1,0
202609120002452,1,0,1,0
202609120002921,1,0,1,0
202609120021968,1,0,1,0
202609120026511,1,0,1,0
202609120009972,1,0,1,0
202609120038340,1,0,1,0
202609120046463,1,0,1,0
202609120016500,1,0,1,0
202609120030637,1,0,1,0
202609120038446,1,0,1,0
202609120030347,1,0,1,0
202609120024957,1,0,1,0
202609120008086,1,0,1,0
202609120043584,1,0,1,0
202609120036515,1,0,1,0
202609120024953,1,0,1,0
202609120035715,1,0,1,0
202609120009876,1,0,1,0
202609120023316,1,0,1,0
202609120015054,1,0,1,0
202609120017152,1,0,1,0
202609120012844,1,0,1,0
202609120028896,1,0,1,0
202609120025354,1,0,1,0
202609120000077,1,0,1,0
202609120042099,1,0,1,0
202609120042540,1,0,1,0
202609120036532,1,0,1,0
202609120009626,1,0,1,0
202609120030216,1,0,1,0
202609120010066,1,0,1,0
202609120038605,1,0,1,0
202609120037895,1,0,1,0
202609120026132,1,0,1,0
202609120015889,1,0,1,0
202609120022581,1,0,1,0
202609120026883,1,0,1,0
202609120049575,1,0,1,0
202609120048995,1,0,1,0
202609120016425,1,0,1,0
202609120048592,1,0,1,0
202609120014019,1,0,1,0
202609120043313,1,0,1,0
202609120012917,1,0,1,0
202609120014378,1,0,1,0
202609120018838,1,0,1,0
202609120000530,1,0,1,0
202609120033462,1,0,1,0
202609120007833,1,0,1,0
202609120039740,1,0,1,0
202609120008543,1,0,1,0
202609120002943,1,0,1,0
202609120009601,1,0,1,0
202609120019119,1,0,1,0
202609120014976,1,0,1,0
202609120000504,1,0,1,0
202609120004703,1,0,1,0
202609120039101,1,0,1,0
202609120023143,1,0,1,0
202609120035787,1,0,1,0
202609120037823,1,0,1,0
202609120023342,1,0,1,0
202609120003994,1,0,1,0
202609120018565,1,0,1,0
202609120000998,1,0,1,0
202609120003463,1,0,1,0
202609120043776,1,0,1,0
202609120009864,1,0,1,0
202609120022157,1,0,1,0
202609120048712,1,0,1,0
202609120027265,1,0,1,0
202609120015686,1,0,1,0
202609120049399,1,0,1,0
202609120002953,1,0,1,0
202609120028337,1,0,1,0
202609120018808,1,0,1,0
202609120016761,1,0,1,0
202609120023592,1,0,1,0
202609120019081,1,0,1,0
202609120004371,1,0,1,0
202609120013980,1,0,1,0
202609120018432,1,0,1,0
202609120043527,1,0,1,0
202609120017874,1,0,1,0
202609120037188,1,0,1,0
202609120030241,1,0,1,0
202609120037942,1,0,1,0
202609120010425,1,0,1,0
202609120009615,1,0,1,0
202609120024750,1,0,1,0
202609120016723,1,0,1,0
202609120040180,1,0,1,0
202609120033006,1,0,1,0
202609120034557,1,0,1,0
202609120016229,1,0,1,0
202609120011712,1,0,1,0
202609120003315,1,0,1,0
202609120008766,1,0,1,0
202609120006593,1,0,1,0
202609120021013,1,0,1,0
202609120026420,1,0,1,0
202609120027098,1,0,1,0
202609120001828,1,0,1,0
202609120003762,1,0,1,0
202609120037698,1,0,1,0
202609120020513,1,0,1,0
202609120015124,1,0,1,0
202609120006183,1,0,1,0
202609120027565,1,0,1,0
202609120007248,1,0,1,0
202609120009128,1,0,1,0
202609120048615,1,0,1,0
202609120027742,1,0,1,0
202609120041736,1,0,1,0
202609120046996,1,0,1,0
202609120043737,1,0,1,0
202609120025763,1,0,1,0
202609120013371,1,0,1,0
202609120007578,1,0,1,0
202609120021564,1,0,1,0
202609120001826,1,0,1,0
202609120045602,1,0,1,0
202609120031990,1,0,1,0
202609120045578,1,0,1,0
202609120017361,1,0,1,0
202609120033350,1,0,1,0
202609120030313,1,0,1,0
202609120004663,1,0,1,0
202609120034709,1,0,1,0
202609120048567,1,0,1,0
202609120048711,1,0,1,0
202609120008735,1,0,1,0
202609120019972,1,0,1,0
202609120045777,1,0,1,0
202609120011283,1,0,1,0
202609120039447,1,0,1,0
202609120032503,1,0,1,0
202609120006437,1,0,1,0
202609120039572,1,0,1,0
202609120037600,1,0,1,0
202609120000566,1,0,1,0
202609120008667,1,0,1,0
202609120029062,1,0,1,0
202609120046123,1,0,1,0
202609120025353,1,0,1,0
202609120029975,1,0,1,0
202609120018305,1,0,1,0
202609120048053,1,0,1,0
202609120046074,1,0,1,0
202609120039808,1,0,1,0
202609120043789,1,0,1,0
202609120024193,1,0,1,0
202609120041697,1,0,1,0
202609120018379,1,0,1,0
202609120042076,1,0,1,0
202609120025399,1,0,1,0
202609120007411,1,0,1,0
202609120044031,1,0,1,0
202609120030755,1,0,1,0
202609120032926,1,0,1,0
202609120032302,1,0,1,0
202609120021519,1,0,1,0
202609120029037,1,0,1,0
202609120039550,1,0,1,0
202609120043540,1,0,1,0
202609120043909,1,0,1,0
202609120032798,1,0,1,0
202609120007334,1,0,1,0
202609120007296,1,0,1,0
202609120024395,1,0,1,0
202609120009837,1,0,1,0
202609120006506,1,0,1,0
202609120001118,1,0,1,0
202609120039646,1,0,1,0
202609120017215,1,0,1,0
202609120001640,1,0,1,0
202609120040192,1,0,1,0
202609120048473,1,0,1,0
202609120008477,1,0,1,0
202609120018761,1,0,1,0
202609120003969,1,0,1,0
202609120005589,1,0,1,0
202609120020528,1,0,1,0
202609120012855,1,0,1,0
202609120022047,1,0,1,0
202609120017100,1,0,1,0
202609120038751,1,0,1,0
202609120039750,1,0,1,0
202609120005077,1,0,1,0
202609120047182,1,0,1,0
202609120037706,1,0,1,0
202609120032024,1,0,1,0
202609120005622,1,0,1,0
202609120012282,1,0,1,0
202609120026339,1,0,1,0
202609120006028,1,0,1,0
202609120005789,1,0,1,0
202609120010220,1,0,1,0
202609120043503,1,0,1,0
202609120045707,1,0,1,0
202609120010622,1,0,1,0
202609120010944,1,0,1,0
202609120008962,1,0,1,0
202609120025779,1,0,1,0
202609120029544,1,0,1,0
202609120009549,1,0,1,0
202609120013861,1,0,1,0
202609120046731,1,0,1,0
202609120003254,1,0,1,0
202609120013842,1,0,1,0
202609120012059,1,0,1,0
202609120001206,1,0,1,0
202609120049005,1,0,1,0
202609120012446,1,0,1,0
202609120003307,1,0,1,0
202609120008777,1,0,1,0
202609120041246,1,0,1,0
202609120004063,1,0,1,0
202609120024819,1,0,1,0
202609120020531,1,0,1,0
202609120017843,1,0,1,0
202609120010002,1,0,1,0
202609120042966,1,0,1,0
202609120010500,1,0,1,0
202609120019285,1,0,1,0
202609120008123,1,0,1,0
202609120048663,1,0,1,0
202609120040406,1,0,1,0
202609120026173,1,0,1,0
202609120004993,1,0,1,0
202609120028427,1,0,1,0
202609120011751,1,0,1,0
202609120006420,1,0,1,0
202609120048727,1,0,1,0
202609120023029,1,0,1,0
202609120031860,1,0,1,0
202609120028165,1,0,1,0
202609120014510,1,0,1,0
202609120006974,1,0,1,0
202609120047170,1,0,1,0
202609120014798,1,0,1,0
202609120018669,1,0,1,0
202609120023321,1,0,1,0
202609120009102,1,0,1,0
202609120013939,1,0,1,0
202609120003105,1,0,1,0
202609120006436,1,0,1,0
202609120025287,1,0,1,0
202609120003055,1,0,1,0
202609120000816,1,0,1,0
202609120008934,1,0,1,0
202609120020058,1,0,1,0
202609120017311,1,0,1,0
202609120007739,1,0,1,0
202609120019216,1,0,1,0
202609120046142,1,0,1,0
202609120034385,1,0,1,0
202609120001068,1,0,1,0
202609120033516,1,0,1,0
202609120019156,1,0,1,0
202609120048876,1,0,1,0
202609120048047,1,0,1,0
202609120014682,1,0,1,0
202609120025398,1,0,1,0
202609120029717,1,0,1,0
202609120029185,1,0,1,0
202609120024479,1,0,1,0
202609120017509,1,0,1,0
202609120015951,1,0,1,0
202609120020675,1,0,1,0
202609120029065,1,0,1,0
202609120043488,1,0,1,0
202609120023264,1,0,1,0
202609120008402,1,0,1,0
202609120045100,1,0,1,0
202609120032278,1,0,1,0
202609120037933,1,0,1,0
202609120048512,1,0,1,0
202609120036643,1,0,1,0
202609120043813,1,0,1,0
202609120042855,1,0,1,0
202609120009446,1,0,1,0
202609120002360,1,0,1,0
202609120049770,1,0,1,0
202609120010564,1,0,1,0
202609120025607,1,0,1,0
202609120005960,1,0,1,0
202609120012459,1,0,1,0
202609120049067,1,0,1,0
202609120006427,1,0,1,0
202609120016908,1,0,1,0
202609120037002,1,0,1,0
202609120019084,1,0,1,0
202609120046595,1,0,1,0
202609120000041,1,0,1,0
202609120035454,1,0,1,0
202609120026913,1,0,1,0
202609120024133,1,0,1,0
202609120026411,1,0,1,0
202609120041112,1,0,1,0
202609120046256,1,0,1,0
202609120045601,1,0,1,0
202609120038116,1,0,1,0
202609120009298,1,0,1,0
202609120048141,1,0,1,0
202609120005255,1,0,1,0
202609120005625,1,0,1,0
202609120006004,1,0,1,0
202609120038059,1,0,1,0
202609120006751,1,0,1,0
202609120012989,1,0,1,0
202609120020005,1,0,1,0
202609120036469,1,0,1,0
202609120005465,1,0,1,0
202609120012730,1,0,1,0
202609120042578,1,0,1,0
202609120024366,1,0,1,0
202609120022502,1,0,1,0
202609120045123,1,0,1,0
202609120013964,1,0,1,0
202609120015740,1,0,1,0
202609120022940,1,0,1,0
202609120048375,1,0,1,0
202609120013876,1,0,1,0
202609120022250,1,0,1,0
202609120045758,1,0,1,0
202609120009928,1,0,1,0
202609120002611,1,0,1,0
202609120024128,1,0,1,0
202609120041318,1,0,1,0
202609120025647,1,0,1,0
202609120037558,1,0,1,0
202609120013293,1,0,1,0
202609120030558,1,0,1,0
202609120003587,1,0,1,0
202609120021579,1,0,1,0
202609120049320,1,0,1,0
202609120022031,1,0,1,0
202609120034646,1,0,1,0
202609120022156,1,0,1,0
202609120029019,1,0,1,0
202609120005100,1,0,1,0
202609120033168,1,0,1,0
202609120033823,1,0,1,0
202609120017561,1,0,1,0
202609120034979,1,0,1,0
202609120047605,1,0,1,0
202609120033688,1,0,1,0
202609120009809,1,0,1,0
202609120016567,1,0,1,0
202609120001909,1,0,1,0
202609120016509,1,0,1,0
202609120025101,1,0,1,0
202609120017475,1,0,1,0
202609120040906,1,0,1,0
202609120040163,1,0,1,0
202609120033610,1,0,1,0
202609120033108,1,0,1,0
202609120020952,1,0,1,0
202609120043343,1,0,1,0
202609120002839,1,0,1,0
202609120046736,1,0,1,0
202609120035984,1,0,1,0
202609120049022,1,0,1,0
202609120034256,1,0,1,0
202609120047879,1,0,1,0
202609120047477,1,0,1,0
202609120038023,1,0,1,0
202609120027304,1,0,1,0
202609120049108,1,0,1,0
202609120023699,1,0,1,0
202609120029373,1,0,1,0
202609120029426,1,0,1,0
202609120024346,1,0,1,0
202609120018464,1,0,1,0
202609120045912,1,0,1,0
202609120011707,1,0,1,0
202609120045816,1,0,1,0
202609120002825,1,0,1,0
202609120042552,1,0,1,0
202609120038642,1,0,1,0
202609120043578,1,0,1,0
202609120037682,1,0,1,0
202609120043160,1,0,1,0
202609120012285,1,0,1,0
202609120022806,1,0,1,0
202609120036646,1,0,1,0
202609120012295,1,0,1,0
202609120030540,1,0,1,0
202609120011952,1,0,1,0
202609120026183,1,0,1,0
202609120015845,1,0,1,0
202609120049118,1,0,1,0
202609120017759,1,0,1,0
202609120005395,1,0,1,0
202609120027489,1,0,1,0
202609120011072,1,0,1,0
202609120023597,1,0,1,0
202609120017564,1,0,1,0
202609120014279,1,0,1,0
202609120013264,1,0,1,0
202609120002822,1,0,1,0
202609120039194,1,0,1,0
202609120012042,1,0,1,0
202609120020218,1,0,1,0
202609120048033,1,0,1,0
202609120032984,1,0,1,0
202609120047949,1,0,1,0
202609120037648,1,0,1,0
202609120045851,1,0,1,0
202609120006999,1,0,1,0
202609120001536,1,0,1,0
202609120014527,1,0,1,0
202609120049456,1,0,1,0
202609120029172,1,0,1,0
202609120004435,1,0,1,0
202609120017303,1,0,1,0
202609120038176,1,0,1,0
202609120025305,1,0,1,0
202609120037203,1,0,1,0
202609120038557,1,0,1,0
202609120047994,1,0,1,0
202609120026523,1,0,1,0
202609120011414,1,0,1,0
202609120024374,1,0,1,0
202609120043331,1,0,1,0
202609120045110,1,0,1,0
202609120049448,1,0,1,0
202609120042649,1,0,1,0
202609120042113,1,0,1,0
202609120041027,1,0,1,0
202609120018344,1,0,1,0
202609120025926,1,0,1,0
202609120017247,1,0,1,0
202609120018541,1,0,1,0
202609120002331,1,0,1,0
202609120032666,1,0,1,0
202609120036193,1,0,1,0
202609120000392,1,0,1,0
202609120020167,1,0,1,0
202609120012386,1,0,1,0
202609120015754,1,0,1,0
202609120008863,1,0,1,0
202609120040154,1,0,1,0
202609120015781,1,0,1,0
202609120022141,1,0,1,0
202609120033410,1,0,1,0
202609120000723,1,0,1,0
202609120007223,1,0,1,0
202609120013159,1,0,1,0
202609120008721,1,0,1,0
202609120016656,1,0,1,0
202609120010081,1,0,1,0
202609120022038,1,0,1,0
202609120046546,1,0,1,0
202609120011160,1,0,1,0
202609120003781,1,0,1,0
202609120024453,1,0,1,0
202609120047021,1,0,1,0
202609120005602,1,0,1,0
202609120030908,1,0,1,0
202609120037146,1,0,1,0
202609120018230,1,0,1,0
202609120001376,1,0,1,0
202609120007357,1,0,1,0
202609120040116,1,0,1,0
202609120029126,1,0,1,0
202609120010525,1,0,1,0
202609120014394,1,0,1,0
202609120024484,1,0,1,0
202609120035703,1,0,1,0
202609120043402,1,0,1,0
202609120009805,1,0,1,0
202609120007353,1,0,1,0
202609120015636,1,0,1,0
202609120016628,1,0,1,0
202609120040339,1,0,1,0
202609120001078,1,0,1,0
202609120001005,1,0,1,0
202609120019685,1,0,1,0
202609120023887,1,0,1,0
202609120029745,1,0,1,0
202609120020301,1,0,1,0
202609120000606,1,0,1,0
202609120013635,1,0,1,0
202609120019065,1,0,1,0
202609120047855,1,0,1,0
202609120028744,1,0,1,0
202609120013262,1,0,1,0
202609120013441,1,0,1,0
202609120024691,1,0,1,0
202609120036628,1,0,1,0
202609120024308,1,0,1,0
202609120020363,1,0,1,0
202609120028001,1,0,1,0
202609120007716,1,0,1,0
202609120001290,1,0,1,0
202609120045002,1,0,1,0
202609120039537,1,0,1,0
202609120024656,1,0,1,0
202609120027464,1,0,1,0
202609120042915,1,0,1,0
202609120039911,1,0,1,0
202609120008163,1,0,1,0
202609120030334,1,0,1,0
202609120031289,1,0,1,0
202609120043902,1,0,1,0
202609120036750,1,0,1,0
202609120004304,1,0,1,0
202609120043494,1,0,1,0
202609120012180,1,0,1,0
202609120005656,1,0,1,0
202609120015459,1,0,1,0
202609120034400,1,0,1,0
202609120014226,1,0,1,0
202609120037089,1,0,1,0
202609120016335,1,0,1,0
202609120025102,1,0,1,0
202609120026712,1,0,1,0
202609120019035,1,0,1,0
202609120014841,1,0,1,0
202609120029166,1,0,1,0
202609120026509,1,0,1,0
202609120037967,1,0,1,0
202609120006876,1,0,1,0
202609120010517,1,0,1,0
202609120029123,1,0,1,0
202609120043529,1,0,1,0
202609120025169,1,0,1,0
202609120037076,1,0,1,0
202609120000691,1,0,1,0
202609120014356,1,0,1,0
202609120020272,1,0,1,0
202609120035310,1,0,1,0
202609120021953,1,0,1,0
202609120041076,1,0,1,0
202609120023584,1,0,1,0
202609120036019,1,0,1,0
202609120022644,1,0,1,0
202609120013475,1,0,1,0
202609120025559,1,0,1,0
202609120032058,1,0,1,0
202609120006270,1,0,1,0
202609120021741,1,0,1,0
202609120030902,1,0,1,0
202609120024183,1,0,1,0
202609120040097,1,0,1,0
202609120030525,1,0,1,0
202609120047537,1,0,1,0
202609120000830,1,0,1,0
202609120010405,1,0,1,0
202609120017859,1,0,1,0
202609120005862,1,0,1,0
202609120028860,1,0,1,0
202609120046776,1,0,1,0
202609120023946,1,0,1,0
202609120004474,1,0,1,0
202609120028249,1,0,1,0
202609120001419,1,0,1,0
202609120015550,1,0,1,0
202609120048020,1,0,1,0
202609120043166,1,0,1,0
202609120002617,1,0,1,0
202609120018412,1,0,1,0
202609120036708,1,0,1,0
202609120019719,1,0,1,0
202609120028632,1,0,1,0
202609120004216,1,0,1,0
202609120011464,1,0,1,0
202609120008851,1,0,1,0
202609120024751,1,0,1,0
202609120000946,1,0,1,0
202609120038655,1,0,1,0
202609120015644,1,0,1,0
202609120005834,1,0,1,0
202609120014811,1,0,1,0
202609120003454,1,0,1,0
202609120031070,1,0,1,0
202609120026390,1,0,1,0
202609120048024,1,0,1,0
202609120021539,1,0,1,0
202609120021292,1,0,1,0
202609120048046,1,0,1,0
202609120033122,1,0,1,0
202609120000280,1,0,1,0
202609120031966,1,0,1,0
202609120023572,1,0,1,0
202609120028795,1,0,1,0
202609120044652,1,0,1,0
202609120016975,1,0,1,0
202609120009084,1,0,1,0
202609120029930,1,0,1,0
202609120014740,1,0,1,0
202609120016495,1,0,1,0
202609120031071,1,0,1,0
202609120015143,1,0,1,0
202609120015169,1,0,1,0
202609120007707,1,0,1,0
202609120000108,1,0,1,0
202609120028862,1,0,1,0
202609120014365,1,0,1,0
202609120015779,1,0,1,0
202609120026181,1,0,1,0
202609120005065,1,0,1,0
202609120011533,1,0,1,0
202609120006606,1,0,1,0
202609120037762,1,0,1,0
202609120041187,1,0,1,0
202609120048259,1,0,1,0
202609120039468,1,0,1,0
202609120008284,1,0,1,0
202609120032887,1,0,1,0
202609120005188,1,0,1,0
202609120044390,1,0,1,0
202609120036306,1,0,1,0
202609120007258,1,0,1,0
202609120009910,1,0,1,0
202609120007897,1,0,1,0
202609120010272,1,0,1,0
202609120037758,1,0,1,0
202609120013070,1,0,1,0
202609120023899,1,0,1,0
202609120000354,1,0,1,0
202609120020877,1,0,1,0
202609120018590,1,0,1,0
202609120007973,1,0,1,0
202609120002083,1,0,1,0
202609120033264,1,0,1,0
202609120039114,1,0,1,0
202609120006070,1,0,1,0
202609120035901,1,0,1,0
202609120010925,1,0,1,0
202609120047475,1,0,1,0
202609120044383,1,0,1,0
202609120045868,1,0,1,0
202609120049574,1,0,1,0
202609120024026,1,0,1,0
202609120041904,1,0,1,0
202609120001073,1,0,1,0
202609120005193,1,0,1,0
202609120009977,1,0,1,0
202609120016451,1,0,1,0
202609120004391,1,0,1,0
202609120017494,1,0,1,0
202609120027979,1,0,1,0
202609120043099,1,0,1,0
202609120002381,1,0,1,0
202609120043202,1,0,1,0
202609120026948,1,0,1,0
202609120001362,1,0,1,0
202609120028680,1,0,1,0
202609120014650,1,0,1,0
202609120038034,1,0,1,0
202609120019312,1,0,1,0
202609120034110,1,0,1,0
202609120034060,1,0,1,0
202609120024165,1,0,1,0
202609120040026,1,0,1,0
202609120036312,1,0,1,0
202609120047216,1,0,1,0
202609120046458,1,0,1,0
202609120022580,1,0,1,0
202609120008801,1,0,1,0
202609120008447,1,0,1,0
202609120049093,1,0,1,0
202609120033649,1,0,1,0
202609120006842,1,0,1,0
202609120022960,1,0,1,0
202609120031267,1,0,1,0
202609120030361,1,0,1,0
202609120020006,1,0,1,0
202609120028402,1,0,1,0
202609120006356,1,0,1,0
202609120025937,1,0,1,0
202609120046957,1,0,1,0
202609120011930,1,0,1,0
202609120033278,1,0,1,0
202609120004330,1,0,1,0
202609120029202,1,0,1,0
202609120012271,1,0,1,0
202609120027510,1,0,1,0
202609120013611,1,0,1,0
202609120044330,1,0,1,0
202609120048115,1,0,1,0
202609120015174,1,0,1,0
202609120044440,1,0,1,0
202609120017448,1,0,1,0
202609120030839,1,0,1,0
202609120029053,1,0,1,0
202609120005773,1,0,1,0
202609120003625,1,0,1,0
202609120044743,1,0,1,0
202609120018218,1,0,1,0
202609120011891,1,0,1,0
202609120006884,1,0,1,0
202609120001873,1,0,1,0
202609120011747,1,0,1,0
202609120015911,1,0,1,0
202609120040493,1,0,1,0
202609120041129,1,0,1,0
202609120022840,1,0,1,0
202609120042368,1,0,1,0
202609120018070,1,0,1,0
202609120045247,1,0,1,0
202609120028403,1,0,1,0
202609120033239,1,0,1,0
202609120037983,1,0,1,0
202609120030077,1,0,1,0
202609120046070,1,0,1,0
202609120019172,1,0,1,0
202609120010538,1,0,1,0
202609120046600,1,0,1,0
202609120035739,1,0,1,0
202609120016907,1,0,1,0
202609120000095,1,0,1,0
202609120022848,1,0,1,0
202609120039398,1,0,1,0
202609120008190,1,0,1,0
202609120012897,1,0,1,0
202609120034430,1,0,1,0
202609120038273,1,0,1,0
202609120018254,1,0,1,0
202609120004479,1,0,1,0
202609120037644,1,0,1,0
202609120009918,1,0,1,0
202609120026999,1,0,1,0
202609120009994,1,0,1,0
202609120001411,1,0,1,0
202609120013366,1,0,1,0
202609120015971,1,0,1,0
202609120016046,1,0,1,0
202609120024567,1,0,1,0
202609120019818,1,0,1,0
202609120001663,1,0,1,0
202609120040751,1,0,1,0
202609120033653,1,0,1,0
202609120011862,1,0,1,0
202609120023588,1,0,1,0
202609120003815,1,0,1,0
202609120002101,1,0,1,0
202609120017931,1,0,1,0
202609120025991,1,0,1,0
202609120001911,1,0,1,0
202609120015086,1,0,1,0
202609120006763,1,0,1,0
202609120032201,1,0,1,0
202609120047271,1,0,1,0
202609120033532,1,0,1,0
202609120022361,1,0,1,0
202609120031418,1,0,1,0
202609120002770,1,0,1,0
202609120044049,1,0,1,0
202609120015403,1,0,1,0
202609120000186,1,0,1,0
202609120046615,1,0,1,0
202609120004119,1,0,1,0
202609120006694,1,0,1,0
202609120018794,1,0,1,0
202609120010503,1,0,1,0
202609120006331,1,0,1,0
202609120008245,1,0,1,0
202609120009545,1,0,1,0
202609120026570,1,0,1,0
202609120017315,1,0,1,0
202609120002552,1,0,1,0
202609120005152,1,0,1,0
202609120025270,1,0,1,0
202609120010424,1,0,1,0
202609120019532,1,0,1,0
202609120031453,1,0,1,0
202609120000479,1,0,1,0
202609120013182,1,0,1,0
202609120010113,1,0,1,0
202609120041123,1,0,1,0
202609120002961,1,0,1,0
202609120044392,1,0,1,0
202609120016160,1,0,1,0
202609120020155,1,0,1,0
202609120026535,1,0,1,0
202609120004914,1,0,1,0
202609120028301,1,0,1,0
202609120047745,1,0,1,0
202609120049325,1,0,1,0
202609120006516,1,0,1,0
202609120019859,1,0,1,0
202609120043238,1,0,1,0
202609120039340,1,0,1,0
202609120046176,1,0,1,0
202609120010179,1,0,1,0
202609120015576,1,0,1,0
202609120031881,1,0,1,0
202609120047669,1,0,1,0
202609120022490,1,0,1,0
202609120045209,1,0,1,0
202609120041422,1,0,1,0
202609120023086,1,0,1,0
202609120013240,1,0,1,0
202609120023328,1,0,1,0
202609120024770,1,0,1,0
202609120010338,1,0,1,0
202609120020750,1,0,1,0
202609120026311,1,0,1,0
202609120048761,1,0,1,0
202609120030177,1,0,1,0
202609120041280,1,0,1,0
202609120037668,1,0,1,0
202609120028217,1,0,1,0
202609120007526,1,0,1,0
202609120029549,1,0,1,0
202609120017825,1,0,1,0
202609120017219,1,0,1,0
202609120017943,1,0,1,0
202609120023796,1,0,1,0
202609120046772,1,0,1,0
202609120031863,1,0,1,0
202609120006592,1,0,1,0
202609120041294,1,0,1,0
202609120040767,1,0,1,0
202609120033173,1,0,1,0
202609120006196,1,0,1,0
202609120049505,1,0,1,0
202609120008311,1,0,1,0
202609120032997,1,0,1,0
202609120044944,1,0,1,0
202609120010721,1,0,1,0
202609120022192,1,0,1,0
202609120028460,1,0,1,0
202609120041480,1,0,1,0
202609120037818,1,0,1,0
202609120011258,1,0,1,0
202609120025641,1,0,1,0
202609120033966,1,0,1,0
202609120004867,1,0,1,0
202609120013367,1,0,1,0
202609120037307,1,0,1,0
202609120048422,1,0,1,0
202609120020128,1,0,1,0
202609120001354,1,0,1,0
202609120006412,1,0,1,0
202609120044656,1,0,1,0
202609120004049,1,0,1,0
202609120038634,1,0,1,0
202609120003365,1,0,1,0
202609120012033,1,0,1,0
202609120047098,1,0,1,0
202609120045491,1,0,1,0
202609120038129,1,0,1,0
202609120023536,1,0,1,0
202609120010384,1,0,1,0
202609120001709,1,0,1,0
202609120001310,1,0,1,0
202609120016812,1,0,1,0
202609120030053,1,0,1,0
202609120012349,1,0,1,0
202609120035087,1,0,1,0
202609120021889,1,0,1,0
202609120026157,1,0,1,0
202609120022423,1,0,1,0
202609120026864,1,0,1,0
202609120030056,1,0,1,0
202609120026401,1,0,1,0
202609120010245,1,0,1,0
202609120045059,1,0,1,0
202609120031897,1,0,1,0
202609120042389,1,0,1,0
202609120038518,1,0,1,0
202609120028992,1,0,1,0
202609120002741,1,0,1,0
202609120044473,1,0,1,0
202609120028726,1,0,1,0
202609120039785,1,0,1,0
202609120026143,1,0,1,0
202609120006062,1,0,1,0
202609120031035,1,0,1,0
202609120023528,1,0,1,0
202609120029518,1,0,1,0
202609120002378,1,0,1,0
202609120012160,1,0,1,0
202609120048456,1,0,1,0
202609120010098,1,0,1,0
202609120009337,1,0,1,0
202609120003109,1,0,1,0
202609120005774,1,0,1,0
202609120021940,1,0,1,0
202609120023952,1,0,1,0
202609120030554,1,0,1,0
202609120043669,1,0,1,0
202609120013350,1,0,1,0
202609120003500,1,0,1,0
202609120028390,1,0,1,0
202609120046393,1,0,1,0
202609120037878,1,0,1,0
202609120045647,1,0,1,0
202609120041562,1,0,1,0
202609120013737,1,0,1,0
202609120023839,1,0,1,0
202609120044669,1,0,1,0
202609120037853,1,0,1,0
202609120004042,1,0,1,0
202609120023703,1,0,1,0
202609120000647,1,0,1,0
202609120011856,1,0,1,0
202609120031916,1,0,1,0
202609120031456,1,0,1,0
202609120040439,1,0,1,0
202609120004679,1,0,1,0
202609120027256,1,0,1,0
202609120029867,1,0,1,0
202609120002957,1,0,1,0
202609120018366,1,0,1,0
202609120043588,1,0,1,0
202609120016619,1,0,1,0
202609120022870,1,0,1,0
202609120014318,1,0,1,0
202609120035727,1,0,1,0
202609120001404,1,0,1,0
202609120025619,1,0,1,0
202609120008596,1,0,1,0
202609120041701,1,0,1,0
202609120025848,1,0,1,0
202609120024776,1,0,1,0
202609120027793,1,0,1,0
202609120012637,1,0,1,0
202609120011832,1,0,1,0
202609120029448,1,0,1,0
202609120009586,1,0,1,0
202609120002755,1,0,1,0
202609120008839,1,0,1,0
202609120012000,1,0,1,0
202609120002395,1,0,1,0
202609120045951,1,0,1,0
202609120002167,1,0,1,0
202609120003582,1,0,1,0
202609120005545,1,0,1,0
202609120036239,1,0,1,0
202609120033941,1,0,1,0
202609120003726,1,0,1,0
202609120025246,1,0,1,0
202609120047832,1,0,1,0
202609120023890,1,0,1,0
202609120018563,1,0,1,0
202609120033911,1,0,1,0
202609120047750,1,0,1,0
202609120010140,1,0,1,0
202609120015352,1,0,1,0
202609120005300,1,0,1,0
202609120034126,1,0,1,0
202609120023236,1,0,1,0
202609120020070,1,0,1,0
202609120018166,1,0,1,0
202609120033697,1,0,1,0
202609120014442,1,0,1,0
202609120038409,1,0,1,0
202609120011075,1,0,1,0
202609120026775,1,0,1,0
202609120042806,1,0,1,0
202609120042125,1,0,1,0
202609120018786,1,0,1,0
202609120008323,1,0,1,0
202609120021005,1,0,1,0
202609120038955,1,0,1,0
202609120029678,1,0,1,0
202609120034736,1,0,1,0
202609120030117,1,0,1,0
202609120003823,1,0,1,0
202609120028377,1,0,1,0
202609120034415,1,0,1,0
202609120002339,1,0,1,0
202609120019424,1,0,1,0
202609120003641,1,0,1,0
202609120046354,1,0,1,0
202609120001537,1,0,1,0
202609120022647,1,0,1,0
202609120018316,1,0,1,0
202609120036838,1,0,1,0
202609120042951,1,0,1,0
202609120029699,1,0,1,0
202609120046468,1,0,1,0
202609120015616,1,0,1,0
202609120024738,1,0,1,0
202609120034519,1,0,1,0
202609120027050,1,0,1,0
202609120046997,1,0,1,0
202609120045128,1,0,1,0
202609120047969,1,0,1,0
202609120047314,1,0,1,0
202609120022586,1,0,1,0
202609120032935,1,0,1,0
202609120009867,1,0,1,0
202609120004967,1,0,1,0
202609120004418,1,0,1,0
202609120003917,1,0,1,0
202609120009792,1,0,1,0
202609120047336,1,0,1,0
202609120037861,1,0,1,0
202609120028184,1,0,1,0
202609120022760,1,0,1,0
202609120037197,1,0,1,0
202609120004802,1,0,1,0
202609120047057,1,0,1,0
202609120016804,1,0,1,0
202609120042732,1,0,1,0
202609120013770,1,0,1,0
202609120005798,1,0,1,0
202609120011143,1,0,1,0
202609120041117,1,0,1,0
202609120041028,1,0,1,0
202609120022522,1,0,1,0
202609120000864,1,0,1,0
202609120048030,1,0,1,0
202609120012197,1,0,1,0
202609120048866,1,0,1,0
202609120023398,1,0,1,0
202609120015339,1,0,1,0
202609120034384,1,0,1,0
202609120036776,1,0,1,0
202609120015252,1,0,1,0
202609120044060,1,0,1,0
202609120004960,1,0,1,0
202609120002137,1,0,1,0
202609120002556,1,0,1,0
202609120046293,1,0,1,0
202609120040090,1,0,1,0
202609120046459,1,0,1,0
202609120045031,1,0,1,0
202609120048092,1,0,1,0
202609120032861,1,0,1,0
202609120010058,1,0,1,0
202609120004044,1,0,1,0
202609120010993,1,0,1,0
202609120008821,1,0,1,0
202609120026845,1,0,1,0
202609120019986,1,0,1,0
202609120013309,1,0,1,0
202609120004831,1,0,1,0
202609120016011,1,0,1,0
202609120041687,1,0,1,0
202609120033730,1,0,1,0
202609120015877,1,0,1,0
202609120041540,1,0,1,0
202609120022547,1,0,1,0
202609120007585,1,0,1,0
202609120011677,1,0,1,0
202609120016048,1,0,1,0
202609120021812,1,0,1,0
202609120014131,1,0,1,0
202609120032707,1,0,1,0
202609120007528,1,0,1,0
202609120028812,1,0,1,0
202609120033228,1,0,1,0
202609120042467,1,0,1,0
202609120044588,1,0,1,0
202609120016600,1,0,1,0
202609120037187,1,0,1,0
202609120032489,1,0,1,0
202609120030714,1,0,1,0
202609120045572,1,0,1,0
202609120029016,1,0,1,0
202609120011152,1,0,1,0
202609120025212,1,0,1,0
202609120024848,1,0,1,0
202609120034871,1,0,1,0
202609120013214,1,0,1,0
202609120045821,1,0,1,0
202609120032987,1,0,1,0
202609120039031,1,0,1,0
202609120008693,1,0,1,0
202609120029896,1,0,1,0
202609120045268,1,0,1,0
202609120018022,1,0,1,0
202609120038681,1,0,1,0
202609120000729,1,0,1,0
202609120026227,1,0,1,0
202609120003377,1,0,1,0
202609120030190,1,0,1,0
202609120033905,1,0,1,0
202609120037366,1,0,1,0
202609120016013,1,0,1,0
202609120022709,1,0,1,0
202609120023618,1,0,1,0
202609120040539,1,0,1,0
202609120015144,1,0,1,0
202609120020103,1,0,1,0
202609120044776,1,0,1,0
202609120039332,1,0,1,0
202609120038692,1,0,1,0
202609120020418,1,0,1,0
202609120029284,1,0,1,0
202609120013062,1,0,1,0
202609120002245,1,0,1,0
202609120017763,1,0,1,0
202609120001360,1,0,1,0
202609120034966,1,0,1,0
202609120046666,1,0,1,0
202609120012515,1,0,1,0
202609120019991,1,0,1,0
202609120047192,1,0,1,0
202609120032251,1,0,1,0
202609120046091,1,0,1,0
202609120033740,1,0,1,0
202609120026464,1,0,1,0
202609120014500,1,0,1,0
202609120018290,1,0,1,0
202609120039119,1,0,1,0
202609120026262,1,0,1,0
202609120034168,1,0,1,0
202609120009199,1,0,1,0
202609120011170,1,0,1,0
202609120046130,1,0,1,0
202609120003030,1,0,1,0
202609120020211,1,0,1,0
202609120018005,1,0,1,0
202609120010305,1,0,1,0
202609120017286,1,0,1,0
202609120035792,1,0,1,0
202609120040496,1,0,1,0
202609120019421,1,0,1,0
202609120027825,1,0,1,0
202609120017709,1,0,1,0
202609120038150,1,0,1,0
202609120005402,1,0,1,0
202609120039096,1,0,1,0
202609120033902,1,0,1,0
202609120019144,1,0,1,0
202609120032534,1,0,1,0
202609120016009,1,0,1,0
202609120029871,1,0,1,0
202609120035102,1,0,1,0
202609120033864,1,0,1,0
202609120026434,1,0,1,0
202609120026633,1,0,1,0
202609120048556,1,0,1,0
202609120013598,1,0,1,0
202609120041146,1,0,1,0
202609120016374,1,0,1,0
202609120045549,1,0,1,0
202609120023571,1,0,1,0
202609120008890,1,0,1,0
202609120002143,1,0,1,0
202609120011465,1,0,1,0
202609120014703,1,0,1,0
202609120007241,1,0,1,0
202609120037610,1,0,1,0
202609120048443,1,0,1,0
202609120013229,1,0,1,0
202609120037155,1,0,1,0
202609120046168,1,0,1,0
202609120025639,1,0,1,0
202609120046051,1,0,1,0
202609120044305,1,0,1,0
202609120033340,1,0,1,0
202609120034551,1,0,1,0
202609120015451,1,0,1,0
202609120032407,1,0,1,0
202609120001984,1,0,1,0
202609120039369,1,0,1,0
202609120013994,1,0,1,0
202609120045501,1,0,1,0
202609120009656,1,0,1,0
202609120032716,1,0,1,0
202609120034893,1,0,1,0
202609120040652,1,0,1,0
202609120029786,1,0,1,0
202609120007902,1,0,1,0
202609120020705,1,0,1,0
202609120049120,1,0,1,0
202609120005542,1,0,1,0
202609120036507,1,0,1,0
202609120001245,1,0,1,0
202609120048603,1,0,1,0
202609120006415,1,0,1,0
202609120033293,1,0,1,0
202609120042840,1,0,1,0
202609120014666,1,0,1,0
202609120029711,1,0,1,0
202609120013227,1,0,1,0
202609120036587,1,0,1,0
202609120025698,1,0,1,0
202609120039556,1,0,1,0
202609120024224,1,0,1,0
202609120035934,1,0,1,0
202609120011014,1,0,1,0
202609120025839,1,0,1,0
202609120004131,1,0,1,0
202609120038410,1,0,1,0
202609120029272,1,0,1,0
202609120036432,1,0,1,0
202609120041089,1,0,1,0
202609120026271,1,0,1,0
202609120048538,1,0,1,0
202609120022857,1,0,1,0
202609120031912,1,0,1,0
202609120027727,1,0,1,0
202609120045183,1,0,1,0
202609120027441,1,0,1,0
202609120040712,1,0,1,0
202609120021609,1,0,1,0
202609120041921,1,0,1,0
202609120040483,1,0,1,0
202609120015670,1,0,1,0
202609120015231,1,0,1,0
202609120046100,1,0,1,0
202609120013708,1,0,1,0
202609120046640,1,0,1,0
202609120010411,1,0,1,0
202609120000446,1,0,1,0
202609120014505,1,0,1,0
202609120045315,1,0,1,0
202609120038144,1,0,1,0
202609120040429,1,0,1,0
202609120026185,1,0,1,0
202609120017482,1,0,1,0
202609120016966,1,0,1,0
202609120033852,1,0,1,0
202609120043175,1,0,1,0
202609120030330,1,0,1,0
202609120020500,1,0,1,0
202609120015337,1,0,1,0
202609120004845,1,0,1,0
202609120001471,1,0,1,0
202609120003527,1,0,1,0
202609120016300,1,0,1,0
202609120030628,1,0,1,0
202609120018384,1,0,1,0
202609120021472,1,0,1,0
202609120026302,1,0,1,0
202609120022335,1,0,1,0
202609120039624,1,0,1,0
202609120030278,1,0,1,0
202609120015519,1,0,1,0
202609120017896,1,0,1,0
202609120024594,1,0,1,0
202609120009955,1,0,1,0
202609120042594,1,0,1,0
202609120026736,1,0,1,0
202609120018713,1,0,1,0
202609120029151,1,0,1,0
202609120001043,1,0,1,0
202609120026462,1,0,1,0
202609120022122,1,0,1,0
202609120032356,1,0,1,0
202609120036028,1,0,1,0
202609120016284,1,0,1,0
202609120025952,1,0,1,0
202609120013549,1,0,1,0
202609120048796,1,0,1,0
202609120027879,1,0,1,0
202609120004732,1,0,1,0
202609120033195,1,0,1,0
202609120020127,1,0,1,0
202609120028693,1,0,1,0
202609120002525,1,0,1,0
202609120038137,1,0,1,0
202609120004541,1,0,1,0
202609120000759,1,0,1,0
202609120023159,1,0,1,0
202609120037965,1,0,1,0
202609120026163,1,0,1,0
202609120043977,1,0,1,0
202609120008002,1,0,1,0
202609120016595,1,0,1,0
202609120032083,1,0,1,0
202609120032292,1,0,1,0
202609120025415,1,0,1,0
202609120031547,1,0,1,0
202609120032375,1,0,1,0
202609120017194,1,0,1,0
202609120048757,1,0,1,0
202609120048117,1,0,1,0
202609120046943,1,0,1,0
202609120036578,1,0,1,0
202609120018246,1,0,1,0
202609120027759,1,0,1,0
202609120040656,1,0,1,0
202609120036941,1,0,1,0
202609120047129,1,0,1,0
202609120035217,1,0,1,0
202609120014944,1,0,1,0
202609120025202,1,0,1,0
202609120002831,1,0,1,0
202609120024826,1,0,1,0
202609120026358,1,0,1,0
202609120047743,1,0,1,0
202609120044991,1,0,1,0
202609120046572,1,0,1,0
202609120028400,1,0,1,0
202609120014314,1,0,1,0
202609120021909,1,0,1,0
202609120002229,1,0,1,0
202609120014422,1,0,1,0
202609120027026,1,0,1,0
202609120031293,1,0,1,0
202609120025445,1,0,1,0
202609120019813,1,0,1,0
202609120028982,1,0,1,0
202609120026919,1,0,1,0
202609120018568,1,0,1,0
202609120047299,1,0,1,0
202609120019271,1,0,1,0
202609120001488,1,0,1,0
202609120045178,1,0,1,0
202609120005983,1,0,1,0
202609120009550,1,0,1,0
202609120037768,1,0,1,0
202609120003074,1,0,1,0
202609120046623,1,0,1,0
202609120014368,1,0,1,0
202609120049159,1,0,1,0
202609120026371,1,0,1,0
202609120033743,1,0,1,0
202609120019701,1,0,1,0
202609120027038,1,0,1,0
202609120030062,1,0,1,0
202609120029515,1,0,1,0
202609120003429,1,0,1,0
202609120003472,1,0,1,0
202609120003908,1,0,1,0
202609120030173,1,0,1,0
202609120031045,1,0,1,0
202609120018857,1,0,1,0
202609120012251,1,0,1,0
202609120030856,1,0,1,0
202609120015292,1,0,1,0
202609120004045,1,0,1,0
202609120033560,1,0,1,0
202609120036016,1,0,1,0
202609120009863,1,0,1,0
202609120032090,1,0,1,0
202609120000784,1,0,1,0
202609120031299,1,0,1,0
202609120017911,1,0,1,0
202609120048273,1,0,1,0
202609120041852,1,0,1,0
202609120008075,1,0,1,0
202609120029484,1,0,1,0
202609120047972,1,0,1,0
202609120043934,1,0,1,0
202609120011648,1,0,1,0
202609120038067,1,0,1,0
202609120031116,1,0,1,0
202609120008126,1,0,1,0
202609120006092,1,0,1,0
202609120040671,1,0,1,0
202609120044032,1,0,1,0
202609120005961,1,0,1,0
202609120028546,1,0,1,0
202609120018582,1,0,1,0
202609120008632,1,0,1,0
202609120028213,1,0,1,0
202609120036519,1,0,1,0
202609120015138,1,0,1,0
202609120016332,1,0,1,0
202609120003838,1,0,1,0
202609120030499,1,0,1,0
202609120042753,1,0,1,0
202609120000740,1,0,1,0
202609120031204,1,0,1,0
202609120044408,1,0,1,0
202609120003171,1,0,1,0
202609120036303,1,0,1,0
202609120042347,1,0,1,0
202609120024925,1,0,1,0
202609120019712,1,0,1,0
202609120015465,1,0,1,0
202609120038929,1,0,1,0
202609120034620,1,0,1,0
202609120031050,1,0,1,0
202609120017281,1,0,1,0
202609120034559,1,0,1,0
202609120028678,1,0,1,0
202609120023740,1,0,1,0
202609120029178,1,0,1,0
202609120011134,1,0,1,0
202609120011804,1,0,1,0
202609120044969,1,0,1,0
202609120041915,1,0,1,0
202609120030315,1,0,1,0
202609120031025,1,0,1,0
202609120036311,1,0,1,0
202609120010958,1,0,1,0
202609120001388,1,0,1,0
202609120019812,1,0,1,0
202609120005444,1,0,1,0
202609120023250,1,0,1,0
202609120032420,1,0,1,0
202609120041839,1,0,1,0
202609120038263,1,0,1,0
202609120032586,1,0,1,0
202609120012532,1,0,1,0
202609120032930,1,0,1,0
202609120009096,1,0,1,0
202609120026664,1,0,1,0
202609120003361,1,0,1,0
202609120003337,1,0,1,0
202609120004959,1,0,1,0
202609120039544,1,0,1,0
202609120004698,1,0,1,0
202609120003796,1,0,1,0
202609120013872,1,0,1,0
202609120001194,1,0,1,0
202609120029606,1,0,1,0
202609120038162,1,0,1,0
202609120037864,1,0,1,0
202609120032615,1,0,1,0
202609120001894,1,0,1,0
202609120028739,1,0,1,0
202609120031616,1,0,1,0
202609120020342,1,0,1,0
202609120001924,1,0,1,0
202609120032541,1,0,1,0
202609120032153,1,0,1,0
202609120001308,1,0,1,0
202609120028340,1,0,1,0
202609120038988,1,0,1,0
202609120018689,1,0,1,0
202609120012288,1,0,1,0
202609120028450,1,0,1,0
202609120044808,1,0,1,0
202609120006123,1,0,1,0
202609120045761,1,0,1,0
202609120042837,1,0,1,0
202609120006185,1,0,1,0
202609120007835,1,0,1,0
202609120043010,1,0,1,0
202609120001507,1,0,1,0
202609120028000,1,0,1,0
202609120010209,1,0,1,0
202609120018611,1,0,1,0
202609120047224,1,0,1,0
202609120016418,1,0,1,0
202609120049184,1,0,1,0
202609120015427,1,0,1,0
202609120015847,1,0,1,0
202609120034158,1,0,1,0
202609120013022,1,0,1,0
202609120010573,1,0,1,0
202609120039530,1,0,1,0
202609120031305,1,0,1,0
202609120042835,1,0,1,0
202609120023644,1,0,1,0
202609120000626,1,0,1,0
202609120030375,1,0,1,0
202609120027974,1,0,1,0
202609120000097,1,0,1,0
202609120008420,1,0,1,0
202609120044539,1,0,1,0
202609120015668,1,0,1,0
202609120038830,1,0,1,0
202609120006826,1,0,1,0
202609120023311,1,0,1,0
202609120005760,1,0,1,0
202609120043639,1,0,1,0
202609120021479,1,0,1,0
202609120008617,1,0,1,0
202609120030185,1,0,1,0
202609120005026,1,0,1,0
202609120015672,1,0,1,0
202609120022063,1,0,1,0
202609120026594,1,0,1,0
202609120020017,1,0,1,0
202609120019203,1,0,1,0
202609120000547,1,0,1,0
202609120032076,1,0,1,0
202609120024847,1,0,1,0
202609120020808,1,0,1,0
202609120016319,1,0,1,0
202609120015037,1,0,1,0
202609120019330,1,0,1,0
202609120025093,1,0,1,0
202609120009726,1,0,1,0
202609120049045,1,0,1,0
202609120011527,1,0,1,0
202609120047923,1,0,1,0
202609120020356,1,0,1,0
202609120036343,1,0,1,0
202609120023364,1,0,1,0
202609120028708,1,0,1,0
202609120045428,1,0,1,0
202609120010712,1,0,1,0
202609120019699,1,0,1,0
202609120014530,1,0,1,0
202609120003768,1,0,1,0
202609120013944,1,0,1,0
202609120022638,1,0,1,0
202609120045649,1,0,1,0
202609120020819,1,0,1,0
202609120015006,1,0,1,0
202609120001240,1,0,1,0
202609120001363,1,0,1,0
202609120010086,1,0,1,0
202609120013322,1,0,1,0
202609120004788,1,0,1,0
202609120040002,1,0,1,0
202609120014784,1,0,1,0
202609120011172,1,0,1,0
202609120046263,1,0,1,0
202609120039357,1,0,1,0
202609120031042,1,0,1,0
202609120006581,1,0,1,0
202609120033313,1,0,1,0
202609120000812,1,0,1,0
202609120001664,1,0,1,0
202609120007314,1,0,1,0
202609120007021,1,0,1,0
202609120008009,1,0,1,0
202609120031498,1,0,1,0
202609120031466,1,0,1,0
202609120032119,1,0,1,0
202609120004537,1,0,1,0
202609120012947,1,0,1,0
202609120043117,1,0,1,0
202609120042568,1,0,1,0
202609120048700,1,0,1,0
202609120047051,1,0,1,0
202609120025845,1,0,1,0
202609120038472,1,0,1,0
202609120029597,1,0,1,0
202609120031392,1,0,1,0
202609120000163,1,0,1,0
202609120049310,1,0,1,0
202609120043689,1,0,1,0
202609120019669,1,0,1,0
202609120033593,1,0,1,0
202609120004352,1,0,1,0
202609120038348,1,0,1,0
202609120042257,1,0,1,0
202609120029317,1,0,1,0
202609120015829,1,0,1,0
202609120015618,1,0,1,0
202609120022436,1,0,1,0
202609120044458,1,0,1,0
202609120028633,1,0,1,0
202609120007532,1,0,1,0
202609120029438,1,0,1,0
202609120049769,1,0,1,0
202609120027976,1,0,1,0
202609120041958,1,0,1,0
202609120008298,1,0,1,0
202609120023015,1,0,1,0
202609120011801,1,0,1,0
202609120009958,1,0,1,0
202609120035149,1,0,1,0
202609120040646,1,0,1,0
202609120017735,1,0,1,0
202609120045169,1,0,1,0
202609120005106,1,0,1,0
202609120023897,1,0,1,0
202609120044464,1,0,1,0
202609120035747,1,0,1,0
202609120029229,1,0,1,0
202609120001147,1,0,1,0
202609120007276,1,0,1,0
202609120022025,1,0,1,0
202609120047715,1,0,1,0
202609120019353,1,0,1,0
202609120028711,1,0,1,0
202609120028530,1,0,1,0
202609120021661,1,0,1,0
202609120025252,1,0,1,0
202609120000175,1,0,1,0
202609120049640,1,0,1,0
202609120006093,1,0,1,0
202609120011918,1,0,1,0
202609120029451,1,0,1,0
202609120024222,1,0,1,0
202609120011250,1,0,1,0
202609120042205,1,0,1,0
202609120028346,1,0,1,0
202609120032312,1,0,1,0
202609120024560,1,0,1,0
202609120037505,1,0,1,0
202609120016068,1,0,1,0
202609120037731,1,0,1,0
202609120004083,1,0,1,0
202609120002000,1,0,1,0
202609120006047,1,0,1,0
202609120037361,1,0,1,0
202609120021087,1,0,1,0
202609120014026,1,0,1,0
202609120026892,1,0,1,0
202609120002085,1,0,1,0
202609120013614,1,0,1,0
202609120001186,1,0,1,0
202609120001286,1,0,1,0
202609120005443,1,0,1,0
202609120036580,1,0,1,0
202609120040627,1,0,1,0
202609120036421,1,0,1,0
202609120045050,1,0,1,0
202609120045424,1,0,1,0
202609120038920,1,0,1,0
202609120045839,1,0,1,0
202609120017153,1,0,1,0
202609120013748,1,0,1,0
202609120017338,1,0,1,0
202609120024145,1,0,1,0
202609120044839,1,0,1,0
202609120011769,1,0,1,0
202609120019346,1,0,1,0
202609120039486,1,0,1,0
202609120031704,1,0,1,0
202609120038461,1,0,1,0
202609120034122,1,0,1,0
202609120042382,1,0,1,0
202609120048132,1,0,1,0
202609120031251,1,0,1,0
202609120029816,1,0,1,0
202609120044953,1,0,1,0
202609120036330,1,0,1,0
202609120022090,1,0,1,0
202609120046756,1,0,1,0
202609120028093,1,0,1,0
202609120029747,1,0,1,0
202609120025578,1,0,1,0
202609120009858,1,0,1,0
202609120047032,1,0,1,0
202609120004543,1,0,1,0
202609120045653,1,0,1,0
202609120040683,1,0,1,0
202609120046916,1,0,1,0
202609120029255,1,0,1,0
202609120020121,1,0,1,0
202609120007999,1,0,1,0
202609120023420,1,0,1,0
202609120044136,1,0,1,0
202609120020738,1,0,1,0
202609120032625,1,0,1,0
202609120014867,1,0,1,0
202609120038369,1,0,1,0
202609120005781,1,0,1,0
202609120024669,1,0,1,0
202609120040992,1,0,1,0
202609120040865,1,0,1,0
202609120019845,1,0,1,0
202609120006292,1,0,1,0
202609120041434,1,0,1,0
202609120023775,1,0,1,0
202609120031607,1,0,1,0
202609120042958,1,0,1,0
202609120026646,1,0,1,0
202609120008520,1,0,1,0
202609120040775,1,0,1,0
202609120048635,1,0,1,0
202609120019375,1,0,1,0
202609120029959,1,0,1,0
202609120013086,1,0,1,0
202609120033971,1,0,1,0
202609120004919,1,0,1,0
202609120023778,1,0,1,0
202609120014274,1,0,1,0
202609120032813,1,0,1,0
202609120029495,1,0,1,0
202609120014866,1,0,1,0
202609120039022,1,0,1,0
202609120040080,1,0,1,0
202609120033784,1,0,1,0
202609120036938,1,0,1,0
202609120009949,1,0,1,0
202609120040896,1,0,1,0
202609120030546,1,0,1,0
202609120014738,1,0,1,0
202609120000100,1,0,1,0
202609120038597,1,0,1,0
202609120042194,1,0,1,0
202609120023334,1,0,1,0
202609120010729,1,0,1,0
202609120001687,1,0,1,0
202609120041289,1,0,1,0
202609120009379,1,0,1,0
202609120034621,1,0,1,0
202609120044078,1,0,1,0
202609120008282,1,0,1,0
202609120026179,1,0,1,0
202609120006109,1,0,1,0
202609120032065,1,0,1,0
202609120036061,1,0,1,0
202609120029461,1,0,1,0
202609120032902,1,0,1,0
202609120044322,1,0,1,0
202609120013854,1,0,1,0
202609120033767,1,0,1,0
202609120043526,1,0,1,0
202609120047471,1,0,1,0
202609120031530,1,0,1,0
202609120019827,1,0,1,0
202609120019653,1,0,1,0
202609120012793,1,0,1,0
202609120019027,1,0,1,0
202609120013788,1,0,1,0
202609120031414,1,0,1,0
202609120032982,1,0,1,0
202609120040272,1,0,1,0
202609120019151,1,0,1,0
202609120013735,1,0,1,0
202609120042505,1,0,1,0
202609120005270,1,0,1,0
202609120002715,1,0,1,0
202609120020265,1,0,1,0
202609120013828,1,0,1,0
202609120031647,1,0,1,0
202609120036326,1,0,1,0
202609120029003,1,0,1,0
202609120036447,1,0,1,0
202609120022541,1,0,1,0
202609120003980,1,0,1,0
202609120043770,1,0,1,0
202609120041849,1,0,1,0
202609120047168,1,0,1,0
202609120035236,1,0,1,0
202609120024344,1,0,1,0
202609120049684,1,0,1,0
202609120030679,1,0,1,0
202609120024164,1,0,1,0
202609120002087,1,0,1,0
202609120031965,1,0,1,0
202609120035846,1,0,1,0
202609120009883,1,0,1,0
202609120001838,1,0,1,0
202609120007566,1,0,1,0
202609120001973,1,0,1,0
202609120001848,1,0,1,0
202609120033484,1,0,1,0
202609120030188,1,0,1,0
202609120026558,1,0,1,0
202609120041520,1,0,1,0
202609120023075,1,0,1,0
202609120012336,1,0,1,0
202609120010769,1,0,1,0
202609120021197,1,0,1,0
202609120046429,1,0,1,0
202609120025020,1,0,1,0
202609120043237,1,0,1,0
202609120018023,1,0,1,0
202609120037844,1,0,1,0
202609120042624,1,0,1,0
202609120045543,1,0,1,0
202609120023634,1,0,1,0
202609120008589,1,0,1,0
202609120024821,1,0,1,0
202609120000521,1,0,1,0
202609120015875,1,0,1,0
202609120031843,1,0,1,0
202609120009056,1,0,1,0
202609120007292,1,0,1,0
202609120018222,1,0,1,0
202609120040746,1,0,1,0
202609120003899,1,0,1,0
202609120042345,1,0,1,0
202609120020493,1,0,1,0
202609120047381,1,0,1,0
202609120031233,1,0,1,0
202609120017858,1,0,1,0
202609120030572,1,0,1,0
202609120031273,1,0,1,0
202609120033027,1,0,1,0
202609120026282,1,0,1,0
202609120042149,1,0,1,0
202609120009738,1,0,1,0
202609120000048,1,0,1,0
202609120036716,1,0,1,0
202609120020110,1,0,1,0
202609120000529,1,0,1,0
202609120043718,1,0,1,0
202609120008764,1,0,1,0
202609120039327,1,0,1,0
202609120010200,1,0,1,0
202609120019015,1,0,1,0
202609120037715,1,0,1,0
202609120038445,1,0,1,0
202609120048671,1,0,1,0
202609120003863,1,0,1,0
202609120036173,1,0,1,0
202609120028386,1,0,1,0
202609120032054,1,0,1,0
202609120034998,1,0,1,0
202609120015036,1,0,1,0
202609120019995,1,0,1,0
202609120033366,1,0,1,0
202609120020144,1,0,1,0
202609120030774,1,0,1,0
202609120037663,1,0,1,0
202609120003991,1,0,1,0
202609120043436,1,0,1,0
202609120043619,1,0,1,0
202609120028166,1,0,1,0
202609120027633,1,0,1,0
202609120024978,1,0,1,0
202609120018656,1,0,1,0
202609120048668,1,0,1,0
202609120005920,1,0,1,0
202609120045654,1,0,1,0
202609120013128,1,0,1,0
202609120006114,1,0,1,0
202609120048212,1,0,1,0
202609120014920,1,0,1,0
202609120048472,1,0,1,0
202609120025119,1,0,1,0
202609120009434,1,0,1,0
202609120017732,1,0,1,0
202609120004964,1,0,1,0
202609120019072,1,0,1,0
202609120029962,1,0,1,0
202609120014838,1,0,1,0
202609120013839,1,0,1,0
202609120016492,1,0,1,0
202609120040940,1,0,1,0
202609120038101,1,0,1,0
202609120026124,1,0,1,0
202609120011660,1,0,1,0
202609120046252,1,0,1,0
202609120042348,1,0,1,0
202609120000420,1,0,1,0
202609120003393,1,0,1,0
202609120007119,1,0,1,0
202609120012633,1,0,1,0
202609120002094,1,0,1,0
202609120012326,1,0,1,0
202609120047097,1,0,1,0
202609120038964,1,0,1,0
202609120015593,1,0,1,0
202609120014947,1,0,1,0
202609120002322,1,0,1,0
202609120016818,1,0,1,0
202609120016345,1,0,1,0
202609120000086,1,0,1,0
202609120035340,1,0,1,0
202609120005738,1,0,1,0
202609120041952,1,0,1,0
202609120041503,1,0,1,0
202609120038620,1,0,1,0
202609120033292,1,0,1,0
202609120019085,1,0,1,0
202609120022727,1,0,1,0
202609120042409,1,0,1,0
202609120025283,1,0,1,0
202609120048847,1,0,1,0
202609120035432,1,0,1,0
202609120026583,1,0,1,0
202609120000753,1,0,1,0
202609120003095,1,0,1,0
202609120048351,1,0,1,0
202609120011007,1,0,1,0
202609120007132,1,0,1,0
202609120029331,1,0,1,0
202609120022975,1,0,1,0
202609120040734,1,0,1,0
202609120007147,1,0,1,0
202609120006291,1,0,1,0
202609120007507,1,0,1,0
202609120005419,1,0,1,0
202609120047207,1,0,1,0
202609120034991,1,0,1,0
202609120043695,1,0,1,0
202609120015527,1,0,1,0
202609120016599,1,0,1,0
202609120021595,1,0,1,0
202609120008831,1,0,1,0
202609120014222,1,0,1,0
202609120041108,1,0,1,0
202609120048915,1,0,1,0
202609120031818,1,0,1,0
202609120027556,1,0,1,0
202609120015251,1,0,1,0
202609120004492,1,0,1,0
202609120043500,1,0,1,0
202609120047339,1,0,1,0
202609120020657,1,0,1,0
202609120012862,1,0,1,0
202609120037642,1,0,1,0
202609120039534,1,0,1,0
202609120030864,1,0,1,0
202609120014885,1,0,1,0
202609120039420,1,0,1,0
202609120011604,1,0,1,0
202609120000801,1,0,1,0
202609120046669,1,0,1,0
202609120003664,1,0,1,0
202609120005900,1,0,1,0
202609120047696,1,0,1,0
202609120026811,1,0,1,0
202609120010937,1,0,1,0
202609120035322,1,0,1,0
202609120009227,1,0,1,0
202609120020389,1,0,1,0
202609120034627,1,0,1,0
202609120042986,1,0,1,0
202609120032034,1,0,1,0
202609120001776,1,0,1,0
202609120045708,1,0,1,0
202609120006162,1,0,1,0
202609120039239,1,0,1,0
202609120035779,1,0,1,0
202609120014712,1,0,1,0
202609120017131,1,0,1,0
202609120035078,1,0,1,0
202609120008993,1,0,1,0
202609120023842,1,0,1,0
202609120021858,1,0,1,0
202609120012571,1,0,1,0
202609120041024,1,0,1,0
202609120030483,1,0,1,0
202609120048769,1,0,1,0
202609120037911,1,0,1,0
202609120008908,1,0,1,0
202609120010339,1,0,1,0
202609120025240,1,0,1,0
202609120027353,1,0,1,0
202609120047861,1,0,1,0
202609120019992,1,0,1,0
202609120031768,1,0,1,0
202609120047657,1,0,1,0
202609120017975,1,0,1,0
202609120010571,1,0,1,0
202609120018969,1,0,1,0
202609120048806,1,0,1,0
202609120035222,1,0,1,0
202609120007265,1,0,1,0
202609120011162,1,0,1,0
202609120025254,1,0,1,0
202609120037656,1,0,1,0
202609120042296,1,0,1,0
202609120016826,1,0,1,0
202609120021965,1,0,1,0
202609120026737,1,0,1,0
202609120044063,1,0,1,0
202609120042695,1,0,1,0
202609120008451,1,0,1,0
202609120019583,1,0,1,0
202609120023606,1,0,1,0
202609120013951,1,0,1,0
202609120010210,1,0,1,0
202609120040585,1,0,1,0
202609120045849,1,0,1,0
202609120045210,1,0,1,0
202609120014826,1,0,1,0
202609120038371,1,0,1,0
202609120005532,1,0,1,0
202609120031987,1,0,1,0
202609120049352,1,0,1,0
202609120033442,1,0,1,0
202609120044446,1,0,1,0
202609120034724,1,0,1,0
202609120022097,1,0,1,0
202609120027376,1,0,1,0
202609120025150,1,0,1,0
202609120010084,1,0,1,0
202609120012869,1,0,1,0
202609120009054,1,0,1,0
202609120042978,1,0,1,0
202609120028330,1,0,1,0
202609120015932,1,0,1,0
202609120047545,1,0,1,0
202609120027103,1,0,1,0
202609120016753,1,0,1,0
202609120037054,1,0,1,0
202609120048134,1,0,1,0
202609120024364,1,0,1,0
202609120037236,1,0,1,0
202609120003773,1,0,1,0
202609120013986,1,0,1,0
202609120020444,1,0,1,0
202609120002220,1,0,1,0
202609120047618,1,0,1,0
202609120017906,1,0,1,0
202609120027593,1,0,1,0
202609120012122,1,0,1,0
202609120024939,1,0,1,0
202609120044858,1,0,1,0
202609120003804,1,0,1,0
202609120010337,1,0,1,0
202609120026681,1,0,1,0
202609120046796,1,0,1,0
202609120014630,1,0,1,0
202609120011428,1,0,1,0
202609120028244,1,0,1,0
202609120038649,1,0,1,0
202609120001112,1,0,1,0
202609120018597,1,0,1,0
202609120033685,1,0,1,0
202609120003595,1,0,1,0
202609120009332,1,0,1,0
202609120030881,1,0,1,0
202609120022594,1,0,1,0
202609120048684,1,0,1,0
202609120038135,1,0,1,0
202609120021173,1,0,1,0
202609120040764,1,0,1,0
202609120010396,1,0,1,0
202609120030078,1,0,1,0
202609120032509,1,0,1,0
202609120029782,1,0,1,0
202609120005272,1,0,1,0
202609120032635,1,0,1,0
202609120027473,1,0,1,0
202609120033706,1,0,1,0
202609120017928,1,0,1,0
202609120036988,1,0,1,0
202609120006681,1,0,1,0
202609120032696,1,0,1,0
202609120041323,1,0,1,0
202609120047649,1,0,1,0
202609120015373,1,0,1,0
202609120025735,1,0,1,0
202609120007691,1,0,1,0
202609120048828,1,0,1,0
202609120034270,1,0,1,0
202609120000228,1,0,1,0
202609120023480,1,0,1,0
202609120041650,1,0,1,0
202609120036637,1,0,1,0
202609120027046,1,0,1,0
202609120007891,1,0,1,0
202609120033047,1,0,1,0
202609120024554,1,0,1,0
202609120014004,1,0,1,0
202609120038294,1,0,1,0
202609120047670,1,0,1,0
202609120046839,1,0,1,0
202609120033225,1,0,1,0
202609120020652,1,0,1,0
202609120007256,1,0,1,0
202609120008986,1,0,1,0
202609120008917,1,0,1,0
202609120045954,1,0,1,0
202609120040782,1,0,1,0
202609120026650,1,0,1,0
202609120020646,1,0,1,0
202609120018968,1,0,1,0
202609120011834,1,0,1,0
202609120042069,1,0,1,0
202609120012315,1,0,1,0
202609120017085,1,0,1,0
202609120032583,1,0,1,0
202609120044437,1,0,1,0
202609120041934,1,0,1,0
202609120048182,1,0,1,0
202609120007631,1,0,1,0
202609120045233,1,0,1,0
202609120002815,1,0,1,0
202609120008335,1,0,1,0
202609120019489,1,0,1,0
202609120029239,1,0,1,0
202609120046062,1,0,1,0
202609120017333,1,0,1,0
202609120045483,1,0,1,0
202609120048234,1,0,1,0
202609120044226,1,0,1,0
202609120026269,1,0,1,0
202609120025932,1,0,1,0
202609120011685,1,0,1,0
202609120008483,1,0,1,0
202609120017024,1,0,1,0
202609120004935,1,0,1,0
202609120010764,1,0,1,0
202609120025029,1,0,1,0
202609120012187,1,0,1,0
202609120024883,1,0,1,0
202609120042247,1,0,1,0
202609120035280,1,0,1,0
202609120022963,1,0,1,0
202609120020956,1,0,1,0
202609120033309,1,0,1,0
202609120029459,1,0,1,0
202609120024474,1,0,1,0
202609120036317,1,0,1,0
202609120018141,1,0,1,0
202609120034844,1,0,1,0
202609120013581,1,0,1,0
202609120040308,1,0,1,0
202609120017431,1,0,1,0
202609120010159,1,0,1,0
202609120033690,1,0,1,0
202609120022114,1,0,1,0
202609120014027,1,0,1,0
202609120017237,1,0,1,0
202609120048991,1,0,1,0
202609120004274,1,0,1,0
202609120012364,1,0,1,0
202609120037273,1,0,1,0
202609120031203,1,0,1,0
202609120019488,1,0,1,0
202609120002411,1,0,1,0
202609120034491,1,0,1,0
202609120024426,1,0,1,0
202609120035863,1,0,1,0
202609120046356,1,0,1,0
202609120027891,1,0,1,0
202609120021129,1,0,1,0
202609120038246,1,0,1,0
202609120038646,1,0,1,0
202609120007922,1,0,1,0
202609120013837,1,0,1,0
202609120045829,1,0,1,0
202609120043045,1,0,1,0
202609120041209,1,0,1,0
202609120020338,1,0,1,0
202609120033096,1,0,1,0
202609120007046,1,0,1,0
202609120004741,1,0,1,0
202609120046690,1,0,1,0
202609120031765,1,0,1,0
202609120010785,1,0,1,0
202609120037943,1,0,1,0
202609120034326,1,0,1,0
202609120010344,1,0,1,0
202609120019224,1,0,1,0
202609120011445,1,0,1,0
202609120048836,1,0,1,0
202609120040452,1,0,1,0
202609120005732,1,0,1,0
202609120041942,1,0,1,0
202609120018961,1,0,1,0
202609120041423,1,0,1,0
202609120004579,1,0,1,0
202609120042731,1,0,1,0
202609120006102,1,0,1,0
202609120022456,1,0,1,0
202609120032828,1,0,1,0
202609120000416,1,0,1,0
202609120040907,1,0,1,0
202609120023039,1,0,1,0
202609120022661,1,0,1,0
202609120029767,1,0,1,0
202609120018687,1,0,1,0
202609120044653,1,0,1,0
202609120029728,1,0,1,0
202609120019575,1,0,1,0
202609120018475,1,0,1,0
202609120045175,1,0,1,0
202609120039243,1,0,1,0
202609120003359,1,0,1,0
202609120016165,1,0,1,0
202609120046453,1,0,1,0
202609120039661,1,0,1,0
202609120039301,1,0,1,0
202609120044246,1,0,1,0
202609120018273,1,0,1,0
202609120007671,1,0,1,0
202609120016922,1,0,1,0
202609120019233,1,0,1,0
202609120047991,1,0,1,0
202609120011219,1,0,1,0
202609120011467,1,0,1,0
202609120035592,1,0,1,0
202609120035605,1,0,1,0
202609120030952,1,0,1,0
202609120037626,1,0,1,0
202609120039124,1,0,1,0
202609120017396,1,0,1,0
202609120000286,1,0,1,0
202609120016648,1,0,1,0
202609120048871,1,0,1,0
202609120044989,1,0,1,0
202609120041367,1,0,1,0
202609120022665,1,0,1,0
202609120023033,1,0,1,0
202609120015295,1,0,1,0
202609120035099,1,0,1,0
202609120030662,1,0,1,0
202609120003861,1,0,1,0
202609120003484,1,0,1,0
202609120044928,1,0,1,0
202609120041392,1,0,1,0
202609120032174,1,0,1,0
202609120013466,1,0,1,0
202609120001316,1,0,1,0
202609120006746,1,0,1,0
202609120030387,1,0,1,0
202609120021267,1,0,1,0
202609120013211,1,0,1,0
202609120042916,1,0,1,0
202609120009542,1,0,1,0
202609120007598,1,0,1,0
202609120011105,1,0,1,0
202609120017571,1,0,1,0
202609120041875,1,0,1,0
202609120027273,1,0,1,0
202609120027024,1,0,1,0
202609120033965,1,0,1,0
202609120024401,1,0,1,0
202609120017706,1,0,1,0
202609120040626,1,0,1,0
202609120039379,1,0,1,0
202609120001130,1,0,1,0
202609120004301,1,0,1,0
202609120014576,1,0,1,0
202609120027939,1,0,1,0
202609120020876,1,0,1,0
202609120040121,1,0,1,0
202609120000581,1,0,1,0
202609120031198,1,0,1,0
202609120016751,1,0,1,0
202609120041907,1,0,1,0
202609120009504,1,0,1,0
202609120047419,1,0,1,0
202609120024377,1,0,1,0
202609120048109,1,0,1,0
202609120036453,1,0,1,0
202609120027796,1,0,1,0
202609120042604,1,0,1,0
202609120040614,1,0,1,0
202609120032981,1,0,1,0
202609120047529,1,0,1,0
202609120039061,1,0,1,0
202609120021151,1,0,1,0
202609120036904,1,0,1,0
202609120043143,1,0,1,0
202609120031975,1,0,1,0
202609120033036,1,0,1,0
202609120037286,1,0,1,0
202609120036398,1,0,1,0
202609120008784,1,0,1,0
202609120018219,1,0,1,0
202609120006066,1,0,1,0
202609120044531,1,0,1,0
202609120044033,1,0,1,0
202609120021465,1,0,1,0
202609120014358,1,0,1,0
202609120033354,1,0,1,0
202609120026501,1,0,1,0
202609120034232,1,0,1,0
202609120004318,1,0,1,0
202609120008676,1,0,1,0
202609120000818,1,0,1,0
202609120000827,1,0,1,0
202609120044784,1,0,1,0
202609120002015,1,0,1,0
202609120031008,1,0,1,0
202609120037079,1,0,1,0
202609120039611,1,0,1,0
202609120047398,1,0,1,0
202609120003013,1,0,1,0
202609120036426,1,0,1,0
202609120032131,1,0,1,0
202609120045312,1,0,1,0
202609120043994,1,0,1,0
202609120025205,1,0,1,0
202609120046613,1,0,1,0
202609120021373,1,0,1,0
202609120002151,1,0,1,0
202609120014800,1,0,1,0
202609120016923,1,0,1,0
202609120002443,1,0,1,0
202609120021517,1,0,1,0
202609120021652,1,0,1,0
202609120044374,1,0,1,0
202609120008753,1,0,1,0
202609120006013,1,0,1,0
202609120025946,1,0,1,0
202609120002340,1,0,1,0
202609120015699,1,0,1,0
202609120018030,1,0,1,0
202609120008153,1,0,1,0
202609120005793,1,0,1,0
202609120001701,1,0,1,0
202609120047871,1,0,1,0
202609120012323,1,0,1,0
202609120005064,1,0,1,0
202609120036993,1,0,1,0
202609120010358,1,0,1,0
202609120044812,1,0,1,0
202609120026273,1,0,1,0
202609120014248,1,0,1,0
202609120029252,1,0,1,0
202609120040635,1,0,1,0
202609120036208,1,0,1,0
202609120046553,1,0,1,0
202609120045118,1,0,1,0
202609120022894,1,0,1,0
202609120038458,1,0,1,0
202609120013167,1,0,1,0
202609120017302,1,0,1,0
202609120017314,1,0,1,0
202609120025539,1,0,1,0
202609120008529,1,0,1,0
202609120005868,1,0,1,0
202609120014967,1,0,1,0
202609120008755,1,0,1,0
202609120036666,1,0,1,0
202609120016045,1,0,1,0
202609120046119,1,0,1,0
202609120019621,1,0,1,0
202609120015831,1,0,1,0
202609120044326,1,0,1,0
202609120037132,1,0,1,0
202609120001252,1,0,1,0
202609120044221,1,0,1,0
202609120015660,1,0,1,0
202609120004406,1,0,1,0
202609120013743,1,0,1,0
202609120014632,1,0,1,0
202609120019902,1,0,1,0
202609120014603,1,0,1,0
202609120049616,1,0,1,0
202609120037100,1,0,1,0
202609120031556,1,0,1,0
202609120040388,1,0,1,0
202609120032004,1,0,1,0
202609120032855,1,0,1,0
202609120026283,1,0,1,0
202609120031677,1,0,1,0
202609120041752,1,0,1,0
202609120003571,1,0,1,0
202609120017909,1,0,1,0
202609120032030,1,0,1,0
202609120025221,1,0,1,0
202609120008184,1,0,1,0
202609120005552,1,0,1,0
202609120031839,1,0,1,0
202609120039125,1,0,1,0
202609120008904,1,0,1,0
202609120033174,1,0,1,0
202609120027631,1,0,1,0
202609120020580,1,0,1,0
202609120010330,1,0,1,0
202609120018347,1,0,1,0
202609120034637,1,0,1,0
202609120010160,1,0,1,0
202609120037170,1,0,1,0
202609120040561,1,0,1,0
202609120017669,1,0,1,0
202609120011794,1,0,1,0
202609120007797,1,0,1,0
202609120045417,1,0,1,0
202609120003272,1,0,1,0
202609120019550,1,0,1,0
202609120016586,1,0,1,0
202609120025951,1,0,1,0
202609120008117,1,0,1,0
202609120005280,1,0,1,0
202609120032759,1,0,1,0
202609120039019,1,0,1,0
202609120014498,1,0,1,0
202609120034987,1,0,1,0
202609120007822,1,0,1,0
202609120038418,1,0,1,0
202609120041343,1,0,1,0
202609120009665,1,0,1,0
202609120026689,1,0,1,0
202609120032318,1,0,1,0
202609120028421,1,0,1,0
202609120040326,1,0,1,0
202609120003386,1,0,1,0
202609120027401,1,0,1,0
202609120005537,1,0,1,0
202609120001881,1,0,1,0
202609120008314,1,0,1,0
202609120042399,1,0,1,0
202609120020609,1,0,1,0
202609120016084,1,0,1,0
202609120030549,1,0,1,0
202609120004879,1,0,1,0
202609120044439,1,0,1,0
202609120043411,1,0,1,0
202609120039865,1,0,1,0
202609120030389,1,0,1,0
202609120013243,1,0,1,0
202609120044575,1,0,1,0
202609120028478,1,0,1,0
202609120008940,1,0,1,0
202609120008841,1,0,1,0
202609120047539,1,0,1,0
202609120048763,1,0,1,0
202609120019891,1,0,1,0
202609120027228,1,0,1,0
202609120005597,1,0,1,0
202609120028913,1,0,1,0
202609120032733,1,0,1,0
202609120039072,1,0,1,0
202609120028379,1,0,1,0
202609120045782,1,0,1,0
202609120041354,1,0,1,0
202609120042366,1,0,1,0
202609120039200,1,0,1,0
202609120036286,1,0,1,0
202609120011235,1,0,1,0
202609120029249,1,0,1,0
202609120017629,1,0,1,0
202609120035250,1,0,1,0
202609120000303,1,0,1,0
202609120018981,1,0,1,0
202609120046099,1,0,1,0
202609120049696,1,0,1,0
202609120012220,1,0,1,0
202609120013501,1,0,1,0
202609120047801,1,0,1,0
202609120007839,1,0,1,0
202609120038638,1,0,1,0
202609120034082,1,0,1,0
202609120003696,1,0,1,0
202609120006347,1,0,1,0
202609120048800,1,0,1,0
202609120041616,1,0,1,0
202609120026198,1,0,1,0
202609120009654,1,0,1,0
202609120021028,1,0,1,0
202609120024581,1,0,1,0
202609120019974,1,0,1,0
202609120031058,1,0,1,0
202609120030619,1,0,1,0
202609120011368,1,0,1,0
202609120007219,1,0,1,0
202609120002260,1,0,1,0
202609120000751,1,0,1,0
202609120009590,1,0,1,0
202609120007042,1,0,1,0
202609120038099,1,0,1,0
202609120039035,1,0,1,0
202609120021438,1,0,1,0
202609120043854,1,0,1,0
202609120033659,1,0,1,0
202609120025943,1,0,1,0
202609120030978,1,0,1,0
202609120040979,1,0,1,0
202609120038205,1,0,1,0
202609120018714,1,0,1,0
202609120032764,1,0,1,0
202609120043088,1,0,1,0
202609120045656,1,0,1,0
202609120005614,1,0,1,0
202609120014014,1,0,1,0
202609120013639,1,0,1,0
202609120014735,1,0,1,0
202609120042599,1,0,1,0
202609120025581,1,0,1,0
202609120039899,1,0,1,0
202609120014786,1,0,1,0
202609120042171,1,0,1,0
202609120024763,1,0,1,0
202609120044463,1,0,1,0
202609120027089,1,0,1,0
202609120026562,1,0,1,0
202609120006425,1,0,1,0
202609120038097,1,0,1,0
202609120012098,1,0,1,0
202609120045420,1,0,1,0
202609120004622,1,0,1,0
202609120014244,1,0,1,0
202609120040882,1,0,1,0
202609120001619,1,0,1,0
202609120010970,1,0,1,0
202609120002992,1,0,1,0
202609120047592,1,0,1,0
202609120035346,1,0,1,0
202609120024339,1,0,1,0
202609120027321,1,0,1,0
202609120030929,1,0,1,0
202609120012967,1,0,1,0
202609120013888,1,0,1,0
202609120021771,1,0,1,0
202609120033087,1,0,1,0
202609120048124,1,0,1,0
202609120007486,1,0,1,0
202609120019058,1,0,1,0
202609120008291,1,0,1,0
202609120023816,1,0,1,0
202609120002603,1,0,1,0
202609120002469,1,0,1,0
202609120016488,1,0,1,0
202609120016738,1,0,1,0
202609120027330,1,0,1,0
202609120036192,1,0,1,0
202609120042153,1,0,1,0
202609120040963,1,0,1,0
202609120046300,1,0,1,0
202609120028898,1,0,1,0
202609120024792,1,0,1,0
202609120010880,1,0,1,0
202609120043850,1,0,1,0
202609120037897,1,0,1,0
202609120032576,1,0,1,0
202609120010170,1,0,1,0
202609120005837,1,0,1,0
202609120021194,1,0,1,0
202609120020208,1,0,1,0
202609120043409,1,0,1,0
202609120035272,1,0,1,0
202609120016095,1,0,1,0
202609120012079,1,0,1,0
202609120010433,1,0,1,0
202609120005337,1,0,1,0
202609120036814,1,0,1,0
202609120032973,1,0,1,0
202609120010361,1,0,1,0
202609120028721,1,0,1,0
202609120006029,1,0,1,0
202609120035187,1,0,1,0
202609120041064,1,0,1,0
202609120039587,1,0,1,0
202609120014812,1,0,1,0
202609120033576,1,0,1,0
202609120024653,1,0,1,0
202609120045766,1,0,1,0
202609120026593,1,0,1,0
202609120031730,1,0,1,0
202609120008206,1,0,1,0
202609120014453,1,0,1,0
202609120044263,1,0,1,0
202609120041003,1,0,1,0
202609120012325,1,0,1,0
202609120026756,1,0,1,0
202609120030071,1,0,1,0
202609120009316,1,0,1,0
202609120045535,1,0,1,0
202609120032657,1,0,1,0
202609120047807,1,0,1,0
202609120043771,1,0,1,0
202609120023961,1,0,1,0
202609120013962,1,0,1,0
202609120042006,1,0,1,0
202609120044442,1,0,1,0
202609120026275,1,0,1,0
202609120043108,1,0,1,0
202609120003635,1,0,1,0
202609120025045,1,0,1,0
202609120033713,1,0,1,0
202609120023513,1,0,1,0
202609120036113,1,0,1,0
202609120028196,1,0,1,0
202609120034961,1,0,1,0
202609120020202,1,0,1,0
202609120028996,1,0,1,0
202609120034482,1,0,1,0
202609120010654,1,0,1,0
202609120039343,1,0,1,0
202609120030550,1,0,1,0
202609120003196,1,0,1,0
202609120044466,1,0,1,0
202609120033773,1,0,1,0
202609120021594,1,0,1,0
202609120021935,1,0,1,0
202609120014624,1,0,1,0
202609120038617,1,0,1,0
202609120015635,1,0,1,0
202609120027643,1,0,1,0
202609120030838,1,0,1,0
202609120039102,1,0,1,0
202609120045854,1,0,1,0
202609120014158,1,0,1,0
202609120043454,1,0,1,0
202609120049799,1,0,1,0
202609120007503,1,0,1,0
202609120017797,1,0,1,0
202609120047232,1,0,1,0
202609120012365,1,0,1,0
202609120022958,1,0,1,0
202609120049676,1,0,1,0
202609120036797,1,0,1,0
202609120012291,1,0,1,0
202609120012790,1,0,1,0
202609120026078,1,0,1,0
202609120029667,1,0,1,0
202609120006315,1,0,1,0
202609120016137,1,0,1,0
202609120037026,1,0,1,0
202609120000367,1,0,1,0
202609120004031,1,0,1,0
202609120013013,1,0,1,0
202609120005652,1,0,1,0
202609120021700,1,0,1,0
202609120008720,1,0,1,0
202609120017663,1,0,1,0
202609120015515,1,0,1,0
202609120048012,1,0,1,0
202609120048598,1,0,1,0
202609120003752,1,0,1,0
202609120023004,1,0,1,0
202609120013108,1,0,1,0
202609120003128,1,0,1,0
202609120037581,1,0,1,0
202609120010670,1,0,1,0
202609120009533,1,0,1,0
202609120011085,1,0,1,0
202609120046159,1,0,1,0
202609120029872,1,0,1,0
202609120018178,1,0,1,0
202609120032563,1,0,1,0
202609120024991,1,0,1,0
202609120049371,1,0,1,0
202609120027826,1,0,1,0
202609120003774,1,0,1,0
202609120042408,1,0,1,0
202609120023444,1,0,1,0
202609120042847,1,0,1,0
202609120023330,1,0,1,0
202609120025680,1,0,1,0
202609120039290,1,0,1,0
202609120046019,1,0,1,0
202609120035151,1,0,1,0
202609120015606,1,0,1,0
202609120000144,1,0,1,0
202609120037183,1,0,1,0
202609120003435,1,0,1,0
202609120016293,1,0,1,0
202609120000927,1,0,1,0
202609120027736,1,0,1,0
202609120027334,1,0,1,0
202609120013647,1,0,1,0
202609120028201,1,0,1,0
202609120045565,1,0,1,0
202609120017985,1,0,1,0
202609120029730,1,0,1,0
202609120037523,1,0,1,0
202609120032056,1,0,1,0
202609120006141,1,0,1,0
202609120000496,1,0,1,0
202609120034265,1,0,1,0
202609120022856,1,0,1,0
202609120046855,1,0,1,0
202609120032406,1,0,1,0
202609120041155,1,0,1,0
202609120035343,1,0,1,0
202609120000486,1,0,1,0
202609120027033,1,0,1,0
202609120029956,1,0,1,0
202609120041353,1,0,1,0
202609120027921,1,0,1,0
202609120027917,1,0,1,0
202609120047011,1,0,1,0
202609120046880,1,0,1,0
202609120017473,1,0,1,0
202609120039183,1,0,1,0
202609120016002,1,0,1,0
202609120045652,1,0,1,0
202609120012483,1,0,1,0
202609120022053,1,0,1,0
202609120047132,1,0,1,0
202609120039027,1,0,1,0
202609120022414,1,0,1,0
202609120043155,1,0,1,0
202609120003845,1,0,1,0
202609120036148,1,0,1,0
202609120036523,1,0,1,0
202609120036010,1,0,1,0
202609120034751,1,0,1,0
202609120006353,1,0,1,0
202609120019108,1,0,1,0
202609120049837,1,0,1,0
202609120035106,1,0,1,0
202609120004398,1,0,1,0
202609120020130,1,0,1,0
202609120046270,1,0,1,0
202609120049690,1,0,1,0
202609120008787,1,0,1,0
202609120044471,1,0,1,0
202609120041010,1,0,1,0
202609120014918,1,0,1,0
202609120027402,1,0,1,0
202609120017692,1,0,1,0
202609120045817,1,0,1,0
202609120008650,1,0,1,0
202609120022185,1,0,1,0
202609120003738,1,0,1,0
202609120027716,1,0,1,0
202609120044796,1,0,1,0
202609120020863,1,0,1,0
202609120023978,1,0,1,0
202609120040587,1,0,1,0
202609120014395,1,0,1,0
202609120004196,1,0,1,0
202609120030543,1,0,1,0
202609120022901,1,0,1,0
202609120021962,1,0,1,0
202609120035350,1,0,1,0
202609120015910,1,0,1,0
202609120037710,1,0,1,0
202609120011817,1,0,1,0
202609120038812,1,0,1,0
202609120003855,1,0,1,0
202609120014750,1,0,1,0
202609120047630,1,0,1,0
202609120002097,1,0,1,0
202609120026253,1,0,1,0
202609120018175,1,0,1,0
202609120010355,1,0,1,0
202609120009866,1,0,1,0
202609120002606,1,0,1,0
202609120019226,1,0,1,0
202609120010881,1,0,1,0
202609120037750,1,0,1,0
202609120034643,1,0,1,0
202609120037477,1,0,1,0
202609120042611,1,0,1,0
202609120008669,1,0,1,0
202609120015508,1,0,1,0
202609120044070,1,0,1,0
202609120042190,1,0,1,0
202609120034272,1,0,1,0
202609120047133,1,0,1,0
202609120037712,1,0,1,0
202609120012611,1,0,1,0
202609120024049,1,0,1,0
202609120030571,1,0,1,0
202609120043412,1,0,1,0
202609120036742,1,0,1,0
202609120029638,1,0,1,0
202609120022583,1,0,1,0
202609120013042,1,0,1,0
202609120037801,1,0,1,0
202609120035298,1,0,1,0
202609120022674,1,0,1,0
202609120024545,1,0,1,0
202609120027698,1,0,1,0
202609120043322,1,0,1,0
202609120039324,1,0,1,0
202609120014832,1,0,1,0
202609120047331,1,0,1,0
202609120034609,1,0,1,0
202609120018920,1,0,1,0
202609120016729,1,0,1,0
202609120039440,1,0,1,0
202609120011482,1,0,1,0
202609120008102,1,0,1,0
202609120006434,1,0,1,0
202609120000926,1,0,1,0
202609120020544,1,0,1,0
202609120047655,1,0,1,0
202609120000704,1,0,1,0
202609120018500,1,0,1,0
202609120027774,1,0,1,0
202609120033842,1,0,1,0
202609120006791,1,0,1,0
202609120023843,1,0,1,0
202609120004689,1,0,1,0
202609120015243,1,0,1,0
202609120010464,1,0,1,0
202609120046583,1,0,1,0
202609120017381,1,0,1,0
202609120024059,1,0,1,0
202609120043875,1,0,1,0
202609120000007,1,0,1,0
202609120011285,1,0,1,0
202609120020694,1,0,1,0
202609120044307,1,0,1,0
202609120033431,1,0,1,0
202609120027344,1,0,1,0
202609120015765,1,0,1,0
202609120008101,1,0,1,0
202609120038689,1,0,1,0
202609120007541,1,0,1,0
202609120020054,1,0,1,0
202609120043607,1,0,1,0
202609120033420,1,0,1,0
202609120001772,1,0,1,0
202609120016608,1,0,1,0
202609120022881,1,0,1,0
202609120041856,1,0,1,0
202609120001681,1,0,1,0
202609120040060,1,0,1,0
202609120027585,1,0,1,0
202609120018039,1,0,1,0
202609120047247,1,0,1,0
202609120042355,1,0,1,0
202609120018546,1,0,1,0
202609120035541,1,0,1,0
202609120023640,1,0,1,0
202609120008807,1,0,1,0
202609120020419,1,0,1,0
202609120045641,1,0,1,0
202609120006387,1,0,1,0
202609120030756,1,0,1,0
202609120012792,1,0,1,0
202609120043002,1,0,1,0
202609120017088,1,0,1,0
202609120001534,1,0,1,0
202609120043351,1,0,1,0
202609120013310,1,0,1,0
202609120037276,1,0,1,0
202609120035683,1,0,1,0
202609120011541,1,0,1,0
202609120022839,1,0,1,0
202609120018958,1,0,1,0
202609120006168,1,0,1,0
202609120030074,1,0,1,0
202609120042996,1,0,1,0
202609120026896,1,0,1,0
202609120012587,1,0,1,0
202609120048331,1,0,1,0
202609120008587,1,0,1,0
202609120017767,1,0,1,0
202609120027051,1,0,1,0
202609120045674,1,0,1,0
202609120019695,1,0,1,0
202609120031132,1,0,1,0
202609120029681,1,0,1,0
202609120027011,1,0,1,0
202609120013852,1,0,1,0
202609120044947,1,0,1,0
202609120025842,1,0,1,0
202609120028492,1,0,1,0
202609120024920,1,0,1,0
202609120007757,1,0,1,0
202609120009784,1,0,1,0
202609120048539,1,0,1,0
202609120017233,1,0,1,0
202609120000216,1,0,1,0
202609120011812,1,0,1,0
202609120004104,1,0,1,0
202609120039406,1,0,1,0
202609120012057,1,0,1,0
202609120026222,1,0,1,0
202609120035424,1,0,1,0
202609120001715,1,0,1,0
202609120014726,1,0,1,0
202609120046910,1,0,1,0
202609120003503,1,0,1,0
202609120017766,1,0,1,0
202609120011128,1,0,1,0
202609120028030,1,0,1,0
202609120030115,1,0,1,0
202609120013487,1,0,1,0
202609120016724,1,0,1,0
202609120035190,1,0,1,0
202609120027932,1,0,1,0
202609120038702,1,0,1,0
202609120037198,1,0,1,0
202609120023423,1,0,1,0
202609120014713,1,0,1,0
202609120017667,1,0,1,0
202609120032581,1,0,1,0
202609120020732,1,0,1,0
202609120003402,1,0,1,0
202609120007247,1,0,1,0
202609120002320,1,0,1,0
202609120028512,1,0,1,0
202609120007075,1,0,1,0
202609120024353,1,0,1,0
202609120011753,1,0,1,0
202609120048606,1,0,1,0
202609120005939,1,0,1,0
202609120012184,1,0,1,0
202609120041624,1,0,1,0
202609120017783,1,0,1,0
202609120031403,1,0,1,0
202609120045235,1,0,1,0
202609120010822,1,0,1,0
202609120009336,1,0,1,0
202609120046767,1,0,1,0
202609120008217,1,0,1,0
202609120036195,1,0,1,0
202609120038712,1,0,1,0
202609120004211,1,0,1,0
202609120024600,1,0,1,0
202609120005326,1,0,1,0
202609120014773,1,0,1,0
202609120025003,1,0,1,0
202609120009399,1,0,1,0
202609120049271,1,0,1,0
202609120013920,1,0,1,0
202609120001646,1,0,1,0
202609120012812,1,0,1,0
202609120012063,1,0,1,0
202609120027882,1,0,1,0
202609120011937,1,0,1,0
202609120032487,1,0,1,0
202609120031915,1,0,1,0
202609120005985,1,0,1,0
202609120026442,1,0,1,0
202609120025658,1,0,1,0
202609120042018,1,0,1,0
202609120024516,1,0,1,0
202609120044971,1,0,1,0
202609120025413,1,0,1,0
202609120048777,1,0,1,0
202609120038466,1,0,1,0
202609120048369,1,0,1,0
202609120014022,1,0,1,0
202609120002703,1,0,1,0
202609120039445,1,0,1,0
202609120013901,1,0,1,0
202609120012747,1,0,1,0
202609120034167,1,0,1,0
202609120014342,1,0,1,0
202609120021663,1,0,1,0
202609120042080,1,0,1,0
202609120008575,1,0,1,0
202609120004791,1,0,1,0
202609120030341,1,0,1,0
202609120006959,1,0,1,0
202609120024971,1,0,1,0
202609120015386,1,0,1,0
202609120048264,1,0,1,0
202609120043833,1,0,1,0
202609120024448,1,0,1,0
202609120000472,1,0,1,0
202609120015784,1,0,1,0
202609120028242,1,0,1,0
202609120011598,1,0,1,0
202609120030066,1,0,1,0
202609120001031,1,0,1,0
202609120016726,1,0,1,0
202609120045018,1,0,1,0
202609120013087,1,0,1,0
202609120039966,1,0,1,0
202609120038079,1,0,1,0
202609120031310,1,0,1,0
202609120041090,1,0,1,0
202609120047215,1,0,1,0
202609120028230,1,0,1,0
202609120030465,1,0,1,0
202609120021830,1,0,1,0
202609120041631,1,0,1,0
202609120020318,1,0,1,0
202609120003252,1,0,1,0
202609120035127,1,0,1,0
202609120000242,1,0,1,0
202609120020630,1,0,1,0
202609120049400,1,0,1,0
202609120037209,1,0,1,0
202609120029627,1,0,1,0
202609120038267,1,0,1,0
202609120026791,1,0,1,0
202609120013106,1,0,1,0
202609120035195,1,0,1,0
202609120007712,1,0,1,0
202609120013957,1,0,1,0
202609120009953,1,0,1,0
202609120018365,1,0,1,0
202609120028003,1,0,1,0
202609120031620,1,0,1,0
202609120039659,1,0,1,0
202609120045421,1,0,1,0
202609120000799,1,0,1,0
202609120042061,1,0,1,0
202609120010359,1,0,1,0
202609120006228,1,0,1,0
202609120021537,1,0,1,0
202609120030867,1,0,1,0
202609120002806,1,0,1,0
202609120006862,1,0,1,0
202609120045133,1,0,1,0
202609120038790,1,0,1,0
202609120016089,1,0,1,0
202609120017266,1,0,1,0
202609120008828,1,0,1,0
202609120030944,1,0,1,0
202609120037461,1,0,1,0
202609120004372,1,0,1,0
202609120019630,1,0,1,0
202609120016598,1,0,1,0
202609120040928,1,0,1,0
202609120037866,1,0,1,0
202609120010253,1,0,1,0
202609120038645,1,0,1,0
202609120048505,1,0,1,0
202609120013632,1,0,1,0
202609120031853,1,0,1,0
202609120036146,1,0,1,0
202609120022921,1,0,1,0
202609120009016,1,0,1,0
202609120034263,1,0,1,0
202609120022391,1,0,1,0
202609120011573,1,0,1,0
202609120016995,1,0,1,0
202609120023344,1,0,1,0
202609120009045,1,0,1,0
202609120018573,1,0,1,0
202609120002858,1,0,1,0
202609120027528,1,0,1,0
202609120047990,1,0,1,0
202609120017004,1,0,1,0
202609120043651,1,0,1,0
202609120027153,1,0,1,0
202609120016396,1,0,1,0
202609120005629,1,0,1,0
202609120041309,1,0,1,0
202609120047680,1,0,1,0
202609120010331,1,0,1,0
202609120016151,1,0,1,0
202609120045037,1,0,1,0
202609120035961,1,0,1,0
202609120007246,1,0,1,0
202609120019050,1,0,1,0
202609120003266,1,0,1,0
202609120021072,1,0,1,0
202609120005240,1,0,1,0
202609120007514,1,0,1,0
202609120040779,1,0,1,0
202609120031572,1,0,1,0
202609120003566,1,0,1,0
202609120000964,1,0,1,0
202609120003501,1,0,1,0
202609120030822,1,0,1,0
202609120001868,1,0,1,0
202609120001083,1,0,1,0
202609120048219,1,0,1,0
202609120026229,1,0,1,0
202609120016421,1,0,1,0
202609120013010,1,0,1,0
202609120008408,1,0,1,0
202609120043215,1,0,1,0
202609120004917,1,0,1,0
202609120018677,1,0,1,0
202609120029840,1,0,1,0
202609120047570,1,0,1,0
202609120016373,1,0,1,0
202609120038693,1,0,1,0
202609120004203,1,0,1,0
202609120044769,1,0,1,0
202609120032334,1,0,1,0
202609120021804,1,0,1,0
202609120020638,1,0,1,0
202609120021299,1,0,1,0
202609120027582,1,0,1,0
202609120026755,1,0,1,0
202609120036690,1,0,1,0
202609120009763,1,0,1,0
202609120011239,1,0,1,0
202609120002174,1,0,1,0
202609120006740,1,0,1,0
202609120043507,1,0,1,0
202609120039366,1,0,1,0
202609120039502,1,0,1,0
202609120022880,1,0,1,0
202609120033169,1,0,1,0
202609120007316,1,0,1,0
202609120004367,1,0,1,0
202609120042263,1,0,1,0
202609120010222,1,0,1,0
202609120043557,1,0,1,0
202609120048990,1,0,1,0
202609120034097,1,0,1,0
202609120039964,1,0,1,0
202609120018505,1,0,1,0
202609120013433,1,0,1,0
202609120018575,1,0,1,0
202609120037773,1,0,1,0
202609120001611,1,0,1,0
202609120022947,1,0,1,0
202609120047108,1,0,1,0
202609120006528,1,0,1,0
202609120006540,1,0,1,0
202609120038433,1,0,1,0
202609120049123,1,0,1,0
202609120040312,1,0,1,0
202609120026904,1,0,1,0
202609120003572,1,0,1,0
202609120025265,1,0,1,0
202609120043317,1,0,1,0
202609120049790,1,0,1,0
202609120020889,1,0,1,0
202609120047843,1,0,1,0
202609120011395,1,0,1,0
202609120042268,1,0,1,0
202609120021362,1,0,1,0
202609120001044,1,0,1,0
202609120000746,1,0,1,0
202609120025733,1,0,1,0
202609120032418,1,0,1,0
202609120034927,1,0,1,0
202609120031610,1,0,1,0
202609120005269,1,0,1,0
202609120022305,1,0,1,0
202609120022741,1,0,1,0
202609120020848,1,0,1,0
202609120001615,1,0,1,0
202609120025786,1,0,1,0
202609120016474,1,0,1,0
202609120019758,1,0,1,0
202609120017328,1,0,1,0
202609120037235,1,0,1,0
202609120024146,1,0,1,0
202609120033964,1,0,1,0
202609120010780,1,0,1,0
202609120004285,1,0,1,0
202609120025491,1,0,1,0
202609120032882,1,0,1,0
202609120037105,1,0,1,0
202609120001084,1,0,1,0
202609120029409,1,0,1,0
202609120008269,1,0,1,0
202609120000039,1,0,1,0
202609120039143,1,0,1,0
202609120048363,1,0,1,0
202609120044434,1,0,1,0
202609120011363,1,0,1,0
202609120045369,1,0,1,0
202609120032985,1,0,1,0
202609120035183,1,0,1,0
202609120038316,1,0,1,0
202609120022241,1,0,1,0
202609120034455,1,0,1,0
202609120034823,1,0,1,0
202609120041691,1,0,1,0
202609120019123,1,0,1,0
202609120008668,1,0,1,0
202609120011460,1,0,1,0
202609120014372,1,0,1,0
202609120017944,1,0,1,0
202609120016892,1,0,1,0
202609120024038,1,0,1,0
202609120016188,1,0,1,0
202609120018755,1,0,1,0
202609120048988,1,0,1,0
202609120045723,1,0,1,0
202609120032480,1,0,1,0
202609120005588,1,0,1,0
202609120023327,1,0,1,0
202609120004955,1,0,1,0
202609120024349,1,0,1,0
202609120040776,1,0,1,0
202609120002053,1,0,1,0
202609120044650,1,0,1,0
202609120011027,1,0,1,0
202609120002304,1,0,1,0
202609120023298,1,0,1,0
202609120040061,1,0,1,0
202609120016005,1,0,1,0
202609120035903,1,0,1,0
202609120001442,1,0,1,0
202609120001448,1,0,1,0
202609120012320,1,0,1,0
202609120006760,1,0,1,0
202609120019384,1,0,1,0
202609120046288,1,0,1,0
202609120037454,1,0,1,0
202609120044605,1,0,1,0
202609120041920,1,0,1,0
202609120012274,1,0,1,0
202609120032175,1,0,1,0
202609120048013,1,0,1,0
202609120017646,1,0,1,0
202609120048286,1,0,1,0
202609120004070,1,0,1,0
202609120020141,1,0,1,0
202609120029417,1,0,1,0
202609120047234,1,0,1,0
202609120008183,1,0,1,0
202609120017723,1,0,1,0
202609120002330,1,0,1,0
202609120040769,1,0,1,0
202609120016243,1,0,1,0
202609120035216,1,0,1,0
202609120039897,1,0,1,0
202609120048883,1,0,1,0
202609120005179,1,0,1,0
202609120038608,1,0,1,0
202609120032298,1,0,1,0
202609120039770,1,0,1,0
202609120016234,1,0,1,0
202609120034540,1,0,1,0
202609120000211,1,0,1,0
202609120044214,1,0,1,0
202609120048006,1,0,1,0
202609120024715,1,0,1,0
202609120018174,1,0,1,0
202609120012423,1,0,1,0
202609120046686,1,0,1,0
202609120022126,1,0,1,0
202609120010489,1,0,1,0
202609120024355,1,0,1,0
202609120014161,1,0,1,0
202609120024548,1,0,1,0
202609120016954,1,0,1,0
202609120015778,1,0,1,0
202609120031812,1,0,1,0
202609120038703,1,0,1,0
202609120029584,1,0,1,0
202609120037873,1,0,1,0
202609120031209,1,0,1,0
202609120042874,1,0,1,0
202609120015662,1,0,1,0
202609120011852,1,0,1,0
202609120028893,1,0,1,0
202609120003063,1,0,1,0
202609120025163,1,0,1,0
202609120028699,1,0,1,0
202609120048833,1,0,1,0
202609120029427,1,0,1,0
202609120047325,1,0,1,0
202609120048251,1,0,1,0
202609120028425,1,0,1,0
202609120033836,1,0,1,0
202609120011532,1,0,1,0
202609120039819,1,0,1,0
202609120016253,1,0,1,0
202609120000308,1,0,1,0
202609120026314,1,0,1,0
202609120027918,1,0,1,0
202609120013291,1,0,1,0
202609120016193,1,0,1,0
202609120036619,1,0,1,0
202609120000651,1,0,1,0
202609120008152,1,0,1,0
202609120009543,1,0,1,0
202609120042386,1,0,1,0
202609120049240,1,0,1,0
202609120001501,1,0,1,0
202609120029083,1,0,1,0
202609120023340,1,0,1,0
202609120040037,1,0,1,0
202609120036647,1,0,1,0
202609120004257,1,0,1,0
202609120015709,1,0,1,0
202609120006020,1,0,1,0
202609120036568,1,0,1,0
202609120036823,1,0,1,0
202609120041982,1,0,1,0
202609120030009,1,0,1,0
202609120028688,1,0,1,0
202609120006274,1,0,1,0
202609120032127,1,0,1,0
202609120011625,1,0,1,0
202609120019947,1,0,1,0
202609120028304,1,0,1,0
202609120043303,1,0,1,0
202609120005523,1,0,1,0
202609120001723,1,0,1,0
202609120024075,1,0,1,0
202609120046071,1,0,1,0
202609120046885,1,0,1,0
202609120029593,1,0,1,0
202609120004982,1,0,1,0
202609120003702,1,0,1,0
202609120023930,1,0,1,0
202609120023078,1,0,1,0
202609120027775,1,0,1,0
202609120039622,1,0,1,0
202609120000590,1,0,1,0
202609120005387,1,0,1,0
202609120047181,1,0,1,0
202609120024950,1,0,1,0
202609120040803,1,0,1,0
202609120022811,1,0,1,0
202609120026855,1,0,1,0
202609120027629,1,0,1,0
202609120014819,1,0,1,0
202609120037659,1,0,1,0
202609120045440,1,0,1,0
202609120027124,1,0,1,0
202609120036660,1,0,1,0
202609120005024,1,0,1,0
202609120017625,1,0,1,0
202609120028110,1,0,1,0
202609120023286,1,0,1,0
202609120035750,1,0,1,0
202609120039591,1,0,1,0
202609120045451,1,0,1,0
202609120006747,1,0,1,0
202609120015189,1,0,1,0
202609120043951,1,0,1,0
202609120013305,1,0,1,0
202609120040920,1,0,1,0
202609120006878,1,0,1,0
202609120032771,1,0,1,0
202609120018765,1,0,1,0
202609120045876,1,0,1,0
202609120044432,1,0,1,0
202609120008665,1,0,1,0
202609120010477,1,0,1,0
202609120043566,1,0,1,0
202609120001393,1,0,1,0
202609120048301,1,0,1,0
202609120021931,1,0,1,0
202609120008077,1,0,1,0
202609120047301,1,0,1,0
202609120042738,1,0,1,0
202609120017116,1,0,1,0
202609120012188,1,0,1,0
202609120047344,1,0,1,0
202609120021895,1,0,1,0
202609120003316,1,0,1,0
202609120001758,1,0,1,0
202609120043437,1,0,1,0
202609120001991,1,0,1,0
202609120024904,1,0,1,0
202609120011295,1,0,1,0
202609120011521,1,0,1,0
202609120048698,1,0,1,0
202609120028404,1,0,1,0
202609120012169,1,0,1,0
202609120017527,1,0,1,0
202609120006993,1,0,1,0
202609120004075,1,0,1,0
202609120004214,1,0,1,0
202609120035649,1,0,1,0
202609120022167,1,0,1,0
202609120029791,1,0,1,0
202609120024898,1,0,1,0
202609120018830,1,0,1,0
202609120002545,1,0,1,0
202609120023177,1,0,1,0
202609120030665,1,0,1,0
202609120010379,1,0,1,0
202609120006008,1,0,1,0
202609120008253,1,0,1,0
202609120037548,1,0,1,0
202609120001794,1,0,1,0
202609120019982,1,0,1,0
202609120032520,1,0,1,0
202609120004515,1,0,1,0
202609120004551,1,0,1,0
202609120019198,1,0,1,0
202609120008294,1,0,1,0
202609120045379,1,0,1,0
202609120030926,1,0,1,0
202609120046394,1,0,1,0
202609120043816,1,0,1,0
202609120035361,1,0,1,0
202609120023849,1,0,1,0
202609120037201,1,0,1,0
202609120041077,1,0,1,0
202609120015388,1,0,1,0
202609120047147,1,0,1,0
202609120045748,1,0,1,0
202609120035005,1,0,1,0
202609120004279,1,0,1,0
202609120003098,1,0,1,0
202609120014977,1,0,1,0
202609120029833,1,0,1,0
202609120018556,1,0,1,0
202609120018569,1,0,1,0
202609120013938,1,0,1,0
202609120003083,1,0,1,0
202609120016733,1,0,1,0
202609120009627,1,0,1,0
202609120036352,1,0,1,0
202609120024012,1,0,1,0
202609120027632,1,0,1,0
202609120016523,1,0,1,0
202609120008749,1,0,1,0
202609120009156,1,0,1,0
202609120043623,1,0,1,0
202609120049444,1,0,1,0
202609120029080,1,0,1,0
202609120025880,1,0,1,0
202609120036359,1,0,1,0
202609120012240,1,0,1,0
202609120031434,1,0,1,0
202609120037499,1,0,1,0
202609120010143,1,0,1,0
202609120006657,1,0,1,0
202609120012385,1,0,1,0
202609120045462,1,0,1,0
202609120001641,1,0,1,0
202609120007834,1,0,1,0
202609120013809,1,0,1,0
202609120034357,1,0,1,0
202609120010437,1,0,1,0
202609120029007,1,0,1,0
202609120020072,1,0,1,0
202609120042187,1,0,1,0
202609120023870,1,0,1,0
202609120048551,1,0,1,0
202609120014272,1,0,1,0
202609120033686,1,0,1,0
202609120038288,1,0,1,0
202609120016058,1,0,1,0
202609120020519,1,0,1,0
202609120041822,1,0,1,0
202609120042353,1,0,1,0
202609120049040,1,0,1,0
202609120035859,1,0,1,0
202609120049679,1,0,1,0
202609120015152,1,0,1,0
202609120041950,1,0,1,0
202609120029801,1,0,1,0
202609120011259,1,0,1,0
202609120010759,1,0,1,0
202609120022468,1,0,1,0
202609120014463,1,0,1,0
202609120001785,1,0,1,0
202609120038925,1,0,1,0
202609120047165,1,0,1,0
202609120008918,1,0,1,0
202609120010224,1,0,1,0
202609120045343,1,0,1,0
202609120038697,1,0,1,0
202609120037219,1,0,1,0
202609120040324,1,0,1,0
202609120007699,1,0,1,0
202609120005577,1,0,1,0
202609120000648,1,0,1,0
202609120009255,1,0,1,0
202609120002082,1,0,1,0
202609120025046,1,0,1,0
202609120039602,1,0,1,0
202609120022358,1,0,1,0
202609120006306,1,0,1,0
202609120014708,1,0,1,0
202609120043753,1,0,1,0
202609120048324,1,0,1,0
202609120032238,1,0,1,0
202609120019341,1,0,1,0
202609120043363,1,0,1,0
202609120024359,1,0,1,0
202609120010125,1,0,1,0
202609120013594,1,0,1,0
202609120032432,1,0,1,0
202609120009210,1,0,1,0
202609120007646,1,0,1,0
202609120026564,1,0,1,0
202609120045811,1,0,1,0
202609120036059,1,0,1,0
202609120034285,1,0,1,0
202609120016201,1,0,1,0
202609120040043,1,0,1,0
202609120042452,1,0,1,0
202609120011632,1,0,1,0
202609120009069,1,0,1,0
202609120035942,1,0,1,0
202609120008697,1,0,1,0
202609120019888,1,0,1,0
202609120030869,1,0,1,0
202609120042878,1,0,1,0
202609120045504,1,0,1,0
202609120042631,1,0,1,0
202609120017488,1,0,1,0
202609120005756,1,0,1,0
202609120019568,1,0,1,0
202609120017648,1,0,1,0
202609120004645,1,0,1,0
202609120014339,1,0,1,0
202609120049606,1,0,1,0
202609120010524,1,0,1,0
202609120044549,1,0,1,0
202609120047395,1,0,1,0
202609120039789,1,0,1,0
202609120035940,1,0,1,0
202609120005022,1,0,1,0
202609120049750,1,0,1,0
202609120002518,1,0,1,0
202609120042456,1,0,1,0
202609120032745,1,0,1,0
202609120002179,1,0,1,0
202609120005210,1,0,1,0
202609120044266,1,0,1,0
202609120013692,1,0,1,0
202609120009912,1,0,1,0
202609120009559,1,0,1,0
202609120034423,1,0,1,0
202609120028479,1,0,1,0
202609120047667,1,0,1,0
202609120002077,1,0,1,0
202609120010766,1,0,1,0
202609120001690,1,0,1,0
202609120039823,1,0,1,0
202609120024730,1,0,1,0
202609120008453,1,0,1,0
202609120021102,1,0,1,0
202609120041545,1,0,1,0
202609120007894,1,0,1,0
202609120025486,1,0,1,0
202609120040390,1,0,1,0
202609120024333,1,0,1,0
202609120045657,1,0,1,0
202609120004738,1,0,1,0
202609120011420,1,0,1,0
202609120005209,1,0,1,0
202609120029686,1,0,1,0
202609120013099,1,0,1,0
202609120010024,1,0,1,0
202609120023323,1,0,1,0
202609120031980,1,0,1,0
202609120047162,1,0,1,0
202609120023903,1,0,1,0
202609120013642,1,0,1,0
202609120026869,1,0,1,0
202609120036809,1,0,1,0
202609120010037,1,0,1,0
202609120008484,1,0,1,0
202609120044121,1,0,1,0
202609120049027,1,0,1,0
202609120018004,1,0,1,0
202609120044433,1,0,1,0
202609120047757,1,0,1,0
202609120042319,1,0,1,0
202609120031865,1,0,1,0
202609120049650,1,0,1,0
202609120004072,1,0,1,0
202609120022324,1,0,1,0
202609120018751,1,0,1,0
202609120047206,1,0,1,0
202609120007446,1,0,1,0
202609120024382,1,0,1,0
202609120022816,1,0,1,0
202609120019655,1,0,1,0
202609120024251,1,0,1,0
202609120044356,1,0,1,0
202609120024772,1,0,1,0
202609120013308,1,0,1,0
202609120043638,1,0,1,0
202609120043989,1,0,1,0
202609120031151,1,0,1,0
202609120042596,1,0,1,0
202609120033832,1,0,1,0
202609120038949,1,0,1,0
202609120006465,1,0,1,0
202609120033416,1,0,1,0
202609120031346,1,0,1,0
202609120036870,1,0,1,0
202609120013097,1,0,1,0
202609120033376,1,0,1,0
202609120016673,1,0,1,0
202609120042117,1,0,1,0
202609120003560,1,0,1,0
202609120009367,1,0,1,0
202609120025378,1,0,1,0
202609120005713,1,0,1,0
202609120021387,1,0,1,0
202609120046216,1,0,1,0
202609120016413,1,0,1,0
202609120009341,1,0,1,0
202609120003274,1,0,1,0
202609120014435,1,0,1,0
202609120023587,1,0,1,0
202609120026667,1,0,1,0
202609120001971,1,0,1,0
202609120016554,1,0,1,0
202609120027122,1,0,1,0
202609120048827,1,0,1,0
202609120034864,1,0,1,0
202609120010071,1,0,1,0
202609120003191,1,0,1,0
202609120035993,1,0,1,0
202609120027078,1,0,1,0
202609120028963,1,0,1,0
202609120020459,1,0,1,0
202609120030967,1,0,1,0
202609120027118,1,0,1,0
202609120032196,1,0,1,0
202609120004891,1,0,1,0
202609120022348,1,0,1,0
202609120013098,1,0,1,0
202609120033916,1,0,1,0
202609120000568,1,0,1,0
202609120006802,1,0,1,0
202609120035977,1,0,1,0
202609120037370,1,0,1,0
202609120044039,1,0,1,0
202609120023672,1,0,1,0
202609120008553,1,0,1,0
202609120040864,1,0,1,0
202609120004068,1,0,1,0
202609120032080,1,0,1,0
202609120005682,1,0,1,0
202609120039193,1,0,1,0
202609120005285,1,0,1,0
202609120019839,1,0,1,0
202609120049121,1,0,1,0
202609120002020,1,0,1,0
202609120043330,1,0,1,0
202609120008210,1,0,1,0
202609120042384,1,0,1,0
202609120031231,1,0,1,0
202609120038168,1,0,1,0
202609120049766,1,0,1,0
202609120019249,1,0,1,0
202609120024430,1,0,1,0
202609120030269,1,0,1,0
202609120049586,1,0,1,0
202609120030125,1,0,1,0
202609120005002,1,0,1,0
202609120013107,1,0,1,0
202609120003321,1,0,1,0
202609120000824,1,0,1,0
202609120022094,1,0,1,0
202609120010075,1,0,1,0
202609120023590,1,0,1,0
202609120013223,1,0,1,0
202609120008557,1,0,1,0
202609120043974,1,0,1,0
202609120043933,1,0,1,0
202609120002223,1,0,1,0
202609120035535,1,0,1,0
202609120005740,1,0,1,0
202609120024208,1,0,1,0
202609120031574,1,0,1,0
202609120016769,1,0,1,0
202609120027220,1,0,1,0
202609120008969,1,0,1,0
202609120040274,1,0,1,0
202609120049009,1,0,1,0
202609120048543,1,0,1,0
202609120010630,1,0,1,0
202609120035700,1,0,1,0
202609120017109,1,0,1,0
202609120021503,1,0,1,0
202609120006956,1,0,1,0
202609120011790,1,0,1,0
202609120014489,1,0,1,0
202609120044860,1,0,1,0
202609120002579,1,0,1,0
202609120011333,1,0,1,0
202609120047003,1,0,1,0
202609120040203,1,0,1,0
202609120002856,1,0,1,0
202609120033779,1,0,1,0
202609120000104,1,0,1,0
202609120027952,1,0,1,0
202609120042982,1,0,1,0
202609120005608,1,0,1,0
202609120036554,1,0,1,0
202609120041662,1,0,1,0
202609120022706,1,0,1,0
202609120044016,1,0,1,0
202609120038864,1,0,1,0
202609120011775,1,0,1,0
202609120048320,1,0,1,0
202609120016803,1,0,1,0
202609120004132,1,0,1,0
202609120001893,1,0,1,0
202609120010765,1,0,1,0
202609120045014,1,0,1,0
202609120006641,1,0,1,0
202609120004013,1,0,1,0
202609120037177,1,0,1,0
202609120035150,1,0,1,0
202609120044011,1,0,1,0
202609120007129,1,0,1,0
202609120023625,1,0,1,0
202609120002427,1,0,1,0
202609120041826,1,0,1,0
202609120048216,1,0,1,0
202609120048872,1,0,1,0
202609120046942,1,0,1,0
202609120012232,1,0,1,0
202609120019440,1,0,1,0
202609120041588,1,0,1,0
202609120033045,1,0,1,0
202609120005041,1,0,1,0
202609120002351,1,0,1,0
202609120043646,1,0,1,0
202609120008372,1,0,1,0
202609120024318,1,0,1,0
202609120025821,1,0,1,0
202609120041864,1,0,1,0
202609120021131,1,0,1,0
202609120035325,1,0,1,0
202609120021722,1,0,1,0
202609120026882,1,0,1,0
202609120006452,1,0,1,0
202609120010791,1,0,1,0
202609120011582,1,0,1,0
202609120043016,1,0,1,0
202609120034049,1,0,1,0
202609120013215,1,0,1,0
202609120003464,1,0,1,0
202609120012924,1,0,1,0
202609120007249,1,0,1,0
202609120030280,1,0,1,0
202609120034783,1,0,1,0
202609120045989,1,0,1,0
202609120004303,1,0,1,0
202609120011650,1,0,1,0
202609120010752,1,0,1,0
202609120045474,1,0,1,0
202609120019345,1,0,1,0
202609120043937,1,0,1,0
202609120001269,1,0,1,0
202609120007269,1,0,1,0
202609120020662,1,0,1,0
202609120042359,1,0,1,0
202609120004855,1,0,1,0
202609120037842,1,0,1,0
202609120028477,1,0,1,0
202609120014611,1,0,1,0
202609120009798,1,0,1,0
202609120011257,1,0,1,0
202609120011606,1,0,1,0
202609120039585,1,0,1,0
202609120037186,1,0,1,0
202609120001487,1,0,1,0
202609120027611,1,0,1,0
202609120043564,1,0,1,0
202609120005982,1,0,1,0
202609120022471,1,0,1,0
202609120010499,1,0,1,0
202609120036508,1,0,1,0
202609120039040,1,0,1,0
202609120033515,1,0,1,0
202609120043410,1,0,1,0
202609120048689,1,0,1,0
202609120005547,1,0,1,0
202609120034431,1,0,1,0
202609120009073,1,0,1,0
202609120047219,1,0,1,0
202609120024004,1,0,1,0
202609120042417,1,0,1,0
202609120007452,1,0,1,0
202609120024700,1,0,1,0
202609120002541,1,0,1,0
202609120045550,1,0,1,0
202609120022715,1,0,1,0
202609120022588,1,0,1,0
202609120012654,1,0,1,0
202609120009192,1,0,1,0
202609120013363,1,0,1,0
202609120015332,1,0,1,0
202609120023222,1,0,1,0
202609120006403,1,0,1,0
202609120041876,1,0,1,0
202609120006907,1,0,1,0
202609120035527,1,0,1,0
202609120002778,1,0,1,0
202609120001835,1,0,1,0
202609120020476,1,0,1,0
202609120018605,1,0,1,0
202609120019506,1,0,1,0
202609120039448,1,0,1,0
202609120049708,1,0,1,0
202609120004308,1,0,1,0
202609120039678,1,0,1,0
202609120025722,1,0,1,0
202609120009730,1,0,1,0
202609120009317,1,0,1,0
202609120008921,1,0,1,0
202609120011397,1,0,1,0
202609120043398,1,0,1,0
202609120046571,1,0,1,0
202609120025153,1,0,1,0
202609120034367,1,0,1,0
202609120014869,1,0,1,0
202609120025085,1,0,1,0
202609120029017,1,0,1,0
202609120021680,1,0,1,0
202609120046088,1,0,1,0
202609120034414,1,0,1,0
202609120032510,1,0,1,0
202609120014727,1,0,1,0
202609120008992,1,0,1,0
202609120038683,1,0,1,0
202609120016894,1,0,1,0
202609120022291,1,0,1,0
202609120006992,1,0,1,0
202609120008094,1,0,1,0
202609120001002,1,0,1,0
202609120040684,1,0,1,0
202609120018349,1,0,1,0
202609120034841,1,0,1,0
202609120045036,1,0,1,0
202609120012834,1,0,1,0
202609120008600,1,0,1,0
202609120019036,1,0,1,0
202609120039248,1,0,1,0
202609120047860,1,0,1,0
202609120047310,1,0,1,0
202609120030964,1,0,1,0
202609120007342,1,0,1,0
202609120013206,1,0,1,0
202609120022652,1,0,1,0
202609120017961,1,0,1,0
202609120037074,1,0,1,0
202609120048045,1,0,1,0
202609120029398,1,0,1,0
202609120032964,1,0,1,0
202609120045186,1,0,1,0
202609120004511,1,0,1,0
202609120046704,1,0,1,0
202609120001743,1,0,1,0
202609120022116,1,0,1,0
202609120024060,1,0,1,0
202609120025304,1,0,1,0
202609120014546,1,0,1,0
202609120036972,1,0,1,0
202609120023303,1,0,1,0
202609120021431,1,0,1,0
202609120041096,1,0,1,0
202609120009428,1,0,1,0
202609120041543,1,0,1,0
202609120044429,1,0,1,0
202609120016432,1,0,1,0
202609120035618,1,0,1,0
202609120000490,1,0,1,0
202609120030332,1,0,1,0
202609120031375,1,0,1,0
202609120005976,1,0,1,0
202609120016727,1,0,1,0
202609120019615,1,0,1,0
202609120031909,1,0,1,0
202609120049223,1,0,1,0
202609120010233,1,0,1,0
202609120048504,1,0,1,0
202609120012290,1,0,1,0
202609120024162,1,0,1,0
202609120026989,1,0,1,0
202609120011153,1,0,1,0
202609120034868,1,0,1,0
202609120002211,1,0,1,0
202609120008539,1,0,1,0
202609120016118,1,0,1,0
202609120029276,1,0,1,0
202609120042946,1,0,1,0
202609120018099,1,0,1,0
202609120015221,1,0,1,0
202609120029713,1,0,1,0
202609120023148,1,0,1,0
202609120023131,1,0,1,0
202609120045413,1,0,1,0
202609120004533,1,0,1,0
202609120047827,1,0,1,0
202609120030230,1,0,1,0
202609120037711,1,0,1,0
202609120007093,1,0,1,0
202609120024141,1,0,1,0
202609120002612,1,0,1,0
202609120043256,1,0,1,0
202609120039025,1,0,1,0
202609120043450,1,0,1,0
202609120022582,1,0,1,0
202609120049709,1,0,1,0
202609120024441,1,0,1,0
202609120046324,1,0,1,0
202609120034149,1,0,1,0
202609120047565,1,0,1,0
202609120031339,1,0,1,0
202609120007011,1,0,1,0
202609120015350,1,0,1,0
202609120010892,1,0,1,0
202609120013796,1,0,1,0
202609120006236,1,0,1,0
202609120035442,1,0,1,0
202609120007761,1,0,1,0
202609120019470,1,0,1,0
202609120046050,1,0,1,0
202609120019251,1,0,1,0
202609120036484,1,0,1,0
202609120026108,1,0,1,0
202609120035545,1,0,1,0
202609120040694,1,0,1,0
202609120025293,1,0,1,0
202609120009165,1,0,1,0
202609120045786,1,0,1,0
202609120002594,1,0,1,0
202609120034779,1,0,1,0
202609120029137,1,0,1,0
202609120027014,1,0,1,0
202609120026036,1,0,1,0
202609120012344,1,0,1,0
202609120001742,1,0,1,0
202609120047517,1,0,1,0
202609120021039,1,0,1,0
202609120048680,1,0,1,0
202609120014698,1,0,1,0
202609120005183,1,0,1,0
202609120036237,1,0,1,0
202609120011077,1,0,1,0
202609120035926,1,0,1,0
202609120012510,1,0,1,0
202609120013712,1,0,1,0
202609120029887,1,0,1,0
202609120032980,1,0,1,0
202609120005080,1,0,1,0
202609120037221,1,0,1,0
202609120012363,1,0,1,0
202609120017001,1,0,1,0
202609120028212,1,0,1,0
202609120006793,1,0,1,0
202609120028515,1,0,1,0
202609120042132,1,0,1,0
202609120008419,1,0,1,0
202609120004574,1,0,1,0
202609120010106,1,0,1,0
202609120045984,1,0,1,0
202609120008808,1,0,1,0
202609120047478,1,0,1,0
202609120048299,1,0,1,0
202609120036022,1,0,1,0
202609120046604,1,0,1,0
202609120016861,1,0,1,0
202609120013176,1,0,1,0
202609120045207,1,0,1,0
202609120004251,1,0,1,0
202609120034355,1,0,1,0
202609120027338,1,0,1,0
202609120036808,1,0,1,0
202609120022756,1,0,1,0
202609120041424,1,0,1,0
202609120006570,1,0,1,0
202609120018549,1,0,1,0
202609120001392,1,0,1,0
202609120028745,1,0,1,0
202609120010817,1,0,1,0
202609120049622,1,0,1,0
202609120033140,1,0,1,0
202609120044827,1,0,1,0
202609120013544,1,0,1,0
202609120009423,1,0,1,0
202609120041454,1,0,1,0
202609120024551,1,0,1,0
202609120042101,1,0,1,0
202609120028980,1,0,1,0
202609120037035,1,0,1,0
202609120003684,1,0,1,0
202609120010404,1,0,1,0
202609120022058,1,0,1,0
202609120008108,1,0,1,0
202609120024887,1,0,1,0
202609120009424,1,0,1,0
202609120006182,1,0,1,0
202609120031110,1,0,1,0
202609120018267,1,0,1,0
202609120038866,1,0,1,0
202609120048903,1,0,1,0
202609120024787,1,0,1,0
202609120022858,1,0,1,0
202609120022868,1,0,1,0
202609120035754,1,0,1,0
202609120006971,1,0,1,0
202609120023213,1,0,1,0
202609120017652,1,0,1,0
202609120015276,1,0,1,0
202609120031223,1,0,1,0
202609120032659,1,0,1,0
202609120033567,1,0,1,0
202609120043035,1,0,1,0
202609120011472,1,0,1,0
202609120025174,1,0,1,0
202609120047496,1,0,1,0
202609120036755,1,0,1,0
202609120005050,1,0,1,0
202609120003727,1,0,1,0
202609120017470,1,0,1,0
202609120022236,1,0,1,0
202609120003423,1,0,1,0
202609120036995,1,0,1,0
202609120037208,1,0,1,0
202609120000917,1,0,1,0
202609120013359,1,0,1,0
202609120030335,1,0,1,0
202609120021859,1,0,1,0
202609120008238,1,0,1,0
202609120045637,1,0,1,0
202609120047252,1,0,1,0
202609120049230,1,0,1,0
202609120040085,1,0,1,0
202609120012820,1,0,1,0
202609120036641,1,0,1,0
202609120022216,1,0,1,0
202609120044835,1,0,1,0
202609120041544,1,0,1,0
202609120026345,1,0,1,0
202609120032179,1,0,1,0
202609120009570,1,0,1,0
202609120047716,1,0,1,0
202609120008248,1,0,1,0
202609120030342,1,0,1,0
202609120049330,1,0,1,0
202609120008057,1,0,1,0
202609120034807,1,0,1,0
202609120013189,1,0,1,0
202609120021724,1,0,1,0
202609120048035,1,0,1,0
202609120005466,1,0,1,0
202609120025018,1,0,1,0
202609120038666,1,0,1,0
202609120024527,1,0,1,0
202609120008643,1,0,1,0
202609120002158,1,0,1,0
202609120003949,1,0,1,0
202609120004361,1,0,1,0
202609120006706,1,0,1,0
202609120043649,1,0,1,0
202609120027163,1,0,1,0
202609120041507,1,0,1,0
202609120014594,1,0,1,0
202609120037538,1,0,1,0
202609120042614,1,0,1,0
202609120007627,1,0,1,0
202609120005553,1,0,1,0
202609120002535,1,0,1,0
202609120025187,1,0,1,0
202609120046931,1,0,1,0
202609120044802,1,0,1,0
202609120020641,1,0,1,0
202609120047581,1,0,1,0
202609120044875,1,0,1,0
202609120000783,1,0,1,0
202609120022733,1,0,1,0
202609120026366,1,0,1,0
202609120003325,1,0,1,0
202609120021521,1,0,1,0
202609120045184,1,0,1,0
202609120040793,1,0,1,0
202609120005969,1,0,1,0
202609120015994,1,0,1,0
202609120023752,1,0,1,0
202609120043369,1,0,1,0
202609120008996,1,0,1,0
202609120042545,1,0,1,0
202609120028109,1,0,1,0
202609120005683,1,0,1,0
202609120017690,1,0,1,0
202609120002344,1,0,1,0
202609120001110,1,0,1,0
202609120041835,1,0,1,0
202609120011242,1,0,1,0
202609120044537,1,0,1,0
202609120047460,1,0,1,0
202609120013950,1,0,1,0
202609120014335,1,0,1,0
202609120007754,1,0,1,0
202609120027083,1,0,1,0
202609120039642,1,0,1,0
202609120007349,1,0,1,0
202609120039873,1,0,1,0
202609120044213,1,0,1,0
202609120017166,1,0,1,0
202609120009043,1,0,1,0
202609120022737,1,0,1,0
202609120015294,1,0,1,0
202609120014911,1,0,1,0
202609120043362,1,0,1,0
202609120023068,1,0,1,0
202609120016616,1,0,1,0
202609120012250,1,0,1,0
202609120012426,1,0,1,0
202609120027649,1,0,1,0
202609120036202,1,0,1,0
202609120001506,1,0,1,0
202609120007341,1,0,1,0
202609120032613,1,0,1,0
202609120023804,1,0,1,0
202609120040051,1,0,1,0
202609120023167,1,0,1,0
202609120006147,1,0,1,0
202609120006755,1,0,1,0
202609120016359,1,0,1,0
202609120006536,1,0,1,0
202609120010739,1,0,1,0
202609120048494,1,0,1,0
202609120001528,1,0,1,0
202609120012006,1,0,1,0
202609120017119,1,0,1,0
202609120006080,1,0,1,0
202609120021178,1,0,1,0
202609120023296,1,0,1,0
202609120045651,1,0,1,0
202609120044251,1,0,1,0
202609120000062,1,0,1,0
202609120002723,1,0,1,0
202609120041738,1,0,1,0
202609120013573,1,0,1,0
202609120029355,1,0,1,0
202609120033090,1,0,1,0
202609120002066,1,0,1,0
202609120009053,1,0,1,0
202609120043892,1,0,1,0
202609120001198,1,0,1,0
202609120000677,1,0,1,0
202609120043403,1,0,1,0
202609120008205,1,0,1,0
202609120015981,1,0,1,0
202609120009126,1,0,1,0
202609120037915,1,0,1,0
202609120023137,1,0,1,0
202609120043388,1,0,1,0
202609120003155,1,0,1,0
202609120016324,1,0,1,0
202609120043988,1,0,1,0
202609120039617,1,0,1,0
202609120000109,1,0,1,0
202609120021880,1,0,1,0
202609120043700,1,0,1,0
202609120001489,1,0,1,0
202609120012874,1,0,1,0
202609120028179,1,0,1,0
202609120019118,1,0,1,0
202609120016230,1,0,1,0
202609120044621,1,0,1,0
202609120010177,1,0,1,0
202609120005684,1,0,1,0
202609120044648,1,0,1,0
202609120035566,1,0,1,0
202609120043326,1,0,1,0
202609120047426,1,0,1,0
202609120032524,1,0,1,0
202609120006289,1,0,1,0
202609120014056,1,0,1,0
202609120008698,1,0,1,0
202609120028960,1,0,1,0
202609120033692,1,0,1,0
202609120027325,1,0,1,0
202609120048440,1,0,1,0
202609120000659,1,0,1,0
202609120040902,1,0,1,0
202609120004729,1,0,1,0
202609120030502,1,0,1,0
202609120002205,1,0,1,0
202609120034280,1,0,1,0
202609120031955,1,0,1,0
202609120032329,1,0,1,0
202609120032417,1,0,1,0
202609120013559,1,0,1,0
202609120032094,1,0,1,0
202609120019045,1,0,1,0
202609120029258,1,0,1,0
202609120003318,1,0,1,0
202609120047880,1,0,1,0
202609120030983,1,0,1,0
202609120009644,1,0,1,0
202609120037318,1,0,1,0
202609120025935,1,0,1,0
202609120032120,1,0,1,0
202609120038043,1,0,1,0
202609120002034,1,0,1,0
202609120033255,1,0,1,0
202609120028077,1,0,1,0
202609120009052,1,0,1,0
202609120049015,1,0,1,0
202609120029643,1,0,1,0
202609120042727,1,0,1,0
202609120047878,1,0,1,0
202609120016249,1,0,1,0
202609120033518,1,0,1,0
202609120028501,1,0,1,0
202609120019680,1,0,1,0
202609120019594,1,0,1,0
202609120001888,1,0,1,0
202609120042278,1,0,1,0
202609120031688,1,0,1,0
202609120040450,1,0,1,0
202609120046999,1,0,1,0
202609120007531,1,0,1,0
202609120039018,1,0,1,0
202609120035991,1,0,1,0
202609120001787,1,0,1,0
202609120029647,1,0,1,0
202609120027476,1,0,1,0
202609120044797,1,0,1,0
202609120031721,1,0,1,0
202609120027549,1,0,1,0
202609120046186,1,0,1,0
202609120015704,1,0,1,0
202609120000707,1,0,1,0
202609120003344,1,0,1,0
202609120034802,1,0,1,0
202609120003190,1,0,1,0
202609120029233,1,0,1,0
202609120019385,1,0,1,0
202609120035555,1,0,1,0
202609120041739,1,0,1,0
202609120039675,1,0,1,0
202609120036922,1,0,1,0
202609120020883,1,0,1,0
202609120005182,1,0,1,0
202609120027627,1,0,1,0
202609120014424,1,0,1,0
202609120005643,1,0,1,0
202609120040055,1,0,1,0
202609120048744,1,0,1,0
202609120032650,1,0,1,0
202609120046436,1,0,1,0
202609120018443,1,0,1,0
202609120017938,1,0,1,0
202609120044593,1,0,1,0
202609120014919,1,0,1,0
202609120012769,1,0,1,0
202609120036098,1,0,1,0
202609120039115,1,0,1,0
202609120010621,1,0,1,0
202609120036466,1,0,1,0
202609120015676,1,0,1,0
202609120049831,1,0,1,0
202609120033233,1,0,1,0
202609120035362,1,0,1,0
202609120032588,1,0,1,0
202609120019605,1,0,1,0
202609120000492,1,0,1,0
202609120037414,1,0,1,0
202609120000454,1,0,1,0
202609120041207,1,0,1,0
202609120024315,1,0,1,0
202609120030345,1,0,1,0
202609120039713,1,0,1,0
202609120010009,1,0,1,0
202609120040235,1,0,1,0
202609120007946,1,0,1,0
202609120020234,1,0,1,0
202609120022153,1,0,1,0
202609120036133,1,0,1,0
202609120042574,1,0,1,0
202609120031815,1,0,1,0
202609120003336,1,0,1,0
202609120012230,1,0,1,0
202609120045157,1,0,1,0
202609120038784,1,0,1,0
202609120026707,1,0,1,0
202609120042066,1,0,1,0
202609120024104,1,0,1,0
202609120021180,1,0,1,0
202609120007681,1,0,1,0
202609120044632,1,0,1,0
202609120021643,1,0,1,0
202609120037552,1,0,1,0
202609120024500,1,0,1,0
202609120029543,1,0,1,0
202609120008208,1,0,1,0
202609120023324,1,0,1,0
202609120014039,1,0,1,0
202609120033670,1,0,1,0
202609120049072,1,0,1,0
202609120026106,1,0,1,0
202609120018649,1,0,1,0
202609120023794,1,0,1,0
202609120025299,1,0,1,0
202609120047392,1,0,1,0
202609120027504,1,0,1,0
202609120046306,1,0,1,0
202609120038501,1,0,1,0
202609120017626,1,0,1,0
202609120032099,1,0,1,0
202609120034503,1,0,1,0
202609120018879,1,0,1,0
202609120006770,1,0,1,0
202609120010921,1,0,1,0
202609120033476,1,0,1,0
202609120043014,1,0,1,0
202609120026810,1,0,1,0
202609120022833,1,0,1,0
202609120000905,1,0,1,0
202609120047265,1,0,1,0
202609120010043,1,0,1,0
202609120006321,1,0,1,0
202609120004455,1,0,1,0
202609120035460,1,0,1,0
202609120021121,1,0,1,0
202609120005516,1,0,1,0
202609120017261,1,0,1,0
202609120013565,1,0,1,0
202609120007371,1,0,1,0
202609120004605,1,0,1,0
202609120045753,1,0,1,0
202609120001406,1,0,1,0
202609120032947,1,0,1,0
202609120037137,1,0,1,0
202609120032439,1,0,1,0
202609120046484,1,0,1,0
202609120022734,1,0,1,0
202609120039929,1,0,1,0
202609120014973,1,0,1,0
202609120006302,1,0,1,0
202609120037358,1,0,1,0
202609120020048,1,0,1,0
202609120028842,1,0,1,0
202609120032444,1,0,1,0
202609120029322,1,0,1,0
202609120029361,1,0,1,0
202609120038713,1,0,1,0
202609120037382,1,0,1,0
202609120042551,1,0,1,0
202609120036177,1,0,1,0
202609120017275,1,0,1,0
202609120046136,1,0,1,0
202609120016614,1,0,1,0
202609120044754,1,0,1,0
202609120012209,1,0,1,0
202609120043129,1,0,1,0
202609120015353,1,0,1,0
202609120049008,1,0,1,0
202609120007139,1,0,1,0
202609120002471,1,0,1,0
202609120022691,1,0,1,0
202609120031389,1,0,1,0
202609120010343,1,0,1,0
202609120008754,1,0,1,0
202609120010990,1,0,1,0
202609120000226,1,0,1,0
202609120008462,1,0,1,0
202609120043834,1,0,1,0
202609120033720,1,0,1,0
202609120034173,1,0,1,0
202609120017973,1,0,1,0
202609120021240,1,0,1,0
202609120008042,1,0,1,0
202609120016108,1,0,1,0
202609120019274,1,0,1,0
202609120023686,1,0,1,0
202609120019361,1,0,1,0
202609120016934,1,0,1,0
202609120042459,1,0,1,0
202609120007965,1,0,1,0
202609120017570,1,0,1,0
202609120036713,1,0,1,0
202609120010818,1,0,1,0
202609120001760,1,0,1,0
202609120045120,1,0,1,0
202609120032599,1,0,1,0
202609120035055,1,0,1,0
202609120036033,1,0,1,0
202609120020263,1,0,1,0
202609120018614,1,0,1,0
202609120015461,1,0,1,0
202609120034535,1,0,1,0
202609120015626,1,0,1,0
202609120017105,1,0,1,0
202609120003597,1,0,1,0
202609120033711,1,0,1,0
202609120009062,1,0,1,0
202609120011423,1,0,1,0
202609120007143,1,0,1,0
202609120031485,1,0,1,0
202609120012963,1,0,1,0
202609120037597,1,0,1,0
202609120006120,1,0,1,0
202609120014327,1,0,1,0
202609120001896,1,0,1,0
202609120004259,1,0,1,0
202609120016885,1,0,1,0
202609120041199,1,0,1,0
202609120020085,1,0,1,0
202609120032632,1,0,1,0
202609120046461,1,0,1,0
202609120035470,1,0,1,0
202609120031937,1,0,1,0
202609120043041,1,0,1,0
202609120031805,1,0,1,0
202609120011671,1,0,1,0
202609120029648,1,0,1,0
202609120014578,1,0,1,0
202609120001904,1,0,1,0
202609120001504,1,0,1,0
202609120002408,1,0,1,0
202609120047452,1,0,1,0
202609120000402,1,0,1,0
202609120021977,1,0,1,0
202609120028731,1,0,1,0
202609120006359,1,0,1,0
202609120013014,1,0,1,0
202609120037526,1,0,1,0
202609120040058,1,0,1,0
202609120021012,1,0,1,0
202609120026008,1,0,1,0
202609120001732,1,0,1,0
202609120027099,1,0,1,0
202609120044927,1,0,1,0
202609120033828,1,0,1,0
202609120042634,1,0,1,0
202609120035100,1,0,1,0
202609120036983,1,0,1,0
202609120002584,1,0,1,0
202609120033508,1,0,1,0
202609120008663,1,0,1,0
202609120014389,1,0,1,0
202609120026783,1,0,1,0
202609120002019,1,0,1,0
202609120037025,1,0,1,0
202609120003529,1,0,1,0
202609120020568,1,0,1,0
202609120012136,1,0,1,0
202609120029731,1,0,1,0
202609120005884,1,0,1,0
202609120043223,1,0,1,0
202609120036505,1,0,1,0
202609120025968,1,0,1,0
202609120025397,1,0,1,0
202609120008778,1,0,1,0
202609120033525,1,0,1,0
202609120047530,1,0,1,0
202609120004624,1,0,1,0
202609120005122,1,0,1,0
202609120040173,1,0,1,0
202609120008797,1,0,1,0
202609120001499,1,0,1,0
202609120005213,1,0,1,0
202609120027735,1,0,1,0
202609120022048,1,0,1,0
202609120039423,1,0,1,0
202609120044608,1,0,1,0
202609120019110,1,0,1,0
202609120006001,1,0,1,0
202609120044057,1,0,1,0
202609120015360,1,0,1,0
202609120009248,1,0,1,0
202609120010878,1,0,1,0
202609120012193,1,0,1,0
202609120034448,1,0,1,0
202609120049655,1,0,1,0
202609120033391,1,0,1,0
202609120016296,1,0,1,0
202609120013580,1,0,1,0
202609120004770,1,0,1,0
202609120024188,1,0,1,0
202609120017640,1,0,1,0
202609120005550,1,0,1,0
202609120016580,1,0,1,0
202609120008834,1,0,1,0
202609120011486,1,0,1,0
202609120035652,1,0,1,0
202609120014619,1,0,1,0
202609120025385,1,0,1,0
202609120020849,1,0,1,0
202609120018140,1,0,1,0
202609120033716,1,0,1,0
202609120045180,1,0,1,0
202609120002707,1,0,1,0
202609120038257,1,0,1,0
202609120046698,1,0,1,0
202609120038322,1,0,1,0
202609120036380,1,0,1,0
202609120046895,1,0,1,0
202609120003669,1,0,1,0
202609120031101,1,0,1,0
202609120015738,1,0,1,0
202609120048750,1,0,1,0
202609120003748,1,0,1,0
202609120035898,1,0,1,0
202609120035309,1,0,1,0
202609120008273,1,0,1,0
202609120015522,1,0,1,0
202609120010603,1,0,1,0
202609120005084,1,0,1,0
202609120009831,1,0,1,0
202609120021727,1,0,1,0
202609120011636,1,0,1,0
202609120022961,1,0,1,0
202609120030965,1,0,1,0
202609120011282,1,0,1,0
202609120039739,1,0,1,0
202609120029393,1,0,1,0
202609120019794,1,0,1,0
202609120008143,1,0,1,0
202609120011094,1,0,1,0
202609120022600,1,0,1,0
202609120005368,1,0,1,0
202609120048137,1,0,1,0
202609120027537,1,0,1,0
202609120025702,1,0,1,0
202609120039401,1,0,1,0
202609120007171,1,0,1,0
202609120010956,1,0,1,0
202609120047980,1,0,1,0
202609120018841,1,0,1,0
202609120027758,1,0,1,0
202609120004752,1,0,1,0
202609120023683,1,0,1,0
202609120048550,1,0,1,0
202609120032802,1,0,1,0
202609120031032,1,0,1,0
202609120035444,1,0,1,0
202609120011096,1,0,1,0
202609120040721,1,0,1,0
202609120037954,1,0,1,0
202609120014634,1,0,1,0
202609120025108,1,0,1,0
202609120018020,1,0,1,0
202609120018489,1,0,1,0
202609120033091,1,0,1,0
202609120048071,1,0,1,0
202609120025483,1,0,1,0
202609120018054,1,0,1,0
202609120039490,1,0,1,0
202609120034918,1,0,1,0
202609120006721,1,0,1,0
202609120034100,1,0,1,0
202609120010518,1,0,1,0
202609120034780,1,0,1,0
202609120039747,1,0,1,0
202609120018963,1,0,1,0
202609120014711,1,0,1,0
202609120010487,1,0,1,0
202609120022678,1,0,1,0
202609120040838,1,0,1,0
202609120017027,1,0,1,0
202609120023021,1,0,1,0
202609120028782,1,0,1,0
202609120046930,1,0,1,0
202609120019577,1,0,1,0
202609120049669,1,0,1,0
202609120040013,1,0,1,0
202609120008203,1,0,1,0
202609120012406,1,0,1,0
202609120002275,1,0,1,0
202609120027985,1,0,1,0
202609120033218,1,0,1,0
202609120036665,1,0,1,0
202609120042430,1,0,1,0
202609120004485,1,0,1,0
202609120020377,1,0,1,0
202609120037381,1,0,1,0
202609120045609,1,0,1,0
202609120048882,1,0,1,0
202609120007025,1,0,1,0
202609120048673,1,0,1,0
202609120022744,1,0,1,0
202609120043478,1,0,1,0
202609120001795,1,0,1,0
202609120024519,1,0,1,0
202609120029368,1,0,1,0
202609120020907,1,0,1,0
202609120006938,1,0,1,0
202609120025319,1,0,1,0
202609120015262,1,0,1,0
202609120011825,1,0,1,0
202609120046096,1,0,1,0
202609120024174,1,0,1,0
202609120021278,1,0,1,0
202609120040916,1,0,1,0
202609120037343,1,0,1,0
202609120037050,1,0,1,0
202609120030841,1,0,1,0
202609120004678,1,0,1,0
202609120020591,1,0,1,0
202609120011980,1,0,1,0
202609120019611,1,0,1,0
202609120042419,1,0,1,0
202609120012089,1,0,1,0
202609120017432,1,0,1,0
202609120034322,1,0,1,0
202609120033120,1,0,1,0
202609120042340,1,0,1,0
202609120009306,1,0,1,0
202609120047087,1,0,1,0
202609120033444,1,0,1,0
202609120012933,1,0,1,0
202609120027150,1,0,1,0
202609120018736,1,0,1,0
202609120043232,1,0,1,0
202609120025513,1,0,1,0
202609120023945,1,0,1,0
202609120001847,1,0,1,0
202609120004987,1,0,1,0
202609120004525,1,0,1,0
202609120034838,1,0,1,0
202609120025788,1,0,1,0
202609120042830,1,0,1,0
202609120019692,1,0,1,0
202609120003699,1,0,1,0
202609120037041,1,0,1,0
202609120008381,1,0,1,0
202609120042049,1,0,1,0
202609120022367,1,0,1,0
202609120041452,1,0,1,0
202609120041396,1,0,1,0
202609120021557,1,0,1,0
202609120015549,1,0,1,0
202609120042613,1,0,1,0
202609120041047,1,0,1,0
202609120028557,1,0,1,0
202609120032883,1,0,1,0
202609120003267,1,0,1,0
202609120032332,1,0,1,0
202609120004806,1,0,1,0
202609120014135,1,0,1,0
202609120016235,1,0,1,0
202609120007798,1,0,1,0
202609120030991,1,0,1,0
202609120004718,1,0,1,0
202609120001079,1,0,1,0
202609120012789,1,0,1,0
202609120008456,1,0,1,0
202609120017559,1,0,1,0
202609120005974,1,0,1,0
202609120024877,1,0,1,0
202609120037224,1,0,1,0
202609120047528,1,0,1,0
202609120004240,1,0,1,0
202609120037513,1,0,1,0
202609120039560,1,0,1,0
202609120011158,1,0,1,0
202609120001115,1,0,1,0
202609120015879,1,0,1,0
202609120017263,1,0,1,0
202609120017038,1,0,1,0
202609120006799,1,0,1,0
202609120024397,1,0,1,0
202609120018072,1,0,1,0
202609120034687,1,0,1,0
202609120047109,1,0,1,0
202609120026128,1,0,1,0
202609120030292,1,0,1,0
202609120003080,1,0,1,0
202609120002306,1,0,1,0
202609120014715,1,0,1,0
202609120031885,1,0,1,0
202609120011432,1,0,1,0
202609120027109,1,0,1,0
202609120043552,1,0,1,0
202609120033300,1,0,1,0
202609120003313,1,0,1,0
202609120030028,1,0,1,0
202609120045442,1,0,1,0
202609120005001,1,0,1,0
202609120026785,1,0,1,0
202609120036915,1,0,1,0
202609120018594,1,0,1,0
202609120034940,1,0,1,0
202609120044869,1,0,1,0
202609120023452,1,0,1,0
202609120034058,1,0,1,0
202609120012235,1,0,1,0
202609120025673,1,0,1,0
202609120030802,1,0,1,0
202609120004109,1,0,1,0
202609120030404,1,0,1,0
202609120045117,1,0,1,0
202609120044062,1,0,1,0
202609120005151,1,0,1,0
202609120015233,1,0,1,0
202609120041619,1,0,1,0
202609120029743,1,0,1,0
202609120049262,1,0,1,0
202609120035172,1,0,1,0
202609120012669,1,0,1,0
202609120004241,1,0,1,0
202609120033290,1,0,1,0
202609120003102,1,0,1,0
202609120035253,1,0,1,0
202609120023251,1,0,1,0
202609120003995,1,0,1,0
202609120006545,1,0,1,0
202609120037164,1,0,1,0
202609120019258,1,0,1,0
202609120030329,1,0,1,0
202609120049158,1,0,1,0
202609120019622,1,0,1,0
202609120026436,1,0,1,0
202609120004889,1,0,1,0
202609120040411,1,0,1,0
202609120009776,1,0,1,0
202609120040223,1,0,1,0
202609120008455,1,0,1,0
202609120046173,1,0,1,0
202609120021681,1,0,1,0
202609120020944,1,0,1,0
202609120042005,1,0,1,0
202609120001949,1,0,1,0
202609120021073,1,0,1,0
202609120011667,1,0,1,0
202609120004427,1,0,1,0
202609120012198,1,0,1,0
202609120010727,1,0,1,0
202609120042907,1,0,1,0
202609120045503,1,0,1,0
202609120007892,1,0,1,0
202609120035002,1,0,1,0
202609120028264,1,0,1,0
202609120033480,1,0,1,0
202609120014915,1,0,1,0
202609120020552,1,0,1,0
202609120029445,1,0,1,0
202609120044919,1,0,1,0
202609120042900,1,0,1,0
202609120003760,1,0,1,0
202609120011133,1,0,1,0
202609120027732,1,0,1,0
202609120028577,1,0,1,0
202609120039086,1,0,1,0
202609120000892,1,0,1,0
202609120040571,1,0,1,0
202609120037654,1,0,1,0
202609120047246,1,0,1,0
202609120045893,1,0,1,0
202609120049119,1,0,1,0
202609120019603,1,0,1,0
202609120017649,1,0,1,0
202609120033789,1,0,1,0
202609120019613,1,0,1,0
202609120045490,1,0,1,0
202609120026348,1,0,1,0
202609120049321,1,0,1,0
202609120012785,1,0,1,0
202609120012379,1,0,1,0
202609120000265,1,0,1,0
202609120040422,1,0,1,0
202609120022293,1,0,1,0
202609120022130,1,0,1,0
202609120024659,1,0,1,0
202609120026960,1,0,1,0
202609120036949,1,0,1,0
202609120018067,1,0,1,0
202609120043922,1,0,1,0
202609120033903,1,0,1,0
202609120033605,1,0,1,0
202609120027252,1,0,1,0
202609120005871,1,0,1,0
202609120032321,1,0,1,0
202609120027977,1,0,1,0
202609120040728,1,0,1,0
202609120001917,1,0,1,0
202609120024828,1,0,1,0
202609120045860,1,0,1,0
202609120024230,1,0,1,0
202609120024321,1,0,1,0
202609120030466,1,0,1,0
202609120016465,1,0,1,0
202609120033991,1,0,1,0
202609120047905,1,0,1,0
202609120038829,1,0,1,0
202609120043921,1,0,1,0
202609120035937,1,0,1,0
202609120011119,1,0,1,0
202609120008236,1,0,1,0
202609120013313,1,0,1,0
202609120011569,1,0,1,0
202609120029505,1,0,1,0
202609120015843,1,0,1,0
202609120025389,1,0,1,0
202609120013646,1,0,1,0
202609120045629,1,0,1,0
202609120038952,1,0,1,0
202609120019943,1,0,1,0
202609120018126,1,0,1,0
202609120036530,1,0,1,0
202609120012445,1,0,1,0
202609120048613,1,0,1,0
202609120015878,1,0,1,0
202609120019524,1,0,1,0
202609120020466,1,0,1,0
202609120004001,1,0,1,0
202609120034986,1,0,1,0
202609120044578,1,0,1,0
202609120007916,1,0,1,0
202609120042911,1,0,1,0
202609120010673,1,0,1,0
202609120023400,1,0,1,0
202609120007571,1,0,1,0
202609120035879,1,0,1,0
202609120022662,1,0,1,0
202609120020222,1,0,1,0
202609120030295,1,0,1,0
202609120023692,1,0,1,0
202609120048329,1,0,1,0
202609120049078,1,0,1,0
202609120029744,1,0,1,0
202609120043932,1,0,1,0
202609120044792,1,0,1,0
202609120030584,1,0,1,0
202609120030195,1,0,1,0
202609120038281,1,0,1,0
202609120047494,1,0,1,0
202609120021403,1,0,1,0
202609120035613,1,0,1,0
202609120016217,1,0,1,0
202609120026499,1,0,1,0
202609120034127,1,0,1,0
202609120049026,1,0,1,0
202609120004228,1,0,1,0
202609120044599,1,0,1,0
202609120025727,1,0,1,0
202609120010207,1,0,1,0
202609120040836,1,0,1,0
202609120049803,1,0,1,0
202609120011454,1,0,1,0
202609120023741,1,0,1,0
202609120047120,1,0,1,0
202609120043791,1,0,1,0
202609120018128,1,0,1,0
202609120033257,1,0,1,0
202609120025336,1,0,1,0
202609120012677,1,0,1,0
202609120034533,1,0,1,0
202609120034473,1,0,1,0
202609120036833,1,0,1,0
202609120002881,1,0,1,0
202609120006814,1,0,1,0
202609120020602,1,0,1,0
202609120024464,1,0,1,0
202609120044925,1,0,1,0
202609120015372,1,0,1,0
202609120042647,1,0,1,0
202609120012813,1,0,1,0
202609120045842,1,0,1,0
202609120025659,1,0,1,0
202609120012891,1,0,1,0
202609120049601,1,0,1,0
202609120015492,1,0,1,0
202609120015572,1,0,1,0
202609120015712,1,0,1,0
202609120006816,1,0,1,0
202609120024184,1,0,1,0
202609120036096,1,0,1,0
202609120028208,1,0,1,0
202609120013507,1,0,1,0
202609120044300,1,0,1,0
202609120024081,1,0,1,0
202609120034046,1,0,1,0
202609120026908,1,0,1,0
202609120013280,1,0,1,0
202609120016028,1,0,1,0
202609120003973,1,0,1,0
202609120030925,1,0,1,0
202609120047010,1,0,1,0
202609120036853,1,0,1,0
202609120005118,1,0,1,0
202609120031551,1,0,1,0
202609120010211,1,0,1,0
202609120032594,1,0,1,0
202609120010112,1,0,1,0
202609120021603,1,0,1,0
202609120010099,1,0,1,0
202609120010991,1,0,1,0
202609120014486,1,0,1,0
202609120014606,1,0,1,0
202609120012822,1,0,1,0
202609120039531,1,0,1,0
202609120022998,1,0,1,0
202609120030279,1,0,1,0
202609120034926,1,0,1,0
202609120042199,1,0,1,0
202609120023111,1,0,1,0
202609120026751,1,0,1,0
202609120008096,1,0,1,0
202609120023938,1,0,1,0
202609120035854,1,0,1,0
202609120002198,1,0,1,0
202609120033418,1,0,1,0
202609120014561,1,0,1,0
202609120035033,1,0,1,0
202609120030316,1,0,1,0
202609120000304,1,0,1,0
202609120002491,1,0,1,0
202609120042173,1,0,1,0
202609120021306,1,0,1,0
202609120031454,1,0,1,0
202609120020065,1,0,1,0
202609120002884,1,0,1,0
202609120028083,1,0,1,0
202609120024934,1,0,1,0
202609120011865,1,0,1,0
202609120003941,1,0,1,0
202609120048420,1,0,1,0
202609120000107,1,0,1,0
202609120011670,1,0,1,0
202609120007903,1,0,1,0
202609120020899,1,0,1,0
202609120002752,1,0,1,0
202609120012269,1,0,1,0
202609120012699,1,0,1,0
202609120009861,1,0,1,0
202609120011548,1,0,1,0
202609120007188,1,0,1,0
202609120025555,1,0,1,0
202609120042816,1,0,1,0
202609120001424,1,0,1,0
202609120022079,1,0,1,0
202609120042071,1,0,1,0
202609120000724,1,0,1,0
202609120045733,1,0,1,0
202609120010011,1,0,1,0
202609120023188,1,0,1,0
202609120016367,1,0,1,0
202609120041390,1,0,1,0
202609120033530,1,0,1,0
202609120002889,1,0,1,0
202609120045409,1,0,1,0
202609120035941,1,0,1,0
202609120021938,1,0,1,0
202609120026602,1,0,1,0
202609120011150,1,0,1,0
202609120044906,1,0,1,0
202609120003302,1,0,1,0
202609120014577,1,0,1,0
202609120020596,1,0,1,0
202609120049521,1,0,1,0
202609120024323,1,0,1,0
202609120012838,1,0,1,0
202609120015643,1,0,1,0
202609120008150,1,0,1,0
202609120032609,1,0,1,0
202609120007615,1,0,1,0
202609120019824,1,0,1,0
202609120018901,1,0,1,0
202609120040023,1,0,1,0
202609120014813,1,0,1,0
202609120041877,1,0,1,0
202609120011843,1,0,1,0
202609120032017,1,0,1,0
202609120047250,1,0,1,0
202609120033521,1,0,1,0
202609120028294,1,0,1,0
202609120039109,1,0,1,0
202609120042333,1,0,1,0
202609120040705,1,0,1,0
202609120000035,1,0,1,0
202609120002564,1,0,1,0
202609120028977,1,0,1,0
202609120043915,1,0,1,0
202609120034680,1,0,1,0
202609120043551,1,0,1,0
202609120036441,1,0,1,0
202609120009521,1,0,1,0
202609120023393,1,0,1,0
202609120002126,1,0,1,0
202609120008363,1,0,1,0
202609120008099,1,0,1,0
202609120042706,1,0,1,0
202609120044344,1,0,1,0
202609120020407,1,0,1,0
202609120044668,1,0,1,0
202609120019913,1,0,1,0
202609120023989,1,0,1,0
202609120019030,1,0,1,0
202609120017631,1,0,1,0
202609120021275,1,0,1,0
202609120025327,1,0,1,0
202609120014672,1,0,1,0
202609120002600,1,0,1,0
202609120033989,1,0,1,0
202609120024618,1,0,1,0
202609120038039,1,0,1,0
202609120015321,1,0,1,0
202609120016593,1,0,1,0
202609120033249,1,0,1,0
202609120034908,1,0,1,0
202609120007968,1,0,1,0
202609120020890,1,0,1,0
202609120001209,1,0,1,0
202609120015298,1,0,1,0
202609120009057,1,0,1,0
202609120048989,1,0,1,0
202609120042457,1,0,1,0
202609120023737,1,0,1,0
202609120035421,1,0,1,0
202609120035604,1,0,1,0
202609120018881,1,0,1,0
202609120018890,1,0,1,0
202609120018673,1,0,1,0
202609120023114,1,0,1,0
202609120039522,1,0,1,0
202609120008661,1,0,1,0
202609120037080,1,0,1,0
202609120046471,1,0,1,0
202609120007375,1,0,1,0
202609120036811,1,0,1,0
202609120012097,1,0,1,0
202609120002946,1,0,1,0
202609120022022,1,0,1,0
202609120027081,1,0,1,0
202609120047810,1,0,1,0
202609120037455,1,0,1,0
202609120000414,1,0,1,0
202609120048342,1,0,1,0
202609120006077,1,0,1,0
202609120038207,1,0,1,0
202609120005440,1,0,1,0
202609120035302,1,0,1,0
202609120016891,1,0,1,0
202609120030196,1,0,1,0
202609120021819,1,0,1,0
202609120009622,1,0,1,0
202609120020761,1,0,1,0
202609120026991,1,0,1,0
202609120018307,1,0,1,0
202609120025337,1,0,1,0
202609120013685,1,0,1,0
202609120029286,1,0,1,0
202609120026696,1,0,1,0
202609120029231,1,0,1,0
202609120028475,1,0,1,0
202609120029091,1,0,1,0
202609120042619,1,0,1,0
202609120021212,1,0,1,0
202609120017016,1,0,1,0
202609120037970,1,0,1,0
202609120036487,1,0,1,0
202609120039871,1,0,1,0
202609120007884,1,0,1,0
202609120015035,1,0,1,0
202609120038306,1,0,1,0
202609120049490,1,0,1,0
202609120040327,1,0,1,0
202609120027562,1,0,1,0
202609120038029,1,0,1,0
202609120027458,1,0,1,0
202609120002925,1,0,1,0
202609120004294,1,0,1,0
202609120013024,1,0,1,0
202609120046578,1,0,1,0
202609120022246,1,0,1,0
202609120027057,1,0,1,0
202609120037308,1,0,1,0
202609120004765,1,0,1,0
202609120023733,1,0,1,0
202609120032313,1,0,1,0
202609120031356,1,0,1,0
202609120006922,1,0,1,0
202609120006585,1,0,1,0
202609120003225,1,0,1,0
202609120028074,1,0,1,0
202609120039579,1,0,1,0
202609120011246,1,0,1,0
202609120012105,1,0,1,0
202609120011149,1,0,1,0
202609120007537,1,0,1,0
202609120042583,1,0,1,0
202609120004607,1,0,1,0
202609120015809,1,0,1,0
202609120007950,1,0,1,0
202609120032528,1,0,1,0
202609120038399,1,0,1,0
202609120001583,1,0,1,0
202609120021396,1,0,1,0
202609120024122,1,0,1,0
202609120029646,1,0,1,0
202609120017110,1,0,1,0
202609120021290,1,0,1,0
202609120043209,1,0,1,0
202609120033323,1,0,1,0
202609120036603,1,0,1,0
202609120022699,1,0,1,0
202609120031236,1,0,1,0
202609120039801,1,0,1,0
202609120048334,1,0,1,0
202609120023463,1,0,1,0
202609120043346,1,0,1,0
202609120043061,1,0,1,0
202609120047359,1,0,1,0
202609120022749,1,0,1,0
202609120047144,1,0,1,0
202609120019855,1,0,1,0
202609120041329,1,0,1,0
202609120029877,1,0,1,0
202609120046596,1,0,1,0
202609120037333,1,0,1,0
202609120010794,1,0,1,0
202609120041180,1,0,1,0
202609120026263,1,0,1,0
202609120021155,1,0,1,0
202609120029704,1,0,1,0
202609120030144,1,0,1,0
202609120026880,1,0,1,0
202609120005043,1,0,1,0
202609120047854,1,0,1,0
202609120008848,1,0,1,0
202609120044020,1,0,1,0
202609120006916,1,0,1,0
202609120036651,1,0,1,0
202609120022950,1,0,1,0
202609120014874,1,0,1,0
202609120021561,1,0,1,0
202609120024705,1,0,1,0
202609120042979,1,0,1,0
202609120026514,1,0,1,0
202609120040033,1,0,1,0
202609120049808,1,0,1,0
202609120012641,1,0,1,0
202609120017905,1,0,1,0
202609120016961,1,0,1,0
202609120039378,1,0,1,0
202609120045972,1,0,1,0
202609120028454,1,0,1,0
202609120024674,1,0,1,0
202609120008097,1,0,1,0
202609120022919,1,0,1,0
202609120034000,1,0,1,0
202609120001669,1,0,1,0
202609120015540,1,0,1,0
202609120048428,1,0,1,0
202609120008434,1,0,1,0
202609120026581,1,0,1,0
202609120041506,1,0,1,0
202609120030614,1,0,1,0
202609120011896,1,0,1,0
202609120014146,1,0,1,0
202609120006198,1,0,1,0
202609120028289,1,0,1,0
202609120010044,1,0,1,0
202609120025348,1,0,1,0
202609120011187,1,0,1,0
202609120013135,1,0,1,0
202609120026894,1,0,1,0
202609120013867,1,0,1,0
202609120047613,1,0,1,0
202609120036185,1,0,1,0
202609120005062,1,0,1,0
202609120006798,1,0,1,0
202609120031087,1,0,1,0
202609120016632,1,0,1,0
202609120048495,1,0,1,0
202609120016462,1,0,1,0
202609120023616,1,0,1,0
202609120019083,1,0,1,0
202609120041909,1,0,1,0
202609120006409,1,0,1,0
202609120033395,1,0,1,0
202609120009780,1,0,1,0
202609120039676,1,0,1,0
202609120006872,1,0,1,0
202609120020998,1,0,1,0
202609120035199,1,0,1,0
202609120037051,1,0,1,0
202609120034843,1,0,1,0
202609120018386,1,0,1,0
202609120002901,1,0,1,0
202609120032629,1,0,1,0
202609120032336,1,0,1,0
202609120048605,1,0,1,0
202609120023651,1,0,1,0
202609120027466,1,0,1,0
202609120035639,1,0,1,0
202609120024461,1,0,1,0
202609120034619,1,0,1,0
202609120020571,1,0,1,0
202609120047313,1,0,1,0
202609120032512,1,0,1,0
202609120037779,1,0,1,0
202609120002228,1,0,1,0
202609120047251,1,0,1,0
202609120046098,1,0,1,0
202609120036440,1,0,1,0
202609120038227,1,0,1,0
202609120027529,1,0,1,0
202609120030020,1,0,1,0
202609120031731,1,0,1,0
202609120003931,1,0,1,0
202609120027665,1,0,1,0
202609120047805,1,0,1,0
202609120036720,1,0,1,0
202609120025127,1,0,1,0
202609120020299,1,0,1,0
202609120040466,1,0,1,0
202609120004046,1,0,1,0
202609120025266,1,0,1,0
202609120006327,1,0,1,0
202609120016693,1,0,1,0
202609120015287,1,0,1,0
202609120036009,1,0,1,0
202609120011652,1,0,1,0
202609120000220,1,0,1,0
202609120035895,1,0,1,0
202609120026971,1,0,1,0
202609120020087,1,0,1,0
202609120048088,1,0,1,0
202609120001323,1,0,1,0
202609120032206,1,0,1,0
202609120031216,1,0,1,0
202609120022668,1,0,1,0
202609120015745,1,0,1,0
202609120032075,1,0,1,0
202609120006629,1,0,1,0
202609120017741,1,0,1,0
202609120039810,1,0,1,0
202609120025586,1,0,1,0
202609120013656,1,0,1,0
202609120005481,1,0,1,0
202609120029472,1,0,1,0
202609120003703,1,0,1,0
202609120043714,1,0,1,0
202609120035088,1,0,1,0
202609120028411,1,0,1,0
202609120043058,1,0,1,0
202609120023744,1,0,1,0
202609120038010,1,0,1,0
202609120011434,1,0,1,0
202609120026170,1,0,1,0
202609120033019,1,0,1,0
202609120034229,1,0,1,0
202609120001401,1,0,1,0
202609120007090,1,0,1,0
202609120030825,1,0,1,0
202609120024181,1,0,1,0
202609120032962,1,0,1,0
202609120032465,1,0,1,0
202609120032232,1,0,1,0
202609120024645,1,0,1,0
202609120009111,1,0,1,0
202609120029852,1,0,1,0
202609120006612,1,0,1,0
202609120019798,1,0,1,0
202609120048166,1,0,1,0
202609120003644,1,0,1,0
202609120039879,1,0,1,0
202609120049175,1,0,1,0
202609120029213,1,0,1,0
202609120019325,1,0,1,0
202609120014799,1,0,1,0
202609120028540,1,0,1,0
202609120019649,1,0,1,0
202609120026433,1,0,1,0
202609120039757,1,0,1,0
202609120015126,1,0,1,0
202609120001741,1,0,1,0
202609120031803,1,0,1,0
202609120049425,1,0,1,0
202609120017802,1,0,1,0
202609120029174,1,0,1,0
202609120043459,1,0,1,0
202609120012519,1,0,1,0
202609120035678,1,0,1,0
202609120047019,1,0,1,0
202609120043423,1,0,1,0
202609120006193,1,0,1,0
202609120022953,1,0,1,0
202609120022624,1,0,1,0
202609120032796,1,0,1,0
202609120039094,1,0,1,0
202609120036287,1,0,1,0
202609120032699,1,0,1,0
202609120012868,1,0,1,0
202609120008988,1,0,1,0
202609120017158,1,0,1,0
202609120001553,1,0,1,0
202609120029073,1,0,1,0
202609120010506,1,0,1,0
202609120036676,1,0,1,0
202609120012714,1,0,1,0
202609120038084,1,0,1,0
202609120047463,1,0,1,0
202609120016150,1,0,1,0
202609120036861,1,0,1,0
202609120045881,1,0,1,0
202609120049809,1,0,1,0
202609120014046,1,0,1,0
202609120012077,1,0,1,0
202609120023833,1,0,1,0
202609120036090,1,0,1,0
202609120018469,1,0,1,0
202609120028646,1,0,1,0
202609120029675,1,0,1,0
202609120010033,1,0,1,0
202609120042566,1,0,1,0
202609120026619,1,0,1,0
202609120010154,1,0,1,0
202609120026119,1,0,1,0
202609120026406,1,0,1,0
202609120022388,1,0,1,0
202609120000684,1,0,1,0
202609120044343,1,0,1,0
202609120046665,1,0,1,0
202609120048642,1,0,1,0
202609120040890,1,0,1,0
202609120017979,1,0,1,0
202609120025041,1,0,1,0
202609120006553,1,0,1,0
202609120020109,1,0,1,0
202609120008871,1,0,1,0
202609120034995,1,0,1,0
202609120034329,1,0,1,0
202609120003579,1,0,1,0
202609120039919,1,0,1,0
202609120035034,1,0,1,0
202609120009453,1,0,1,0
202609120014579,1,0,1,0
202609120041970,1,0,1,0
202609120047283,1,0,1,0
202609120033322,1,0,1,0
202609120005072,1,0,1,0
202609120041608,1,0,1,0
202609120008905,1,0,1,0
202609120047242,1,0,1,0
202609120039001,1,0,1,0
202609120010152,1,0,1,0
202609120025568,1,0,1,0
202609120010392,1,0,1,0
202609120026423,1,0,1,0
202609120043443,1,0,1,0
202609120037981,1,0,1,0
202609120045041,1,0,1,0
202609120042321,1,0,1,0
202609120047553,1,0,1,0
202609120042506,1,0,1,0
202609120001541,1,0,1,0
202609120023469,1,0,1,0
202609120014909,1,0,1,0
202609120023465,1,0,1,0
202609120038047,1,0,1,0
202609120040792,1,0,1,0
202609120002821,1,0,1,0
202609120002533,1,0,1,0
202609120033483,1,0,1,0
202609120031399,1,0,1,0
202609120024698,1,0,1,0
202609120004410,1,0,1,0
202609120019320,1,0,1,0
202609120044922,1,0,1,0
202609120015720,1,0,1,0
202609120021220,1,0,1,0
202609120048367,1,0,1,0
202609120005365,1,0,1,0
202609120013209,1,0,1,0
202609120016466,1,0,1,0
202609120029772,1,0,1,0
202609120016641,1,0,1,0
202609120016669,1,0,1,0
202609120045743,1,0,1,0
202609120015566,1,0,1,0
202609120040765,1,0,1,0
202609120031333,1,0,1,0
202609120005912,1,0,1,0
202609120043667,1,0,1,0
202609120032523,1,0,1,0
202609120032543,1,0,1,0
202609120032022,1,0,1,0
202609120039469,1,0,1,0
202609120021799,1,0,1,0
202609120041828,1,0,1,0
202609120019373,1,0,1,0
202609120037168,1,0,1,0
202609120022520,1,0,1,0
202609120041041,1,0,1,0
202609120008197,1,0,1,0
202609120002527,1,0,1,0
202609120023531,1,0,1,0
202609120022533,1,0,1,0
202609120046063,1,0,1,0
202609120043075,1,0,1,0
202609120041462,1,0,1,0
202609120024463,1,0,1,0
202609120005790,1,0,1,0
202609120036297,1,0,1,0
202609120020477,1,0,1,0
202609120037426,1,0,1,0
202609120037264,1,0,1,0
202609120013146,1,0,1,0
202609120019952,1,0,1,0
202609120017495,1,0,1,0
202609120039308,1,0,1,0
202609120031190,1,0,1,0
202609120004979,1,0,1,0
202609120000616,1,0,1,0
202609120023501,1,0,1,0
202609120037676,1,0,1,0
202609120037335,1,0,1,0
202609120015797,1,0,1,0
202609120013084,1,0,1,0
202609120043431,1,0,1,0
202609120011520,1,0,1,0
202609120029176,1,0,1,0
202609120041380,1,0,1,0
202609120049258,1,0,1,0
202609120025484,1,0,1,0
202609120023382,1,0,1,0
202609120004648,1,0,1,0
202609120007496,1,0,1,0
202609120029186,1,0,1,0
202609120006136,1,0,1,0
202609120005750,1,0,1,0
202609120001149,1,0,1,0
202609120019264,1,0,1,0
202609120003207,1,0,1,0
202609120018826,1,0,1,0
202609120020811,1,0,1,0
202609120029506,1,0,1,0
202609120021408,1,0,1,0
202609120019884,1,0,1,0
202609120047342,1,0,1,0
202609120047590,1,0,1,0
202609120035308,1,0,1,0
202609120023279,1,0,1,0
202609120008202,1,0,1,0
202609120032965,1,0,1,0
202609120007458,1,0,1,0
202609120021338,1,0,1,0
202609120009693,1,0,1,0
202609120007567,1,0,1,0
202609120033584,1,0,1,0
202609120019965,1,0,1,0
202609120017197,1,0,1,0
202609120043596,1,0,1,0
202609120044340,1,0,1,0
202609120027596,1,0,1,0
202609120013272,1,0,1,0
202609120011917,1,0,1,0
202609120005500,1,0,1,0
202609120035774,1,0,1,0
202609120012729,1,0,1,0
202609120030897,1,0,1,0
202609120047648,1,0,1,0
202609120003226,1,0,1,0
202609120042325,1,0,1,0
202609120036818,1,0,1,0
202609120008146,1,0,1,0
202609120000430,1,0,1,0
202609120015364,1,0,1,0
202609120004620,1,0,1,0
202609120042119,1,0,1,0
202609120023162,1,0,1,0
202609120036155,1,0,1,0
202609120019688,1,0,1,0
202609120008899,1,0,1,0
202609120001396,1,0,1,0
202609120030005,1,0,1,0
202609120022028,1,0,1,0
202609120041918,1,0,1,0
202609120045732,1,0,1,0
202609120045236,1,0,1,0
202609120021070,1,0,1,0
202609120008270,1,0,1,0
202609120021810,1,0,1,0
202609120043218,1,0,1,0
202609120049314,1,0,1,0
202609120007821,1,0,1,0
202609120026050,1,0,1,0
202609120049212,1,0,1,0
202609120012467,1,0,1,0
202609120023827,1,0,1,0
202609120006985,1,0,1,0
202609120046728,1,0,1,0
202609120003112,1,0,1,0
202609120021040,1,0,1,0
202609120015979,1,0,1,0
202609120033000,1,0,1,0
202609120014008,1,0,1,0
202609120017039,1,0,1,0
202609120023289,1,0,1,0
202609120028451,1,0,1,0
202609120003903,1,0,1,0
202609120031475,1,0,1,0
202609120002991,1,0,1,0
202609120040475,1,0,1,0
202609120014361,1,0,1,0
202609120042790,1,0,1,0
202609120019886,1,0,1,0
202609120006461,1,0,1,0
202609120000322,1,0,1,0
202609120024840,1,0,1,0
202609120032468,1,0,1,0
202609120042349,1,0,1,0
202609120037976,1,0,1,0
202609120026786,1,0,1,0
202609120005556,1,0,1,0
202609120048743,1,0,1,0
202609120031576,1,0,1,0
202609120017567,1,0,1,0
202609120041295,1,0,1,0
202609120020736,1,0,1,0
202609120018535,1,0,1,0
202609120024252,1,0,1,0
202609120019751,1,0,1,0
202609120009142,1,0,1,0
202609120015835,1,0,1,0
202609120007931,1,0,1,0
202609120004953,1,0,1,0
202609120049042,1,0,1,0
202609120018853,1,0,1,0
202609120023713,1,0,1,0
202609120000462,1,0,1,0
202609120014352,1,0,1,0
202609120027745,1,0,1,0
202609120048129,1,0,1,0
202609120035043,1,0,1,0
202609120043722,1,0,1,0
202609120047353,1,0,1,0
202609120026306,1,0,1,0
202609120014204,1,0,1,0
202609120011589,1,0,1,0
202609120017052,1,0,1,0
202609120042728,1,0,1,0
202609120002523,1,0,1,0
202609120011524,1,0,1,0
202609120037113,1,0,1,0
202609120039520,1,0,1,0
202609120046259,1,0,1,0
202609120021633,1,0,1,0
202609120016992,1,0,1,0
202609120033489,1,0,1,0
202609120037641,1,0,1,0
202609120008171,1,0,1,0
202609120026448,1,0,1,0
202609120030724,1,0,1,0
202609120024309,1,0,1,0
202609120044718,1,0,1,0
202609120022657,1,0,1,0
202609120036613,1,0,1,0
202609120040592,1,0,1,0
202609120006242,1,0,1,0
202609120018480,1,0,1,0
202609120013494,1,0,1,0
202609120005078,1,0,1,0
202609120021555,1,0,1,0
202609120014964,1,0,1,0
202609120047794,1,0,1,0
202609120014646,1,0,1,0
202609120032281,1,0,1,0
202609120005371,1,0,1,0
202609120014072,1,0,1,0
202609120025204,1,0,1,0
202609120005806,1,0,1,0
202609120047632,1,0,1,0
202609120040692,1,0,1,0
202609120031827,1,0,1,0
202609120026492,1,0,1,0
202609120015992,1,0,1,0
202609120002771,1,0,1,0
202609120004828,1,0,1,0
202609120010743,1,0,1,0
202609120020747,1,0,1,0
202609120033734,1,0,1,0
202609120007287,1,0,1,0
202609120030949,1,0,1,0
202609120021179,1,0,1,0
202609120011758,1,0,1,0
202609120025162,1,0,1,0
202609120026778,1,0,1,0
202609120020754,1,0,1,0
202609120033105,1,0,1,0
202609120047312,1,0,1,0
202609120016295,1,0,1,0
202609120031194,1,0,1,0
202609120017492,1,0,1,0
202609120046535,1,0,1,0
202609120017199,1,0,1,0
202609120015160,1,0,1,0
202609120013353,1,0,1,0
202609120015407,1,0,1,0
202609120048687,1,0,1,0
202609120020928,1,0,1,0
202609120009681,1,0,1,0
202609120041393,1,0,1,0
202609120028857,1,0,1,0
202609120035945,1,0,1,0
202609120021498,1,0,1,0
202609120000129,1,0,1,0
202609120032628,1,0,1,0
202609120007848,1,0,1,0
202609120037434,1,0,1,0
202609120001337,1,0,1,0
202609120037512,1,0,1,0
202609120042095,1,0,1,0
202609120012720,1,0,1,0
202609120026277,1,0,1,0
202609120024120,1,0,1,0
202609120029400,1,0,1,0
202609120004706,1,0,1,0
202609120016877,1,0,1,0
202609120035688,1,0,1,0
202609120029889,1,0,1,0
202609120005731,1,0,1,0
202609120032559,1,0,1,0
202609120000338,1,0,1,0
202609120033382,1,0,1,0
202609120034959,1,0,1,0
202609120005758,1,0,1,0
202609120033198,1,0,1,0
202609120022673,1,0,1,0
202609120002652,1,0,1,0
202609120025215,1,0,1,0
202609120028497,1,0,1,0
202609120045764,1,0,1,0
202609120047281,1,0,1,0
202609120013709,1,0,1,0
202609120024812,1,0,1,0
202609120037638,1,0,1,0
202609120005875,1,0,1,0
202609120046403,1,0,1,0
202609120002837,1,0,1,0
202609120020033,1,0,1,0
202609120030865,1,0,1,0
202609120020196,1,0,1,0
202609120024480,1,0,1,0
202609120048272,1,0,1,0
202609120004053,1,0,1,0
202609120036241,1,0,1,0
202609120013298,1,0,1,0
202609120034276,1,0,1,0
202609120009526,1,0,1,0
202609120007113,1,0,1,0
202609120023671,1,0,1,0
202609120018015,1,0,1,0
202609120033753,1,0,1,0
202609120040885,1,0,1,0
202609120028534,1,0,1,0
202609120003119,1,0,1,0
202609120018249,1,0,1,0
202609120025091,1,0,1,0
202609120025456,1,0,1,0
202609120009834,1,0,1,0
202609120033147,1,0,1,0
202609120025388,1,0,1,0
202609120018442,1,0,1,0
202609120039004,1,0,1,0
202609120007674,1,0,1,0
202609120034350,1,0,1,0
202609120014548,1,0,1,0
202609120022151,1,0,1,0
202609120037685,1,0,1,0
202609120017154,1,0,1,0
202609120015921,1,0,1,0
202609120017630,1,0,1,0
202609120009535,1,0,1,0
202609120008169,1,0,1,0
202609120008179,1,0,1,0
202609120037081,1,0,1,0
202609120021764,1,0,1,0
202609120012995,1,0,1,0
202609120045365,1,0,1,0
202609120036852,1,0,1,0
202609120017832,1,0,1,0
202609120047514,1,0,1,0
202609120029006,1,0,1,0
202609120035908,1,0,1,0
202609120037689,1,0,1,0
202609120031028,1,0,1,0
202609120024304,1,0,1,0
202609120005136,1,0,1,0
202609120025084,1,0,1,0
202609120030079,1,0,1,0
202609120049100,1,0,1,0
202609120025517,1,0,1,0
202609120018974,1,0,1,0
202609120048085,1,0,1,0
202609120015813,1,0,1,0
202609120020872,1,0,1,0
202609120041436,1,0,1,0
202609120014212,1,0,1,0
202609120022888,1,0,1,0
202609120026572,1,0,1,0
202609120007587,1,0,1,0
202609120022763,1,0,1,0
202609120005192,1,0,1,0
202609120023815,1,0,1,0
202609120026022,1,0,1,0
202609120047149,1,0,1,0
202609120000847,1,0,1,0
202609120044312,1,0,1,0
202609120015711,1,0,1,0
202609120046907,1,0,1,0
202609120023097,1,0,1,0
202609120040382,1,0,1,0
202609120018586,1,0,1,0
202609120026678,1,0,1,0
202609120048066,1,0,1,0
202609120019858,1,0,1,0
202609120037268,1,0,1,0
202609120019466,1,0,1,0
202609120022784,1,0,1,0
202609120029226,1,0,1,0
202609120045665,1,0,1,0
202609120047505,1,0,1,0
202609120024911,1,0,1,0
202609120019538,1,0,1,0
202609120009862,1,0,1,0
202609120026556,1,0,1,0
202609120002219,1,0,1,0
202609120009632,1,0,1,0
202609120004226,1,0,1,0
202609120004841,1,0,1,0
202609120028235,1,0,1,0
202609120007061,1,0,1,0
202609120020088,1,0,1,0
202609120021010,1,0,1,0
202609120018465,1,0,1,0
202609120016858,1,0,1,0
202609120026030,1,0,1,0
202609120005635,1,0,1,0
202609120019422,1,0,1,0
202609120011646,1,0,1,0
202609120018177,1,0,1,0
202609120009154,1,0,1,0
202609120044950,1,0,1,0
202609120021172,1,0,1,0
202609120046248,1,0,1,0
202609120019289,1,0,1,0
202609120026118,1,0,1,0
202609120049838,1,0,1,0
202609120036674,1,0,1,0
202609120037765,1,0,1,0
202609120022724,1,0,1,0
202609120048484,1,0,1,0
202609120015385,1,0,1,0
202609120019681,1,0,1,0
202609120042381,1,0,1,0
202609120007998,1,0,1,0
202609120029011,1,0,1,0
202609120024143,1,0,1,0
202609120032446,1,0,1,0
202609120028981,1,0,1,0
202609120001829,1,0,1,0
202609120018361,1,0,1,0
202609120041415,1,0,1,0
202609120032676,1,0,1,0
202609120049129,1,0,1,0
202609120019792,1,0,1,0
202609120035818,1,0,1,0
202609120019063,1,0,1,0
202609120003189,1,0,1,0
202609120024370,1,0,1,0
202609120048958,1,0,1,0
202609120003514,1,0,1,0
202609120022655,1,0,1,0
202609120035951,1,0,1,0
202609120016309,1,0,1,0
202609120008425,1,0,1,0
202609120019166,1,0,1,0
202609120030612,1,0,1,0
202609120016602,1,0,1,0
202609120002900,1,0,1,0
202609120004509,1,0,1,0
202609120023612,1,0,1,0
202609120011540,1,0,1,0
202609120024970,1,0,1,0
202609120043618,1,0,1,0
202609120007842,1,0,1,0
202609120045728,1,0,1,0
202609120036025,1,0,1,0
202609120036386,1,0,1,0
202609120024974,1,0,1,0
202609120027239,1,0,1,0
202609120037666,1,0,1,0
202609120027276,1,0,1,0
202609120014113,1,0,1,0
202609120041299,1,0,1,0
202609120032214,1,0,1,0
202609120041661,1,0,1,0
202609120027805,1,0,1,0
202609120031637,1,0,1,0
202609120033118,1,0,1,0
202609120013723,1,0,1,0
202609120023626,1,0,1,0
202609120038545,1,0,1,0
202609120035289,1,0,1,0
202609120006850,1,0,1,0
202609120005114,1,0,1,0
202609120007054,1,0,1,0
202609120026941,1,0,1,0
202609120020989,1,0,1,0
202609120043740,1,0,1,0
202609120025228,1,0,1,0
202609120037386,1,0,1,0
202609120031762,1,0,1,0
202609120044161,1,0,1,0
202609120030688,1,0,1,0
202609120020862,1,0,1,0
202609120001277,1,0,1,0
202609120025106,1,0,1,0
202609120023799,1,0,1,0
202609120042041,1,0,1,0
202609120007193,1,0,1,0
202609120034775,1,0,1,0
202609120019317,1,0,1,0
202609120044627,1,0,1,0
202609120028065,1,0,1,0
202609120009268,1,0,1,0
202609120002257,1,0,1,0
202609120027272,1,0,1,0
202609120024855,1,0,1,0
202609120023408,1,0,1,0
202609120013855,1,0,1,0
202609120000508,1,0,1,0
202609120017010,1,0,1,0
202609120017694,1,0,1,0
202609120032360,1,0,1,0
202609120027641,1,0,1,0
202609120041802,1,0,1,0
202609120013797,1,0,1,0
202609120046576,1,0,1,0
202609120032316,1,0,1,0
202609120008288,1,0,1,0
202609120008113,1,0,1,0
202609120020509,1,0,1,0
202609120027040,1,0,1,0
202609120022543,1,0,1,0
202609120003913,1,0,1,0
202609120019895,1,0,1,0
202609120007635,1,0,1,0
202609120008251,1,0,1,0
202609120010102,1,0,1,0
202609120022825,1,0,1,0
202609120023633,1,0,1,0
202609120001605,1,0,1,0
202609120045460,1,0,1,0
202609120032549,1,0,1,0
202609120003875,1,0,1,0
202609120006115,1,0,1,0
202609120034567,1,0,1,0
202609120006841,1,0,1,0
202609120033869,1,0,1,0
202609120025627,1,0,1,0
202609120031148,1,0,1,0
202609120014592,1,0,1,0
202609120021123,1,0,1,0
202609120022109,1,0,1,0
202609120048222,1,0,1,0
202609120037010,1,0,1,0
202609120014588,1,0,1,0
202609120020847,1,0,1,0
202609120004441,1,0,1,0
202609120040357,1,0,1,0
202609120044831,1,0,1,0
202609120025479,1,0,1,0
202609120014881,1,0,1,0
202609120046567,1,0,1,0
202609120041272,1,0,1,0
202609120023451,1,0,1,0
202609120044555,1,0,1,0
202609120033016,1,0,1,0
202609120005777,1,0,1,0
202609120009614,1,0,1,0
202609120023642,1,0,1,0
202609120042920,1,0,1,0
202609120038092,1,0,1,0
202609120018930,1,0,1,0
202609120039471,1,0,1,0
202609120012988,1,0,1,0
202609120047829,1,0,1,0
202609120002899,1,0,1,0
202609120042411,1,0,1,0
202609120038915,1,0,1,0
202609120032642,1,0,1,0
202609120014830,1,0,1,0
202609120015390,1,0,1,0
202609120008636,1,0,1,0
202609120026084,1,0,1,0
202609120040984,1,0,1,0
202609120049349,1,0,1,0
202609120009139,1,0,1,0
202609120001514,1,0,1,0
202609120039717,1,0,1,0
202609120028323,1,0,1,0
202609120017068,1,0,1,0
202609120035397,1,0,1,0
202609120023282,1,0,1,0
202609120030454,1,0,1,0
202609120047315,1,0,1,0
202609120045402,1,0,1,0
202609120002544,1,0,1,0
202609120006284,1,0,1,0
202609120043470,1,0,1,0
202609120026472,1,0,1,0
202609120010871,1,0,1,0
202609120030682,1,0,1,0
202609120002027,1,0,1,0
202609120009403,1,0,1,0
202609120001138,1,0,1,0
202609120005799,1,0,1,0
202609120023218,1,0,1,0
202609120008956,1,0,1,0
202609120032989,1,0,1,0
202609120011114,1,0,1,0
202609120036091,1,0,1,0
202609120043188,1,0,1,0
202609120046428,1,0,1,0
202609120045201,1,0,1,0
202609120023648,1,0,1,0
202609120048302,1,0,1,0
202609120045211,1,0,1,0
202609120047117,1,0,1,0
202609120005441,1,0,1,0
202609120044686,1,0,1,0
202609120020678,1,0,1,0
202609120006329,1,0,1,0
202609120011653,1,0,1,0
202609120047890,1,0,1,0
202609120013610,1,0,1,0
202609120047091,1,0,1,0
202609120027443,1,0,1,0
202609120040537,1,0,1,0
202609120016060,1,0,1,0
202609120035855,1,0,1,0
202609120041445,1,0,1,0
202609120022567,1,0,1,0
202609120040162,1,0,1,0
202609120031092,1,0,1,0
202609120009106,1,0,1,0
202609120011882,1,0,1,0
202609120008815,1,0,1,0
202609120032046,1,0,1,0
202609120033142,1,0,1,0
202609120019165,1,0,1,0
202609120026536,1,0,1,0
202609120019350,1,0,1,0
202609120008010,1,0,1,0
202609120038526,1,0,1,0
202609120019428,1,0,1,0
202609120039506,1,0,1,0
202609120003990,1,0,1,0
202609120011463,1,0,1,0
202609120034756,1,0,1,0
202609120042144,1,0,1,0
202609120019077,1,0,1,0
202609120036388,1,0,1,0
202609120021361,1,0,1,0
202609120044369,1,0,1,0
202609120039427,1,0,1,0
202609120009525,1,0,1,0
202609120023257,1,0,1,0
202609120044851,1,0,1,0
202609120003185,1,0,1,0
202609120010032,1,0,1,0
202609120035800,1,0,1,0
202609120022419,1,0,1,0
202609120042632,1,0,1,0
202609120015494,1,0,1,0
202609120021894,1,0,1,0
202609120010850,1,0,1,0
202609120022751,1,0,1,0
202609120041201,1,0,1,0
202609120021163,1,0,1,0
202609120017102,1,0,1,0
202609120005428,1,0,1,0
202609120000913,1,0,1,0
202609120001038,1,0,1,0
202609120021344,1,0,1,0
202609120030016,1,0,1,0
202609120026134,1,0,1,0
202609120020690,1,0,1,0
202609120010859,1,0,1,0
202609120028624,1,0,1,0
202609120043495,1,0,1,0
202609120043711,1,0,1,0
202609120038752,1,0,1,0
202609120004266,1,0,1,0
202609120029036,1,0,1,0
202609120000190,1,0,1,0
202609120044519,1,0,1,0
202609120037729,1,0,1,0
202609120013017,1,0,1,0
202609120002355,1,0,1,0
202609120047012,1,0,1,0
202609120004956,1,0,1,0
202609120032451,1,0,1,0
202609120013331,1,0,1,0
202609120040903,1,0,1,0
202609120018516,1,0,1,0
202609120032582,1,0,1,0
202609120028409,1,0,1,0
202609120001879,1,0,1,0
202609120048622,1,0,1,0
202609120017008,1,0,1,0
202609120030393,1,0,1,0
202609120033024,1,0,1,0
202609120046868,1,0,1,0
202609120016667,1,0,1,0
202609120040811,1,0,1,0
202609120037704,1,0,1,0
202609120020708,1,0,1,0
202609120026704,1,0,1,0
202609120000550,1,0,1,0
202609120003264,1,0,1,0
202609120029973,1,0,1,0
202609120004141,1,0,1,0
202609120047945,1,0,1,0
202609120027021,1,0,1,0
202609120035237,1,0,1,0
202609120030842,1,0,1,0
202609120028068,1,0,1,0
202609120019445,1,0,1,0
202609120030597,1,0,1,0
202609120019382,1,0,1,0
202609120049550,1,0,1,0
202609120032611,1,0,1,0
202609120045963,1,0,1,0
202609120020380,1,0,1,0
202609120016330,1,0,1,0
202609120011248,1,0,1,0
202609120018106,1,0,1,0
202609120024676,1,0,1,0
202609120012678,1,0,1,0
202609120040157,1,0,1,0
202609120046087,1,0,1,0
202609120049180,1,0,1,0
202609120022352,1,0,1,0
202609120037110,1,0,1,0
202609120014525,1,0,1,0
202609120034861,1,0,1,0
202609120038512,1,0,1,0
202609120004461,1,0,1,0
202609120025621,1,0,1,0
202609120015225,1,0,1,0
202609120012032,1,0,1,0
202609120019854,1,0,1,0
202609120032345,1,0,1,0
202609120042477,1,0,1,0
202609120044666,1,0,1,0
202609120041510,1,0,1,0
202609120021754,1,0,1,0
202609120048845,1,0,1,0
202609120049145,1,0,1,0
202609120012976,1,0,1,0
202609120017668,1,0,1,0
202609120036626,1,0,1,0
202609120018264,1,0,1,0
202609120047104,1,0,1,0
202609120004514,1,0,1,0
202609120046991,1,0,1,0
202609120015300,1,0,1,0
202609120012682,1,0,1,0
202609120014203,1,0,1,0
202609120009355,1,0,1,0
202609120021535,1,0,1,0
202609120010860,1,0,1,0
202609120005746,1,0,1,0
202609120026113,1,0,1,0
202609120028757,1,0,1,0
202609120002697,1,0,1,0
202609120031269,1,0,1,0
202609120021922,1,0,1,0
202609120046655,1,0,1,0
202609120034335,1,0,1,0
202609120024650,1,0,1,0
202609120019944,1,0,1,0
202609120017260,1,0,1,0
202609120004269,1,0,1,0
202609120040420,1,0,1,0
202609120036503,1,0,1,0
202609120008114,1,0,1,0
202609120025178,1,0,1,0
202609120024447,1,0,1,0
202609120035892,1,0,1,0
202609120001877,1,0,1,0
202609120049319,1,0,1,0
202609120044180,1,0,1,0
202609120021746,1,0,1,0
202609120036981,1,0,1,0
202609120011661,1,0,1,0
202609120030624,1,0,1,0
202609120014315,1,0,1,0
202609120004199,1,0,1,0
202609120007100,1,0,1,0
202609120040553,1,0,1,0
202609120039077,1,0,1,0
202609120007867,1,0,1,0
202609120024755,1,0,1,0
202609120017307,1,0,1,0
202609120017929,1,0,1,0
202609120048278,1,0,1,0
202609120046966,1,0,1,0
202609120011016,1,0,1,0
202609120020508,1,0,1,0
202609120039117,1,0,1,0
202609120036623,1,0,1,0
202609120029831,1,0,1,0
202609120045544,1,0,1,0
202609120015673,1,0,1,0
202609120007677,1,0,1,0
202609120039491,1,0,1,0
202609120035509,1,0,1,0
202609120035031,1,0,1,0
202609120024719,1,0,1,0
202609120010400,1,0,1,0
202609120022321,1,0,1,0
202609120026219,1,0,1,0
202609120041347,1,0,1,0
202609120045040,1,0,1,0
202609120004426,1,0,1,0
202609120007313,1,0,1,0
202609120003275,1,0,1,0
202609120027133,1,0,1,0
202609120039884,1,0,1,0
202609120009118,1,0,1,0
202609120010981,1,0,1,0
202609120025379,1,0,1,0
202609120020859,1,0,1,0
202609120025531,1,0,1,0
202609120045870,1,0,1,0
202609120007991,1,0,1,0
202609120022687,1,0,1,0
202609120019340,1,0,1,0
202609120035674,1,0,1,0
202609120021450,1,0,1,0
202609120044249,1,0,1,0
202609120030880,1,0,1,0
202609120046618,1,0,1,0
202609120020397,1,0,1,0
202609120019411,1,0,1,0
202609120035114,1,0,1,0
202609120049687,1,0,1,0
202609120044052,1,0,1,0
202609120027682,1,0,1,0
202609120028643,1,0,1,0
202609120028079,1,0,1,0
202609120004975,1,0,1,0
202609120012415,1,0,1,0
202609120034470,1,0,1,0
202609120046233,1,0,1,0
202609120047692,1,0,1,0
202609120010572,1,0,1,0
202609120047964,1,0,1,0
202609120037147,1,0,1,0
202609120032152,1,0,1,0
202609120036569,1,0,1,0
202609120004125,1,0,1,0
202609120024765,1,0,1,0
202609120010935,1,0,1,0
202609120015204,1,0,1,0
202609120023404,1,0,1,0
202609120008400,1,0,1,0
202609120008054,1,0,1,0
202609120027453,1,0,1,0
202609120042040,1,0,1,0
202609120017042,1,0,1,0
202609120034901,1,0,1,0
202609120048276,1,0,1,0
202609120008392,1,0,1,0
202609120014717,1,0,1,0
202609120005558,1,0,1,0
202609120009750,1,0,1,0
202609120000178,1,0,1,0
202609120006036,1,0,1,0
202609120009718,1,0,1,0
202609120027048,1,0,1,0
202609120028547,1,0,1,0
202609120040041,1,0,1,0
202609120034237,1,0,1,0
202609120026659,1,0,1,0
202609120018934,1,0,1,0
202609120042164,1,0,1,0
202609120020468,1,0,1,0
202609120003953,1,0,1,0
202609120018880,1,0,1,0
202609120012094,1,0,1,0
202609120008967,1,0,1,0
202609120004915,1,0,1,0
202609120049436,1,0,1,0
202609120043203,1,0,1,0
202609120038818,1,0,1,0
202609120032236,1,0,1,0
202609120039175,1,0,1,0
202609120027269,1,0,1,0
202609120038030,1,0,1,0
202609120000766,1,0,1,0
202609120040583,1,0,1,0
202609120011662,1,0,1,0
202609120045769,1,0,1,0
202609120017212,1,0,1,0
202609120018905,1,0,1,0
202609120034254,1,0,1,0
202609120018402,1,0,1,0
202609120007641,1,0,1,0
202609120034789,1,0,1,0
202609120045362,1,0,1,0
202609120005450,1,0,1,0
202609120011381,1,0,1,0
202609120037693,1,0,1,0
202609120035467,1,0,1,0
202609120003039,1,0,1,0
202609120042378,1,0,1,0
202609120049751,1,0,1,0
202609120007988,1,0,1,0
202609120033788,1,0,1,0
202609120026174,1,0,1,0
202609120039257,1,0,1,0
202609120035757,1,0,1,0
202609120021827,1,0,1,0
202609120021984,1,0,1,0
202609120027968,1,0,1,0
202609120015139,1,0,1,0
202609120024544,1,0,1,0
202609120032441,1,0,1,0
202609120024293,1,0,1,0
202609120033934,1,0,1,0
202609120005659,1,0,1,0
202609120031047,1,0,1,0
202609120046253,1,0,1,0
202609120020286,1,0,1,0
202609120040375,1,0,1,0
202609120033501,1,0,1,0
202609120032772,1,0,1,0
202609120043234,1,0,1,0
202609120025707,1,0,1,0
202609120025708,1,0,1,0
202609120015888,1,0,1,0
202609120016096,1,0,1,0
202609120037814,1,0,1,0
202609120027845,1,0,1,0
202609120023354,1,0,1,0
202609120010542,1,0,1,0
202609120016198,1,0,1,0
202609120033684,1,0,1,0
202609120001920,1,0,1,0
202609120010096,1,0,1,0
202609120001707,1,0,1,0
202609120023676,1,0,1,0
202609120039917,1,0,1,0
202609120022143,1,0,1,0
202609120035435,1,0,1,0
202609120033167,1,0,1,0
202609120001195,1,0,1,0
202609120044484,1,0,1,0
202609120047373,1,0,1,0
202609120026159,1,0,1,0
202609120012121,1,0,1,0
202609120008955,1,0,1,0
202609120001819,1,0,1,0
202609120044123,1,0,1,0
202609120005412,1,0,1,0
202609120001037,1,0,1,0
202609120018250,1,0,1,0
202609120007097,1,0,1,0
202609120040763,1,0,1,0
202609120039073,1,0,1,0
202609120014436,1,0,1,0
202609120029633,1,0,1,0
202609120019528,1,0,1,0
202609120008213,1,0,1,0
202609120031723,1,0,1,0
202609120009267,1,0,1,0
202609120038291,1,0,1,0
202609120041815,1,0,1,0
202609120028327,1,0,1,0
202609120002634,1,0,1,0
202609120003298,1,0,1,0
202609120007169,1,0,1,0
202609120016122,1,0,1,0
202609120046570,1,0,1,0
202609120011173,1,0,1,0
202609120021823,1,0,1,0
202609120020813,1,0,1,0
202609120039242,1,0,1,0
202609120038187,1,0,1,0
202609120049713,1,0,1,0
202609120003236,1,0,1,0
202609120048364,1,0,1,0
202609120001260,1,0,1,0
202609120001279,1,0,1,0
202609120039695,1,0,1,0
202609120026798,1,0,1,0
202609120036064,1,0,1,0
202609120020864,1,0,1,0
202609120046355,1,0,1,0
202609120008407,1,0,1,0
202609120027887,1,0,1,0
202609120031416,1,0,1,0
202609120007330,1,0,1,0
202609120041778,1,0,1,0
202609120008531,1,0,1,0
202609120009275,1,0,1,0
202609120002043,1,0,1,0
202609120003719,1,0,1,0
202609120013094,1,0,1,0
202609120035086,1,0,1,0
202609120020791,1,0,1,0
202609120047042,1,0,1,0
202609120032793,1,0,1,0
202609120018913,1,0,1,0
202609120012691,1,0,1,0
202609120010924,1,0,1,0
202609120004064,1,0,1,0
202609120009902,1,0,1,0
202609120049562,1,0,1,0
202609120034973,1,0,1,0
202609120021987,1,0,1,0
202609120047334,1,0,1,0
202609120039439,1,0,1,0
202609120043481,1,0,1,0
202609120016140,1,0,1,0
202609120038869,1,0,1,0
202609120003382,1,0,1,0
202609120027454,1,0,1,0
202609120024884,1,0,1,0
202609120045799,1,0,1,0
202609120041771,1,0,1,0
202609120042773,1,0,1,0
202609120018725,1,0,1,0
202609120027598,1,0,1,0
202609120031708,1,0,1,0
202609120013344,1,0,1,0
202609120002409,1,0,1,0
202609120002662,1,0,1,0
202609120021955,1,0,1,0
202609120005166,1,0,1,0
202609120006599,1,0,1,0
202609120039684,1,0,1,0
202609120026788,1,0,1,0
202609120023942,1,0,1,0
202609120008571,1,0,1,0
202609120030985,1,0,1,0
202609120045083,1,0,1,0
202609120026363,1,0,1,0
202609120017096,1,0,1,0
202609120035553,1,0,1,0
202609120033513,1,0,1,0
202609120022392,1,0,1,0
202609120023874,1,0,1,0
202609120029418,1,0,1,0
202609120043815,1,0,1,0
202609120029215,1,0,1,0
202609120034746,1,0,1,0
202609120015848,1,0,1,0
202609120016853,1,0,1,0
202609120001712,1,0,1,0
202609120047652,1,0,1,0
202609120034015,1,0,1,0
202609120025332,1,0,1,0
202609120030333,1,0,1,0
202609120026114,1,0,1,0
202609120044261,1,0,1,0
202609120042127,1,0,1,0
202609120012621,1,0,1,0
202609120019606,1,0,1,0
202609120029499,1,0,1,0
202609120014150,1,0,1,0
202609120039274,1,0,1,0
202609120033718,1,0,1,0
202609120040329,1,0,1,0
202609120034358,1,0,1,0
202609120031978,1,0,1,0
202609120020183,1,0,1,0
202609120019729,1,0,1,0
202609120026507,1,0,1,0
202609120017169,1,0,1,0
202609120024115,1,0,1,0
202609120007303,1,0,1,0
202609120031424,1,0,1,0
202609120042188,1,0,1,0
202609120013804,1,0,1,0
202609120017962,1,0,1,0
202609120030708,1,0,1,0
202609120046735,1,0,1,0
202609120017006,1,0,1,0
202609120023678,1,0,1,0
202609120020693,1,0,1,0
202609120034048,1,0,1,0
202609120005853,1,0,1,0
202609120032193,1,0,1,0
202609120046423,1,0,1,0
202609120030503,1,0,1,0
202609120016491,1,0,1,0
202609120047329,1,0,1,0
202609120004040,1,0,1,0
202609120039208,1,0,1,0
202609120009633,1,0,1,0
202609120009135,1,0,1,0
202609120032822,1,0,1,0
202609120037205,1,0,1,0
202609120045361,1,0,1,0
202609120010053,1,0,1,0
202609120002689,1,0,1,0
202609120041439,1,0,1,0
202609120026937,1,0,1,0
202609120013003,1,0,1,0
202609120011047,1,0,1,0
202609120032637,1,0,1,0
202609120001239,1,0,1,0
202609120024422,1,0,1,0
202609120012195,1,0,1,0
202609120001837,1,0,1,0
202609120021844,1,0,1,0
202609120044624,1,0,1,0
202609120027016,1,0,1,0
202609120014580,1,0,1,0
202609120009508,1,0,1,0
202609120008710,1,0,1,0
202609120045896,1,0,1,0
202609120001764,1,0,1,0
202609120025547,1,0,1,0
202609120036748,1,0,1,0
202609120046344,1,0,1,0
202609120020456,1,0,1,0
202609120005142,1,0,1,0
202609120047218,1,0,1,0
202609120036610,1,0,1,0
202609120006145,1,0,1,0
202609120010150,1,0,1,0
202609120019503,1,0,1,0
202609120019572,1,0,1,0
202609120017907,1,0,1,0
202609120000115,1,0,1,0
202609120037840,1,0,1,0
202609120010771,1,0,1,0
202609120037428,1,0,1,0
202609120032669,1,0,1,0
202609120003163,1,0,1,0
202609120040176,1,0,1,0
202609120043382,1,0,1,0
202609120027697,1,0,1,0
202609120003721,1,0,1,0
202609120026393,1,0,1,0
202609120017149,1,0,1,0
202609120013385,1,0,1,0
202609120039368,1,0,1,0
202609120018660,1,0,1,0
202609120014444,1,0,1,0
202609120022818,1,0,1,0
202609120017786,1,0,1,0
202609120016468,1,0,1,0
202609120017922,1,0,1,0
202609120012781,1,0,1,0
202609120032205,1,0,1,0
202609120016112,1,0,1,0
202609120007016,1,0,1,0
202609120022795,1,0,1,0
202609120007905,1,0,1,0
202609120022604,1,0,1,0
202609120031342,1,0,1,0
202609120015488,1,0,1,0
202609120006388,1,0,1,0
202609120004683,1,0,1,0
202609120016653,1,0,1,0
202609120039648,1,0,1,0
202609120003125,1,0,1,0
202609120006737,1,0,1,0
202609120025430,1,0,1,0
202609120031094,1,0,1,0
202609120016728,1,0,1,0
202609120040286,1,0,1,0
202609120046335,1,0,1,0
202609120047248,1,0,1,0
202609120023702,1,0,1,0
202609120037352,1,0,1,0
202609120021488,1,0,1,0
202609120003237,1,0,1,0
202609120018935,1,0,1,0
202609120007282,1,0,1,0
202609120004224,1,0,1,0
202609120011836,1,0,1,0
202609120030917,1,0,1,0
202609120025938,1,0,1,0
202609120036488,1,0,1,0
202609120048535,1,0,1,0
202609120033785,1,0,1,0
202609120018315,1,0,1,0
202609120031057,1,0,1,0
202609120004498,1,0,1,0
202609120030191,1,0,1,0
202609120019379,1,0,1,0
202609120040455,1,0,1,0
202609120008151,1,0,1,0
202609120048499,1,0,1,0
202609120033752,1,0,1,0
202609120038550,1,0,1,0
202609120021247,1,0,1,0
202609120006874,1,0,1,0
202609120039575,1,0,1,0
202609120016998,1,0,1,0
202609120017650,1,0,1,0
202609120041550,1,0,1,0
202609120000911,1,0,1,0
202609120033876,1,0,1,0
202609120034761,1,0,1,0
202609120036005,1,0,1,0
202609120022786,1,0,1,0
202609120030145,1,0,1,0
202609120022793,1,0,1,0
202609120013662,1,0,1,0
202609120002195,1,0,1,0
202609120001665,1,0,1,0
202609120011383,1,0,1,0
202609120048655,1,0,1,0
202609120016924,1,0,1,0
202609120027247,1,0,1,0
202609120030142,1,0,1,0
202609120037297,1,0,1,0
202609120041783,1,0,1,0
202609120000929,1,0,1,0
202609120033803,1,0,1,0
202609120049502,1,0,1,0
202609120008141,1,0,1,0
202609120045789,1,0,1,0
202609120039908,1,0,1,0
202609120004932,1,0,1,0
202609120038789,1,0,1,0
202609120002543,1,0,1,0
202609120036374,1,0,1,0
202609120038861,1,0,1,0
202609120048532,1,0,1,0
202609120049224,1,0,1,0
202609120025892,1,0,1,0
202609120001929,1,0,1,0
202609120042779,1,0,1,0
202609120017051,1,0,1,0
202609120021324,1,0,1,0
202609120037887,1,0,1,0
202609120021529,1,0,1,0
202609120043286,1,0,1,0
202609120014324,1,0,1,0
202609120013777,1,0,1,0
202609120041941,1,0,1,0
202609120042744,1,0,1,0
202609120028250,1,0,1,0
202609120012146,1,0,1,0
202609120014700,1,0,1,0
202609120015852,1,0,1,0
202609120036773,1,0,1,0
202609120039359,1,0,1,0
202609120040414,1,0,1,0
202609120030962,1,0,1,0
202609120034162,1,0,1,0
202609120026688,1,0,1,0
202609120020963,1,0,1,0
202609120020982,1,0,1,0
202609120020639,1,0,1,0
202609120031837,1,0,1,0
202609120046090,1,0,1,0
202609120000516,1,0,1,0
202609120006789,1,0,1,0
202609120045221,1,0,1,0
202609120037367,1,0,1,0
202609120043181,1,0,1,0
202609120046133,1,0,1,0
202609120025866,1,0,1,0
202609120022538,1,0,1,0
202609120046826,1,0,1,0
202609120046510,1,0,1,0
202609120045844,1,0,1,0
202609120005155,1,0,1,0
202609120002478,1,0,1,0
202609120021639,1,0,1,0
202609120028333,1,0,1,0
202609120044204,1,0,1,0
202609120033025,1,0,1,0
202609120006059,1,0,1,0
202609120030006,1,0,1,0
202609120007685,1,0,1,0
202609120029695,1,0,1,0
202609120021383,1,0,1,0
202609120041523,1,0,1,0
202609120014448,1,0,1,0
202609120047029,1,0,1,0
202609120007551,1,0,1,0
202609120042189,1,0,1,0
202609120011659,1,0,1,0
202609120037799,1,0,1,0
202609120038206,1,0,1,0
202609120026886,1,0,1,0
202609120012923,1,0,1,0
202609120033969,1,0,1,0
202609120003006,1,0,1,0
202609120007255,1,0,1,0
202609120018889,1,0,1,0
202609120007955,1,0,1,0
202609120018035,1,0,1,0
202609120012542,1,0,1,0
202609120020709,1,0,1,0
202609120010408,1,0,1,0
202609120025628,1,0,1,0
202609120032315,1,0,1,0
202609120033002,1,0,1,0
202609120018073,1,0,1,0
202609120006923,1,0,1,0
202609120041890,1,0,1,0
202609120028951,1,0,1,0
202609120017072,1,0,1,0
202609120025341,1,0,1,0
202609120017819,1,0,1,0
202609120032925,1,0,1,0
202609120044089,1,0,1,0
202609120038313,1,0,1,0
202609120048347,1,0,1,0
202609120035089,1,0,1,0
202609120016685,1,0,1,0
202609120019479,1,0,1,0
202609120017332,1,0,1,0
202609120022846,1,0,1,0
202609120011491,1,0,1,0
202609120045261,1,0,1,0
202609120007954,1,0,1,0
202609120015760,1,0,1,0
202609120028975,1,0,1,0
202609120043999,1,0,1,0
202609120023185,1,0,1,0
202609120002429,1,0,1,0
202609120034677,1,0,1,0
202609120038544,1,0,1,0
202609120016886,1,0,1,0
202609120031622,1,0,1,0
202609120022082,1,0,1,0
202609120034424,1,0,1,0
202609120001402,1,0,1,0
202609120009589,1,0,1,0
202609120039529,1,0,1,0
202609120025247,1,0,1,0
202609120042924,1,0,1,0
202609120025071,1,0,1,0
202609120027202,1,0,1,0
202609120007015,1,0,1,0
202609120015156,1,0,1,0
202609120027701,1,0,1,0
202609120017781,1,0,1,0
202609120033456,1,0,1,0
202609120002885,1,0,1,0
202609120005546,1,0,1,0
202609120001840,1,0,1,0
202609120035803,1,0,1,0
202609120024003,1,0,1,0
202609120048826,1,0,1,0
202609120013880,1,0,1,0
202609120038598,1,0,1,0
202609120025511,1,0,1,0
202609120036564,1,0,1,0
202609120039941,1,0,1,0
202609120049181,1,0,1,0
202609120010447,1,0,1,0
202609120008016,1,0,1,0
202609120006488,1,0,1,0
202609120007224,1,0,1,0
202609120011928,1,0,1,0
202609120030044,1,0,1,0
202609120025023,1,0,1,0
202609120040112,1,0,1,0
202609120027485,1,0,1,0
202609120036990,1,0,1,0
202609120047050,1,0,1,0
202609120025764,1,0,1,0
202609120036863,1,0,1,0
202609120046593,1,0,1,0
202609120008216,1,0,1,0
202609120025918,1,0,1,0
202609120039731,1,0,1,0
202609120000569,1,0,1,0
202609120025185,1,0,1,0
202609120005581,1,0,1,0
202609120013054,1,0,1,0
202609120003803,1,0,1,0
202609120006087,1,0,1,0
202609120027907,1,0,1,0
202609120035722,1,0,1,0
202609120023682,1,0,1,0
202609120003880,1,0,1,0
202609120038266,1,0,1,0
202609120006563,1,0,1,0
202609120004344,1,0,1,0
202609120046094,1,0,1,0
202609120027959,1,0,1,0
202609120044713,1,0,1,0
202609120035998,1,0,1,0
202609120011024,1,0,1,0
202609120026554,1,0,1,0
202609120034548,1,0,1,0
202609120021765,1,0,1,0
202609120018625,1,0,1,0
202609120009567,1,0,1,0
202609120049599,1,0,1,0
202609120005664,1,0,1,0
202609120037703,1,0,1,0
202609120017000,1,0,1,0
202609120009282,1,0,1,0
202609120002907,1,0,1,0
202609120038654,1,0,1,0
202609120008454,1,0,1,0
202609120042070,1,0,1,0
202609120019157,1,0,1,0
202609120001569,1,0,1,0
202609120032461,1,0,1,0
202609120006565,1,0,1,0
202609120016339,1,0,1,0
202609120010768,1,0,1,0
202609120013400,1,0,1,0
202609120028984,1,0,1,0
202609120026935,1,0,1,0
202609120015677,1,0,1,0
202609120029979,1,0,1,0
202609120027554,1,0,1,0
202609120032844,1,0,1,0
202609120003864,1,0,1,0
202609120007972,1,0,1,0
202609120045607,1,0,1,0
202609120021391,1,0,1,0
202609120022315,1,0,1,0
202609120040440,1,0,1,0
202609120005632,1,0,1,0
202609120032851,1,0,1,0
202609120007106,1,0,1,0
202609120015418,1,0,1,0
202609120043871,1,0,1,0
202609120007062,1,0,1,0
202609120044810,1,0,1,0
202609120045181,1,0,1,0
202609120041461,1,0,1,0
202609120033553,1,0,1,0
202609120032052,1,0,1,0
202609120009099,1,0,1,0
202609120031502,1,0,1,0
202609120027733,1,0,1,0
202609120040655,1,0,1,0
202609120015381,1,0,1,0
202609120036684,1,0,1,0
202609120029460,1,0,1,0
202609120048322,1,0,1,0
202609120006966,1,0,1,0
202609120016456,1,0,1,0
202609120012764,1,0,1,0
202609120001978,1,0,1,0
202609120031604,1,0,1,0
202609120026609,1,0,1,0
202609120030564,1,0,1,0
202609120018817,1,0,1,0
202609120022349,1,0,1,0
202609120026241,1,0,1,0
202609120013617,1,0,1,0
202609120040436,1,0,1,0
202609120019134,1,0,1,0
202609120000071,1,0,1,0
202609120015119,1,0,1,0
202609120046757,1,0,1,0
202609120024451,1,0,1,0
202609120008468,1,0,1,0
202609120033542,1,0,1,0
202609120014575,1,0,1,0
202609120040356,1,0,1,0
202609120032839,1,0,1,0
202609120003968,1,0,1,0
202609120041457,1,0,1,0
202609120010329,1,0,1,0
202609120033623,1,0,1,0
202609120000582,1,0,1,0
202609120017352,1,0,1,0
202609120006007,1,0,1,0
202609120035311,1,0,1,0
202609120008852,1,0,1,0
202609120024677,1,0,1,0
202609120018182,1,0,1,0
202609120010814,1,0,1,0
202609120023954,1,0,1,0
202609120002897,1,0,1,0
202609120039895,1,0,1,0
202609120049190,1,0,1,0
202609120027523,1,0,1,0
202609120011164,1,0,1,0
202609120021460,1,0,1,0
202609120036403,1,0,1,0
202609120021976,1,0,1,0
202609120045125,1,0,1,0
202609120020171,1,0,1,0
202609120028063,1,0,1,0
202609120008943,1,0,1,0
202609120008798,1,0,1,0
202609120042135,1,0,1,0
202609120021794,1,0,1,0
202609120023062,1,0,1,0
202609120013273,1,0,1,0
202609120024956,1,0,1,0
202609120028527,1,0,1,0
202609120035436,1,0,1,0
202609120031665,1,0,1,0
202609120041519,1,0,1,0
202609120040806,1,0,1,0
202609120006933,1,0,1,0
202609120016442,1,0,1,0
202609120027863,1,0,1,0
202609120029587,1,0,1,0
202609120042964,1,0,1,0
202609120015807,1,0,1,0
202609120047085,1,0,1,0
202609120019904,1,0,1,0
202609120047507,1,0,1,0
202609120037613,1,0,1,0
202609120011439,1,0,1,0
202609120022560,1,0,1,0
202609120045551,1,0,1,0
202609120036301,1,0,1,0
202609120028579,1,0,1,0
202609120017848,1,0,1,0
202609120039235,1,0,1,0
202609120011538,1,0,1,0
202609120048157,1,0,1,0
202609120048702,1,0,1,0
202609120014191,1,0,1,0
202609120041974,1,0,1,0
202609120022956,1,0,1,0
202609120022777,1,0,1,0
202609120024637,1,0,1,0
202609120025669,1,0,1,0
202609120033481,1,0,1,0
202609120001589,1,0,1,0
202609120048547,1,0,1,0
202609120013631,1,0,1,0
202609120006355,1,0,1,0
202609120036120,1,0,1,0
202609120020749,1,0,1,0
202609120037144,1,0,1,0
202609120029565,1,0,1,0
202609120004155,1,0,1,0
202609120021389,1,0,1,0
202609120019302,1,0,1,0
202609120014023,1,0,1,0
202609120018362,1,0,1,0
202609120036845,1,0,1,0
202609120004598,1,0,1,0
202609120001895,1,0,1,0
202609120015586,1,0,1,0
202609120015656,1,0,1,0
202609120026605,1,0,1,0
202609120025343,1,0,1,0
202609120019540,1,0,1,0
202609120007847,1,0,1,0
202609120003408,1,0,1,0
202609120004902,1,0,1,0
202609120005615,1,0,1,0
202609120035687,1,0,1,0
202609120042875,1,0,1,0
202609120048557,1,0,1,0
202609120033402,1,0,1,0
202609120016977,1,0,1,0
202609120038684,1,0,1,0
202609120029574,1,0,1,0
202609120043821,1,0,1,0
202609120036912,1,0,1,0
202609120013485,1,0,1,0
202609120006839,1,0,1,0
202609120007288,1,0,1,0
202609120033052,1,0,1,0
202609120001097,1,0,1,0
202609120031264,1,0,1,0
202609120037746,1,0,1,0
202609120035215,1,0,1,0
202609120009922,1,0,1,0
202609120021658,1,0,1,0
202609120044010,1,0,1,0
202609120001965,1,0,1,0
202609120003583,1,0,1,0
202609120044644,1,0,1,0
202609120011857,1,0,1,0
202609120039047,1,0,1,0
202609120007756,1,0,1,0
202609120044287,1,0,1,0
202609120047603,1,0,1,0
202609120034313,1,0,1,0
202609120037342,1,0,1,0
202609120049126,1,0,1,0
202609120014266,1,0,1,0
202609120001320,1,0,1,0
202609120033568,1,0,1,0
202609120036868,1,0,1,0
202609120016771,1,0,1,0
202609120028090,1,0,1,0
202609120009375,1,0,1,0
202609120021779,1,0,1,0
202609120043839,1,0,1,0
202609120036209,1,0,1,0
202609120010193,1,0,1,0
202609120014464,1,0,1,0
202609120020643,1,0,1,0
202609120045615,1,0,1,0
202609120001172,1,0,1,0
202609120024972,1,0,1,0
202609120044140,1,0,1,0
202609120034547,1,0,1,0
202609120010446,1,0,1,0
202609120033875,1,0,1,0
202609120000576,1,0,1,0
202609120031371,1,0,1,0
202609120019481,1,0,1,0
202609120032085,1,0,1,0
202609120008088,1,0,1,0
202609120014228,1,0,1,0
202609120027558,1,0,1,0
202609120029262,1,0,1,0
202609120032479,1,0,1,0
202609120044438,1,0,1,0
202609120049070,1,0,1,0
202609120048843,1,0,1,0
202609120046810,1,0,1,0
202609120042170,1,0,1,0
202609120016870,1,0,1,0
202609120007053,1,0,1,0
202609120042517,1,0,1,0
202609120027211,1,0,1,0
202609120035959,1,0,1,0
202609120009790,1,0,1,0
202609120013268,1,0,1,0
202609120010483,1,0,1,0
202609120003618,1,0,1,0
202609120038825,1,0,1,0
202609120049722,1,0,1,0
202609120045280,1,0,1,0
202609120038595,1,0,1,0
202609120026709,1,0,1,0
202609120040405,1,0,1,0
202609120000439,1,0,1,0
202609120037951,1,0,1,0
202609120007328,1,0,1,0
202609120028523,1,0,1,0
202609120027720,1,0,1,0
202609120022051,1,0,1,0
202609120002891,1,0,1,0
202609120047264,1,0,1,0
202609120019324,1,0,1,0
202609120034330,1,0,1,0
202609120043844,1,0,1,0
202609120045977,1,0,1,0
202609120017719,1,0,1,0
202609120010027,1,0,1,0
202609120031655,1,0,1,0
202609120021898,1,0,1,0
202609120032911,1,0,1,0
202609120046646,1,0,1,0
202609120006879,1,0,1,0
202609120045783,1,0,1,0
202609120024493,1,0,1,0
202609120011359,1,0,1,0
202609120047225,1,0,1,0
202609120015722,1,0,1,0
202609120037977,1,0,1,0
202609120022862,1,0,1,0
202609120049267,1,0,1,0
202609120044728,1,0,1,0
202609120021071,1,0,1,0
202609120046408,1,0,1,0
202609120049756,1,0,1,0
202609120023707,1,0,1,0
202609120030392,1,0,1,0
202609120010051,1,0,1,0
202609120030545,1,0,1,0
202609120043308,1,0,1,0
202609120015473,1,0,1,0
202609120039432,1,0,1,0
202609120008622,1,0,1,0
202609120016387,1,0,1,0
202609120035921,1,0,1,0
202609120005408,1,0,1,0
202609120015556,1,0,1,0
202609120037436,1,0,1,0
202609120006512,1,0,1,0
202609120037790,1,0,1,0
202609120034752,1,0,1,0
202609120018389,1,0,1,0
202609120000395,1,0,1,0
202609120042518,1,0,1,0
202609120020992,1,0,1,0
202609120034031,1,0,1,0
202609120024709,1,0,1,0
202609120041001,1,0,1,0
202609120044965,1,0,1,0
202609120000966,1,0,1,0
202609120041266,1,0,1,0
202609120012985,1,0,1,0
202609120048768,1,0,1,0
202609120040350,1,0,1,0
202609120018274,1,0,1,0
202609120025198,1,0,1,0
202609120006976,1,0,1,0
202609120011474,1,0,1,0
202609120045919,1,0,1,0
202609120004246,1,0,1,0
202609120003792,1,0,1,0
202609120031176,1,0,1,0
202609120033613,1,0,1,0
202609120016798,1,0,1,0
202609120039154,1,0,1,0
202609120043631,1,0,1,0
202609120032675,1,0,1,0
202609120011123,1,0,1,0
202609120015273,1,0,1,0
202609120025345,1,0,1,0
202609120025021,1,0,1,0
202609120033578,1,0,1,0
202609120047123,1,0,1,0
202609120030440,1,0,1,0
202609120048118,1,0,1,0
202609120009960,1,0,1,0
202609120025844,1,0,1,0
202609120049091,1,0,1,0
202609120017664,1,0,1,0
202609120019253,1,0,1,0
202609120049102,1,0,1,0
202609120014413,1,0,1,0
202609120026860,1,0,1,0
202609120042493,1,0,1,0
202609120016668,1,0,1,0
202609120028573,1,0,1,0
202609120010299,1,0,1,0
202609120012072,1,0,1,0
202609120003465,1,0,1,0
202609120013403,1,0,1,0
202609120014978,1,0,1,0
202609120006797,1,0,1,0
202609120038868,1,0,1,0
202609120042072,1,0,1,0
202609120049748,1,0,1,0
202609120023669,1,0,1,0
202609120045458,1,0,1,0
202609120022379,1,0,1,0
202609120003394,1,0,1,0
202609120041829,1,0,1,0
202609120032178,1,0,1,0
202609120044137,1,0,1,0
202609120048825,1,0,1,0
202609120015753,1,0,1,0
202609120005085,1,0,1,0
202609120012828,1,0,1,0
202609120035585,1,0,1,0
202609120005700,1,0,1,0
202609120002911,1,0,1,0
202609120034497,1,0,1,0
202609120042865,1,0,1,0
202609120040964,1,0,1,0
202609120029488,1,0,1,0
202609120007141,1,0,1,0
202609120019617,1,0,1,0
202609120024541,1,0,1,0
202609120004642,1,0,1,0
202609120045075,1,0,1,0
202609120045899,1,0,1,0
202609120023204,1,0,1,0
202609120004801,1,0,1,0
202609120028296,1,0,1,0
202609120013133,1,0,1,0
202609120023805,1,0,1,0
202609120046327,1,0,1,0
202609120024434,1,0,1,0
202609120020462,1,0,1,0
202609120019031,1,0,1,0
202609120018450,1,0,1,0
202609120029811,1,0,1,0
202609120040835,1,0,1,0
202609120043575,1,0,1,0
202609120012461,1,0,1,0
202609120033172,1,0,1,0
202609120023481,1,0,1,0
202609120006634,1,0,1,0
202609120036422,1,0,1,0
202609120001659,1,0,1,0
202609120031207,1,0,1,0
202609120030093,1,0,1,0
202609120028050,1,0,1,0
202609120003133,1,0,1,0
202609120012687,1,0,1,0
202609120035419,1,0,1,0
202609120010556,1,0,1,0
202609120013456,1,0,1,0
202609120033550,1,0,1,0
202609120015445,1,0,1,0
202609120014553,1,0,1,0
202609120022898,1,0,1,0
202609120015961,1,0,1,0
202609120009164,1,0,1,0
202609120025528,1,0,1,0
202609120042042,1,0,1,0
202609120046464,1,0,1,0
202609120040872,1,0,1,0
202609120017220,1,0,1,0
202609120037910,1,0,1,0
202609120044602,1,0,1,0
202609120004415,1,0,1,0
202609120000029,1,0,1,0
202609120023819,1,0,1,0
202609120007350,1,0,1,0
202609120015368,1,0,1,0
202609120021512,1,0,1,0
202609120004671,1,0,1,0
202609120006131,1,0,1,0
202609120036333,1,0,1,0
202609120018836,1,0,1,0
202609120046520,1,0,1,0
202609120046093,1,0,1,0
202609120006767,1,0,1,0
202609120026506,1,0,1,0
202609120009146,1,0,1,0
202609120044818,1,0,1,0
202609120017461,1,0,1,0
202609120036500,1,0,1,0
202609120038103,1,0,1,0
202609120021080,1,0,1,0
202609120029085,1,0,1,0
202609120043087,1,0,1,0
202609120028150,1,0,1,0
202609120005527,1,0,1,0
202609120044939,1,0,1,0
202609120047713,1,0,1,0
202609120021244,1,0,1,0
202609120001901,1,0,1,0
202609120029805,1,0,1,0
202609120020770,1,0,1,0
202609120012381,1,0,1,0
202609120028718,1,0,1,0
202609120001257,1,0,1,0
202609120044485,1,0,1,0
202609120006014,1,0,1,0
202609120019990,1,0,1,0
202609120042913,1,0,1,0
202609120033527,1,0,1,0
202609120031509,1,0,1,0
202609120037846,1,0,1,0
202609120026739,1,0,1,0
202609120032809,1,0,1,0
202609120041486,1,0,1,0
202609120045447,1,0,1,0
202609120035572,1,0,1,0
202609120044673,1,0,1,0
202609120026565,1,0,1,0
202609120021208,1,0,1,0
202609120038982,1,0,1,0
202609120045425,1,0,1,0
202609120023573,1,0,1,0
202609120012433,1,0,1,0
202609120024885,1,0,1,0
202609120048379,1,0,1,0
202609120048485,1,0,1,0
202609120033850,1,0,1,0
202609120044978,1,0,1,0
202609120002626,1,0,1,0
202609120036964,1,0,1,0
202609120016446,1,0,1,0
202609120035066,1,0,1,0
202609120002990,1,0,1,0
202609120013480,1,0,1,0
202609120040716,1,0,1,0
202609120017436,1,0,1,0
202609120035337,1,0,1,0
202609120020352,1,0,1,0
202609120021866,1,0,1,0
202609120003103,1,0,1,0
202609120048810,1,0,1,0
202609120014793,1,0,1,0
202609120027435,1,0,1,0
202609120017793,1,0,1,0
202609120021855,1,0,1,0
202609120002459,1,0,1,0
202609120023710,1,0,1,0
202609120009112,1,0,1,0
202609120021744,1,0,1,0
202609120008744,1,0,1,0
202609120036636,1,0,1,0
202609120049583,1,0,1,0
202609120035543,1,0,1,0
202609120018437,1,0,1,0
202609120010646,1,0,1,0
202609120012351,1,0,1,0
202609120046191,1,0,1,0
202609120025818,1,0,1,0
202609120040107,1,0,1,0
202609120006252,1,0,1,0
202609120029410,1,0,1,0
202609120029662,1,0,1,0
202609120039878,1,0,1,0
202609120035843,1,0,1,0
202609120022237,1,0,1,0
202609120023873,1,0,1,0
202609120030759,1,0,1,0
202609120048580,1,0,1,0
202609120035744,1,0,1,0
202609120005694,1,0,1,0
202609120004101,1,0,1,0
202609120046267,1,0,1,0
202609120012694,1,0,1,0
202609120015698,1,0,1,0
202609120032257,1,0,1,0
202609120028627,1,0,1,0
202609120041695,1,0,1,0
202609120024171,1,0,1,0
202609120048223,1,0,1,0
202609120031561,1,0,1,0
202609120047816,1,0,1,0
202609120021954,1,0,1,0
202609120007651,1,0,1,0
202609120019491,1,0,1,0
202609120004940,1,0,1,0
202609120010760,1,0,1,0
202609120016329,1,0,1,0
202609120039886,1,0,1,0
202609120005196,1,0,1,0
202609120021950,1,0,1,0
202609120037445,1,0,1,0
202609120045164,1,0,1,0
202609120001330,1,0,1,0
202609120009930,1,0,1,0
202609120016394,1,0,1,0
202609120021014,1,0,1,0
202609120020999,1,0,1,0
202609120002861,1,0,1,0
202609120041059,1,0,1,0
202609120022422,1,0,1,0
202609120037014,1,0,1,0
202609120021318,1,0,1,0
202609120039321,1,0,1,0
202609120021439,1,0,1,0
202609120006859,1,0,1,0
202609120024754,1,0,1,0
202609120035740,1,0,1,0
202609120046877,1,0,1,0
202609120037753,1,0,1,0
202609120044414,1,0,1,0
202609120017831,1,0,1,0
202609120014195,1,0,1,0
202609120016747,1,0,1,0
202609120037364,1,0,1,0
202609120045768,1,0,1,0
202609120016624,1,0,1,0
202609120011919,1,0,1,0
202609120035523,1,0,1,0
202609120017892,1,0,1,0
202609120046560,1,0,1,0
202609120018373,1,0,1,0
202609120020574,1,0,1,0
202609120002012,1,0,1,0
202609120019625,1,0,1,0
202609120034635,1,0,1,0
202609120043852,1,0,1,0
202609120030111,1,0,1,0
202609120019024,1,0,1,0
202609120007729,1,0,1,0
202609120029196,1,0,1,0
202609120003772,1,0,1,0
202609120038660,1,0,1,0
202609120022087,1,0,1,0
202609120011386,1,0,1,0
202609120011954,1,0,1,0
202609120022037,1,0,1,0
202609120008224,1,0,1,0
202609120018655,1,0,1,0
202609120019789,1,0,1,0
202609120019883,1,0,1,0
202609120010450,1,0,1,0
202609120027573,1,0,1,0
202609120044688,1,0,1,0
202609120038145,1,0,1,0
202609120038676,1,0,1,0
202609120016657,1,0,1,0
202609120025381,1,0,1,0
202609120045055,1,0,1,0
202609120048610,1,0,1,0
202609120012199,1,0,1,0
202609120018698,1,0,1,0
202609120023880,1,0,1,0
202609120047506,1,0,1,0
202609120025832,1,0,1,0
202609120020473,1,0,1,0
202609120011760,1,0,1,0
202609120036114,1,0,1,0
202609120016791,1,0,1,0
202609120022617,1,0,1,0
202609120020481,1,0,1,0
202609120046591,1,0,1,0
202609120028200,1,0,1,0
202609120018918,1,0,1,0
202609120044987,1,0,1,0
202609120035403,1,0,1,0
202609120042536,1,0,1,0
202609120022508,1,0,1,0
202609120040171,1,0,1,0
202609120017603,1,0,1,0
202609120026304,1,0,1,0
202609120038041,1,0,1,0
202609120043006,1,0,1,0
202609120041948,1,0,1,0
202609120020775,1,0,1,0
202609120025677,1,0,1,0
202609120027366,1,0,1,0
202609120010365,1,0,1,0
202609120025037,1,0,1,0
202609120009123,1,0,1,0
202609120029059,1,0,1,0
202609120005894,1,0,1,0
202609120020627,1,0,1,0
202609120000191,1,0,1,0
202609120046137,1,0,1,0
202609120016699,1,0,1,0
202609120033641,1,0,1,0
202609120000833,1,0,1,0
202609120016790,1,0,1,0
202609120028738,1,0,1,0
202609120027240,1,0,1,0
202609120024845,1,0,1,0
202609120045085,1,0,1,0
202609120032554,1,0,1,0
202609120042455,1,0,1,0
202609120013917,1,0,1,0
202609120011169,1,0,1,0
202609120009415,1,0,1,0
202609120037259,1,0,1,0
202609120031963,1,0,1,0
202609120024564,1,0,1,0
202609120025409,1,0,1,0
202609120025183,1,0,1,0
202609120048881,1,0,1,0
202609120023747,1,0,1,0
202609120000470,1,0,1,0
202609120012500,1,0,1,0
202609120034080,1,0,1,0
202609120046532,1,0,1,0
202609120030520,1,0,1,0
202609120002637,1,0,1,0
202609120039856,1,0,1,0
202609120038131,1,0,1,0
202609120001318,1,0,1,0
202609120022062,1,0,1,0
202609120018259,1,0,1,0
202609120014804,1,0,1,0
202609120011304,1,0,1,0
202609120015167,1,0,1,0
202609120022995,1,0,1,0
202609120023841,1,0,1,0
202609120022154,1,0,1,0
202609120035929,1,0,1,0
202609120012241,1,0,1,0
202609120027290,1,0,1,0
202609120013489,1,0,1,0
202609120045736,1,0,1,0
202609120047848,1,0,1,0
202609120018318,1,0,1,0
202609120042240,1,0,1,0
202609120026323,1,0,1,0
202609120021854,1,0,1,0
202609120022430,1,0,1,0
202609120049160,1,0,1,0
202609120038178,1,0,1,0
202609120046804,1,0,1,0
202609120002979,1,0,1,0
202609120018107,1,0,1,0
202609120044075,1,0,1,0
202609120003215,1,0,1,0
202609120016672,1,0,1,0
202609120044055,1,0,1,0
202609120013459,1,0,1,0
202609120010726,1,0,1,0
202609120039514,1,0,1,0
202609120033317,1,0,1,0
202609120046131,1,0,1,0
202609120043881,1,0,1,0
202609120024276,1,0,1,0
202609120003886,1,0,1,0
202609120025510,1,0,1,0
202609120039103,1,0,1,0
202609120039196,1,0,1,0
202609120045871,1,0,1,0
202609120028098,1,0,1,0
202609120043710,1,0,1,0
202609120023437,1,0,1,0
202609120039515,1,0,1,0
202609120007923,1,0,1,0
202609120045667,1,0,1,0
202609120044861,1,0,1,0
202609120020995,1,0,1,0
202609120015379,1,0,1,0
202609120031720,1,0,1,0
202609120040980,1,0,1,0
202609120014638,1,0,1,0
202609120018715,1,0,1,0
202609120026019,1,0,1,0
202609120007504,1,0,1,0
202609120015770,1,0,1,0
202609120010847,1,0,1,0
202609120012099,1,0,1,0
202609120025429,1,0,1,0
202609120009469,1,0,1,0
202609120029449,1,0,1,0
202609120049028,1,0,1,0
202609120046884,1,0,1,0
202609120037192,1,0,1,0
202609120021184,1,0,1,0
202609120024559,1,0,1,0
202609120011678,1,0,1,0
202609120015619,1,0,1,0
202609120035976,1,0,1,0
202609120046113,1,0,1,0
202609120035307,1,0,1,0
202609120033884,1,0,1,0
202609120041022,1,0,1,0
202609120009648,1,0,1,0
202609120011929,1,0,1,0
202609120005840,1,0,1,0
202609120022033,1,0,1,0
202609120029592,1,0,1,0
202609120044510,1,0,1,0
202609120007533,1,0,1,0
202609120029235,1,0,1,0
202609120018436,1,0,1,0
202609120035155,1,0,1,0
202609120031181,1,0,1,0
202609120011774,1,0,1,0
202609120041331,1,0,1,0
202609120049416,1,0,1,0
202609120046235,1,0,1,0
202609120008825,1,0,1,0
202609120011846,1,0,1,0
202609120046710,1,0,1,0
202609120031749,1,0,1,0
202609120045254,1,0,1,0
202609120026380,1,0,1,0
202609120029912,1,0,1,0
202609120003751,1,0,1,0
202609120039090,1,0,1,0
202609120033915,1,0,1,0
202609120037507,1,0,1,0
202609120041575,1,0,1,0
202609120035822,1,0,1,0
202609120030002,1,0,1,0
202609120035556,1,0,1,0
202609120030990,1,0,1,0
202609120005680,1,0,1,0
202609120022351,1,0,1,0
202609120027724,1,0,1,0
202609120029664,1,0,1,0
202609120048492,1,0,1,0
202609120041179,1,0,1,0
202609120042013,1,0,1,0
202609120009757,1,0,1,0
202609120000758,1,0,1,0
202609120029133,1,0,1,0
202609120012762,1,0,1,0
202609120013139,1,0,1,0
202609120011210,1,0,1,0
202609120036174,1,0,1,0
202609120027572,1,0,1,0
202609120020311,1,0,1,0
202609120024052,1,0,1,0
202609120030082,1,0,1,0
202609120008317,1,0,1,0
202609120029984,1,0,1,0
202609120008089,1,0,1,0
202609120049598,1,0,1,0
202609120025846,1,0,1,0
202609120014908,1,0,1,0
202609120007778,1,0,1,0
202609120035593,1,0,1,0
202609120038978,1,0,1,0
202609120021514,1,0,1,0
202609120009603,1,0,1,0
202609120007233,1,0,1,0
202609120001678,1,0,1,0
202609120044483,1,0,1,0
202609120019047,1,0,1,0
202609120024240,1,0,1,0
202609120005883,1,0,1,0
202609120039237,1,0,1,0
202609120049758,1,0,1,0
202609120030442,1,0,1,0
202609120028789,1,0,1,0
202609120019042,1,0,1,0
202609120015997,1,0,1,0
202609120043024,1,0,1,0
202609120008178,1,0,1,0
202609120044964,1,0,1,0
202609120013449,1,0,1,0
202609120013579,1,0,1,0
202609120023622,1,0,1,0
202609120005706,1,0,1,0
202609120001587,1,0,1,0
202609120003059,1,0,1,0
202609120020793,1,0,1,0
202609120018046,1,0,1,0
202609120035726,1,0,1,0
202609120019840,1,0,1,0
202609120036424,1,0,1,0
202609120027005,1,0,1,0
202609120009151,1,0,1,0
202609120009819,1,0,1,0
202609120034268,1,0,1,0
202609120011456,1,0,1,0
202609120008896,1,0,1,0
202609120028649,1,0,1,0
202609120034341,1,0,1,0
202609120044501,1,0,1,0
202609120004947,1,0,1,0
202609120046018,1,0,1,0
202609120018411,1,0,1,0
202609120000817,1,0,1,0
202609120021836,1,0,1,0
202609120008867,1,0,1,0
202609120005040,1,0,1,0
202609120027125,1,0,1,0
202609120006127,1,0,1,0
202609120020576,1,0,1,0
202609120013893,1,0,1,0
202609120011848,1,0,1,0
202609120027615,1,0,1,0
202609120024388,1,0,1,0
202609120024095,1,0,1,0
202609120010282,1,0,1,0
202609120030041,1,0,1,0
202609120006952,1,0,1,0
202609120033695,1,0,1,0
202609120043793,1,0,1,0
202609120018560,1,0,1,0
202609120021375,1,0,1,0
202609120036159,1,0,1,0
202609120012536,1,0,1,0
202609120014202,1,0,1,0
202609120007302,1,0,1,0
202609120027132,1,0,1,0
202609120010616,1,0,1,0
202609120038872,1,0,1,0
202609120019873,1,0,1,0
202609120027091,1,0,1,0
202609120000239,1,0,1,0
202609120024173,1,0,1,0
202609120021232,1,0,1,0
202609120004999,1,0,1,0
202609120000752,1,0,1,0
202609120022810,1,0,1,0
202609120021697,1,0,1,0
202609120039006,1,0,1,0
202609120034352,1,0,1,0
202609120005638,1,0,1,0
202609120032038,1,0,1,0
202609120022226,1,0,1,0
202609120035955,1,0,1,0
202609120033458,1,0,1,0
202609120007766,1,0,1,0
202609120013720,1,0,1,0
202609120048976,1,0,1,0
202609120013381,1,0,1,0
202609120017375,1,0,1,0
202609120048185,1,0,1,0
202609120041009,1,0,1,0
202609120040021,1,0,1,0
202609120024312,1,0,1,0
202609120001026,1,0,1,0
202609120044733,1,0,1,0
202609120019461,1,0,1,0
202609120046563,1,0,1,0
202609120043729,1,0,1,0
202609120014105,1,0,1,0
202609120048149,1,0,1,0
202609120022499,1,0,1,0
202609120005744,1,0,1,0
202609120035196,1,0,1,0
202609120016548,1,0,1,0
202609120049344,1,0,1,0
202609120017046,1,0,1,0
202609120009520,1,0,1,0
202609120040394,1,0,1,0
202609120025464,1,0,1,0
202609120021630,1,0,1,0
202609120011330,1,0,1,0
202609120008412,1,0,1,0
202609120029149,1,0,1,0
202609120005795,1,0,1,0
202609120005403,1,0,1,0
202609120030403,1,0,1,0
202609120045256,1,0,1,0
202609120006962,1,0,1,0
202609120042054,1,0,1,0
202609120041113,1,0,1,0
202609120018302,1,0,1,0
202609120028468,1,0,1,0
202609120027563,1,0,1,0
202609120039156,1,0,1,0
202609120004368,1,0,1,0
202609120001103,1,0,1,0
202609120026977,1,0,1,0
202609120047892,1,0,1,0
202609120014291,1,0,1,0
202609120008341,1,0,1,0
202609120011849,1,0,1,0
202609120007997,1,0,1,0
202609120010490,1,0,1,0
202609120012093,1,0,1,0
202609120000877,1,0,1,0
202609120000987,1,0,1,0
202609120027610,1,0,1,0
202609120035851,1,0,1,0
202609120028749,1,0,1,0
202609120015259,1,0,1,0
202609120004471,1,0,1,0
202609120049602,1,0,1,0
202609120016663,1,0,1,0
202609120044007,1,0,1,0
202609120019835,1,0,1,0
202609120047459,1,0,1,0
202609120046230,1,0,1,0
202609120001140,1,0,1,0
202609120026746,1,0,1,0
202609120046814,1,0,1,0
202609120019218,1,0,1,0
202609120041749,1,0,1,0
202609120018940,1,0,1,0
202609120013577,1,0,1,0
202609120028396,1,0,1,0
202609120036439,1,0,1,0
202609120016748,1,0,1,0
202609120028647,1,0,1,0
202609120026072,1,0,1,0
202609120035443,1,0,1,0
202609120019874,1,0,1,0
202609120026034,1,0,1,0
202609120009661,1,0,1,0
202609120018665,1,0,1,0
202609120027123,1,0,1,0
202609120017573,1,0,1,0
202609120039977,1,0,1,0
202609120007663,1,0,1,0
202609120030519,1,0,1,0
202609120036967,1,0,1,0
202609120027394,1,0,1,0
202609120005831,1,0,1,0
202609120012697,1,0,1,0
202609120011142,1,0,1,0
202609120039151,1,0,1,0
202609120033589,1,0,1,0
202609120004402,1,0,1,0
202609120003375,1,0,1,0
202609120021676,1,0,1,0
202609120022386,1,0,1,0
202609120042823,1,0,1,0
202609120040240,1,0,1,0
202609120024273,1,0,1,0
202609120001065,1,0,1,0
202609120002259,1,0,1,0
202609120004588,1,0,1,0
202609120034450,1,0,1,0
202609120017369,1,0,1,0
202609120009735,1,0,1,0
202609120006408,1,0,1,0
202609120023748,1,0,1,0
202609120033838,1,0,1,0
202609120038951,1,0,1,0
202609120014297,1,0,1,0
202609120014655,1,0,1,0
202609120026136,1,0,1,0
202609120020474,1,0,1,0
202609120016125,1,0,1,0
202609120036851,1,0,1,0
202609120014423,1,0,1,0
202609120032898,1,0,1,0
202609120033353,1,0,1,0
202609120020012,1,0,1,0
202609120017835,1,0,1,0
202609120030573,1,0,1,0
202609120029669,1,0,1,0
202609120010570,1,0,1,0
202609120010085,1,0,1,0
202609120020642,1,0,1,0
202609120049013,1,0,1,0
202609120044877,1,0,1,0
202609120046009,1,0,1,0
202609120017704,1,0,1,0
202609120035165,1,0,1,0
202609120033648,1,0,1,0
202609120017846,1,0,1,0
202609120036831,1,0,1,0
202609120035062,1,0,1,0
202609120043717,1,0,1,0
202609120027584,1,0,1,0
202609120018190,1,0,1,0
202609120017940,1,0,1,0
202609120032646,1,0,1,0
202609120045934,1,0,1,0
202609120010986,1,0,1,0
202609120049333,1,0,1,0
202609120041086,1,0,1,0
202609120015791,1,0,1,0
202609120034288,1,0,1,0
202609120028685,1,0,1,0
202609120006431,1,0,1,0
202609120022393,1,0,1,0
202609120013899,1,0,1,0
202609120009553,1,0,1,0
202609120035171,1,0,1,0
202609120017809,1,0,1,0
202609120030963,1,0,1,0
202609120012007,1,0,1,0
202609120001577,1,0,1,0
202609120015334,1,0,1,0
202609120012103,1,0,1,0
202609120017234,1,0,1,0
202609120031570,1,0,1,0
202609120025850,1,0,1,0
202609120038019,1,0,1,0
202609120011828,1,0,1,0
202609120031939,1,0,1,0
202609120039328,1,0,1,0
202609120045399,1,0,1,0
202609120026496,1,0,1,0
202609120039910,1,0,1,0
202609120006812,1,0,1,0
202609120020431,1,0,1,0
202609120025742,1,0,1,0
202609120015799,1,0,1,0
202609120046932,1,0,1,0
202609120027916,1,0,1,0
202609120034195,1,0,1,0
202609120016796,1,0,1,0
202609120021916,1,0,1,0
202609120040584,1,0,1,0
202609120041495,1,0,1,0
202609120028005,1,0,1,0
202609120017167,1,0,1,0
202609120012267,1,0,1,0
202609120002828,1,0,1,0
202609120035994,1,0,1,0
202609120044730,1,0,1,0
202609120016036,1,0,1,0
202609120029631,1,0,1,0
202609120041284,1,0,1,0
202609120006691,1,0,1,0
202609120002656,1,0,1,0
202609120033486,1,0,1,0
202609120045475,1,0,1,0
202609120040209,1,0,1,0
202609120009130,1,0,1,0
202609120044894,1,0,1,0
202609120012999,1,0,1,0
202609120027307,1,0,1,0
202609120022994,1,0,1,0
202609120048072,1,0,1,0
202609120017518,1,0,1,0
202609120028306,1,0,1,0
202609120014431,1,0,1,0
202609120042478,1,0,1,0
202609120015181,1,0,1,0
202609120039039,1,0,1,0
202609120020710,1,0,1,0
202609120031398,1,0,1,0
202609120049540,1,0,1,0
202609120015419,1,0,1,0
202609120020538,1,0,1,0
202609120007776,1,0,1,0
202609120032143,1,0,1,0
202609120049822,1,0,1,0
202609120014152,1,0,1,0
202609120005225,1,0,1,0
202609120009484,1,0,1,0
202609120003712,1,0,1,0
202609120017295,1,0,1,0
202609120041967,1,0,1,0
202609120019267,1,0,1,0
202609120031306,1,0,1,0
202609120000243,1,0,1,0
202609120005317,1,0,1,0
202609120030484,1,0,1,0
202609120022270,1,0,1,0
202609120037425,1,0,1,0
202609120009651,1,0,1,0
202609120045552,1,0,1,0
202609120018110,1,0,1,0
202609120032910,1,0,1,0
202609120012396,1,0,1,0
202609120002283,1,0,1,0
202609120025002,1,0,1,0
202609120046151,1,0,1,0
202609120007237,1,0,1,0
202609120029851,1,0,1,0
202609120002934,1,0,1,0
202609120007708,1,0,1,0
202609120026201,1,0,1,0
202609120024404,1,0,1,0
202609120017329,1,0,1,0
202609120037153,1,0,1,0
202609120049161,1,0,1,0
202609120006502,1,0,1,0
202609120032884,1,0,1,0
202609120011916,1,0,1,0
202609120031001,1,0,1,0
202609120003924,1,0,1,0
202609120028522,1,0,1,0
202609120028931,1,0,1,0
202609120003161,1,0,1,0
202609120009865,1,0,1,0
202609120019000,1,0,1,0
202609120024460,1,0,1,0
202609120049219,1,0,1,0
202609120004050,1,0,1,0
202609120006649,1,0,1,0
202609120000110,1,0,1,0
202609120032648,1,0,1,0
202609120002136,1,0,1,0
202609120015818,1,0,1,0
202609120029025,1,0,1,0
202609120014701,1,0,1,0
202609120030194,1,0,1,0
202609120016347,1,0,1,0
202609120023277,1,0,1,0
202609120017722,1,0,1,0
202609120014859,1,0,1,0
202609120011056,1,0,1,0
202609120026279,1,0,1,0
202609120005053,1,0,1,0
202609120047908,1,0,1,0
202609120028872,1,0,1,0
202609120028834,1,0,1,0
202609120045720,1,0,1,0
202609120035012,1,0,1,0
202609120014652,1,0,1,0
202609120035981,1,0,1,0
202609120049819,1,0,1,0
202609120030928,1,0,1,0
202609120016722,1,0,1,0
202609120012577,1,0,1,0
202609120013558,1,0,1,0
202609120014921,1,0,1,0
202609120011537,1,0,1,0
202609120041493,1,0,1,0
202609120026294,1,0,1,0
202609120004033,1,0,1,0
202609120002487,1,0,1,0
202609120048025,1,0,1,0
202609120024158,1,0,1,0
202609120042766,1,0,1,0
202609120014099,1,0,1,0
202609120027258,1,0,1,0
202609120040505,1,0,1,0
202609120022765,1,0,1,0
202609120027737,1,0,1,0
202609120025096,1,0,1,0
202609120033005,1,0,1,0
202609120044567,1,0,1,0
202609120038157,1,0,1,0
202609120046777,1,0,1,0
202609120038406,1,0,1,0
202609120012945,1,0,1,0
202609120003893,1,0,1,0
202609120022373,1,0,1,0
202609120017355,1,0,1,0
202609120014437,1,0,1,0
202609120036737,1,0,1,0
202609120015939,1,0,1,0
202609120040364,1,0,1,0
202609120016990,1,0,1,0
202609120039141,1,0,1,0
202609120000958,1,0,1,0
202609120039984,1,0,1,0
202609120044347,1,0,1,0
202609120003286,1,0,1,0
202609120010656,1,0,1,0
202609120000730,1,0,1,0
202609120025793,1,0,1,0
202609120032649,1,0,1,0
202609120042470,1,0,1,0
202609120014250,1,0,1,0
202609120007161,1,0,1,0
202609120035378,1,0,1,0
202609120025754,1,0,1,0
202609120040152,1,0,1,0
202609120034849,1,0,1,0
202609120037237,1,0,1,0
202609120015284,1,0,1,0
202609120032626,1,0,1,0
202609120001998,1,0,1,0
202609120016285,1,0,1,0
202609120048912,1,0,1,0
202609120004268,1,0,1,0
202609120041267,1,0,1,0
202609120001977,1,0,1,0
202609120015297,1,0,1,0
202609120002022,1,0,1,0
202609120046309,1,0,1,0
202609120016840,1,0,1,0
202609120027445,1,0,1,0
202609120045073,1,0,1,0
202609120024735,1,0,1,0
202609120029939,1,0,1,0
202609120002590,1,0,1,0
202609120012521,1,0,1,0
202609120001154,1,0,1,0
202609120030126,1,0,1,0
202609120039594,1,0,1,0
202609120007178,1,0,1,0
202609120028156,1,0,1,0
202609120003306,1,0,1,0
202609120005133,1,0,1,0
202609120033661,1,0,1,0
202609120003350,1,0,1,0
202609120008578,1,0,1,0
202609120010078,1,0,1,0
202609120037511,1,0,1,0
202609120006811,1,0,1,0
202609120035582,1,0,1,0
202609120029848,1,0,1,0
202609120001708,1,0,1,0
202609120019656,1,0,1,0
202609120012863,1,0,1,0
202609120035876,1,0,1,0
202609120004913,1,0,1,0
202609120021826,1,0,1,0
202609120008959,1,0,1,0
202609120006631,1,0,1,0
202609120049506,1,0,1,0
202609120005919,1,0,1,0
202609120040541,1,0,1,0
202609120015959,1,0,1,0
202609120037888,1,0,1,0
202609120012270,1,0,1,0
202609120019905,1,0,1,0
202609120012310,1,0,1,0
202609120024262,1,0,1,0
202609120002461,1,0,1,0
202609120045295,1,0,1,0
202609120022055,1,0,1,0
202609120045718,1,0,1,0
202609120009882,1,0,1,0
202609120024895,1,0,1,0
202609120019618,1,0,1,0
202609120007701,1,0,1,0
202609120008331,1,0,1,0
202609120027350,1,0,1,0
202609120033895,1,0,1,0
202609120016678,1,0,1,0
202609120048000,1,0,1,0
202609120033712,1,0,1,0
202609120020151,1,0,1,0
202609120022046,1,0,1,0
202609120018839,1,0,1,0
202609120010300,1,0,1,0
202609120009900,1,0,1,0
202609120018063,1,0,1,0
202609120017522,1,0,1,0
202609120012280,1,0,1,0
202609120042814,1,0,1,0
202609120029828,1,0,1,0
202609120005184,1,0,1,0
202609120036105,1,0,1,0
202609120010527,1,0,1,0
202609120044410,1,0,1,0
202609120034460,1,0,1,0
202609120038560,1,0,1,0
202609120044907,1,0,1,0
202609120037717,1,0,1,0
202609120006275,1,0,1,0
202609120016587,1,0,1,0
202609120026994,1,0,1,0
202609120012300,1,0,1,0
202609120003912,1,0,1,0
202609120017685,1,0,1,0
202609120046220,1,0,1,0
202609120038384,1,0,1,0
202609120024918,1,0,1,0
202609120026382,1,0,1,0
202609120040609,1,0,1,0
202609120027877,1,0,1,0
202609120048609,1,0,1,0
202609120024786,1,0,1,0
202609120000408,1,0,1,0
202609120033868,1,0,1,0
202609120004176,1,0,1,0
202609120040468,1,0,1,0
202609120013163,1,0,1,0
202609120024310,1,0,1,0
202609120018372,1,0,1,0
202609120040909,1,0,1,0
202609120020029,1,0,1,0
202609120033280,1,0,1,0
202609120001557,1,0,1,0
202609120048116,1,0,1,0
202609120003111,1,0,1,0
202609120008914,1,0,1,0
202609120030297,1,0,1,0
202609120026444,1,0,1,0
202609120008327,1,0,1,0
202609120024634,1,0,1,0
202609120034368,1,0,1,0
202609120010557,1,0,1,0
202609120037195,1,0,1,0
202609120012520,1,0,1,0
202609120028368,1,0,1,0
202609120049580,1,0,1,0
202609120026494,1,0,1,0
202609120039741,1,0,1,0
202609120023795,1,0,1,0
202609120000856,1,0,1,0
202609120002113,1,0,1,0
202609120003616,1,0,1,0
202609120044135,1,0,1,0
202609120043480,1,0,1,0
202609120039212,1,0,1,0
202609120025856,1,0,1,0
202609120006637,1,0,1,0
202609120030885,1,0,1,0
202609120002354,1,0,1,0
202609120002772,1,0,1,0
202609120043917,1,0,1,0
202609120014024,1,0,1,0
202609120012017,1,0,1,0
202609120037657,1,0,1,0
202609120007211,1,0,1,0
202609120032907,1,0,1,0
202609120047986,1,0,1,0
202609120016880,1,0,1,0
202609120015432,1,0,1,0
202609120048651,1,0,1,0
202609120013317,1,0,1,0
202609120007214,1,0,1,0
202609120023557,1,0,1,0
202609120019053,1,0,1,0
202609120004554,1,0,1,0
202609120015031,1,0,1,0
202609120007360,1,0,1,0
202609120049132,1,0,1,0
202609120041497,1,0,1,0
202609120014679,1,0,1,0
202609120031830,1,0,1,0
202609120022104,1,0,1,0
202609120009404,1,0,1,0
202609120045097,1,0,1,0
202609120043477,1,0,1,0
202609120040791,1,0,1,0
202609120000412,1,0,1,0
202609120042423,1,0,1,0
202609120026962,1,0,1,0
202609120030820,1,0,1,0
202609120030163,1,0,1,0
202609120047591,1,0,1,0
202609120037591,1,0,1,0
202609120021182,1,0,1,0
202609120006155,1,0,1,0
202609120010262,1,0,1,0
202609120032730,1,0,1,0
202609120039712,1,0,1,0
202609120039330,1,0,1,0
202609120005929,1,0,1,0
202609120038668,1,0,1,0
202609120038930,1,0,1,0
202609120014337,1,0,1,0
202609120040931,1,0,1,0
202609120018038,1,0,1,0
202609120004582,1,0,1,0
202609120040731,1,0,1,0
202609120043259,1,0,1,0
202609120006914,1,0,1,0
202609120018455,1,0,1,0
202609120011328,1,0,1,0
202609120025819,1,0,1,0
202609120041868,1,0,1,0
202609120031804,1,0,1,0
202609120000151,1,0,1,0
202609120004948,1,0,1,0
202609120006720,1,0,1,0
202609120015903,1,0,1,0
202609120038965,1,0,1,0
202609120020398,1,0,1,0
202609120013490,1,0,1,0
202609120036878,1,0,1,0
202609120041723,1,0,1,0
202609120017756,1,0,1,0
202609120016789,1,0,1,0
202609120025130,1,0,1,0
202609120000682,1,0,1,0
202609120033163,1,0,1,0
202609120037465,1,0,1,0
202609120023154,1,0,1,0
202609120009943,1,0,1,0
202609120037780,1,0,1,0
202609120037576,1,0,1,0
202609120046332,1,0,1,0
202609120017242,1,0,1,0
202609120027767,1,0,1,0
202609120037405,1,0,1,0
202609120043213,1,0,1,0
202609120036677,1,0,1,0
202609120040908,1,0,1,0
202609120003725,1,0,1,0
202609120014675,1,0,1,0
202609120035741,1,0,1,0
202609120011779,1,0,1,0
202609120041244,1,0,1,0
202609120036336,1,0,1,0
202609120013608,1,0,1,0
202609120018950,1,0,1,0
202609120012428,1,0,1,0
202609120000295,1,0,1,0
202609120046808,1,0,1,0
202609120007618,1,0,1,0
202609120030268,1,0,1,0
202609120038883,1,0,1,0
202609120024660,1,0,1,0
202609120013016,1,0,1,0
202609120000455,1,0,1,0
202609120009157,1,0,1,0
202609120028428,1,0,1,0
202609120019290,1,0,1,0
202609120004625,1,0,1,0
202609120028720,1,0,1,0
202609120002246,1,0,1,0
202609120029106,1,0,1,0
202609120043920,1,0,1,0
202609120007148,1,0,1,0
202609120003551,1,0,1,0
202609120010708,1,0,1,0
202609120007481,1,0,1,0
202609120022140,1,0,1,0
202609120008644,1,0,1,0
202609120004220,1,0,1,0
202609120033469,1,0,1,0
202609120020412,1,0,1,0
202609120026141,1,0,1,0
202609120011903,1,0,1,0
202609120000720,1,0,1,0
202609120010276,1,0,1,0
202609120022842,1,0,1,0
202609120013525,1,0,1,0
202609120011679,1,0,1,0
202609120006133,1,0,1,0
202609120037514,1,0,1,0
202609120048098,1,0,1,0
202609120040426,1,0,1,0
202609120004632,1,0,1,0
202609120034011,1,0,1,0
202609120019816,1,0,1,0
202609120041296,1,0,1,0
202609120013700,1,0,1,0
202609120026772,1,0,1,0
202609120036094,1,0,1,0
202609120041848,1,0,1,0
202609120039969,1,0,1,0
202609120012661,1,0,1,0
202609120032766,1,0,1,0
202609120013768,1,0,1,0
202609120019578,1,0,1,0
202609120038453,1,0,1,0
202609120020670,1,0,1,0
202609120046500,1,0,1,0
202609120016157,1,0,1,0
202609120033782,1,0,1,0
202609120023130,1,0,1,0
202609120018530,1,0,1,0
202609120042985,1,0,1,0
202609120021300,1,0,1,0
202609120047639,1,0,1,0
202609120000561,1,0,1,0
202609120045426,1,0,1,0
202609120023923,1,0,1,0
202609120008031,1,0,1,0
202609120025751,1,0,1,0
202609120040124,1,0,1,0
202609120047209,1,0,1,0
202609120046067,1,0,1,0
202609120026735,1,0,1,0
202609120043761,1,0,1,0
202609120049243,1,0,1,0
202609120021644,1,0,1,0
202609120038797,1,0,1,0
202609120007278,1,0,1,0
202609120002451,1,0,1,0
202609120000117,1,0,1,0
202609120008209,1,0,1,0
202609120047378,1,0,1,0
202609120044770,1,0,1,0
202609120029167,1,0,1,0
202609120044087,1,0,1,0
202609120026885,1,0,1,0
202609120021659,1,0,1,0
202609120006310,1,0,1,0
202609120000038,1,0,1,0
202609120037893,1,0,1,0
202609120023696,1,0,1,0
202609120020428,1,0,1,0
202609120039316,1,0,1,0
202609120000298,1,0,1,0
202609120016515,1,0,1,0
202609120028551,1,0,1,0
202609120013127,1,0,1,0
202609120017902,1,0,1,0
202609120046786,1,0,1,0
202609120008275,1,0,1,0
202609120002573,1,0,1,0
202609120049348,1,0,1,0
202609120004336,1,0,1,0
202609120039806,1,0,1,0
202609120018684,1,0,1,0
202609120033468,1,0,1,0
202609120004331,1,0,1,0
202609120008286,1,0,1,0
202609120021189,1,0,1,0
202609120032048,1,0,1,0
202609120016675,1,0,1,0
202609120020246,1,0,1,0
202609120016294,1,0,1,0
202609120011953,1,0,1,0
202609120001549,1,0,1,0
202609120044404,1,0,1,0
202609120029821,1,0,1,0
202609120016091,1,0,1,0
202609120005870,1,0,1,0
202609120006769,1,0,1,0
202609120034105,1,0,1,0
202609120021378,1,0,1,0
202609120044477,1,0,1,0
202609120026876,1,0,1,0
202609120005281,1,0,1,0
202609120034114,1,0,1,0
202609120001524,1,0,1,0
202609120003824,1,0,1,0
202609120018870,1,0,1,0
202609120019500,1,0,1,0
202609120043374,1,0,1,0
202609120047178,1,0,1,0
202609120042283,1,0,1,0
202609120008688,1,0,1,0
202609120001281,1,0,1,0
202609120001324,1,0,1,0
202609120047300,1,0,1,0
202609120012286,1,0,1,0
202609120015588,1,0,1,0
202609120000628,1,0,1,0
202609120008195,1,0,1,0
202609120025983,1,0,1,0
202609120047143,1,0,1,0
202609120006562,1,0,1,0
202609120036835,1,0,1,0
202609120020170,1,0,1,0
202609120013895,1,0,1,0
202609120033962,1,0,1,0
202609120006583,1,0,1,0
202609120030438,1,0,1,0
202609120042534,1,0,1,0
202609120035780,1,0,1,0
202609120042446,1,0,1,0
202609120030644,1,0,1,0
202609120012755,1,0,1,0
202609120004335,1,0,1,0
202609120032217,1,0,1,0
202609120030138,1,0,1,0
202609120012993,1,0,1,0
202609120041570,1,0,1,0
202609120044289,1,0,1,0
202609120002333,1,0,1,0
202609120032260,1,0,1,0
202609120016766,1,0,1,0
202609120023377,1,0,1,0
202609120002003,1,0,1,0
202609120043128,1,0,1,0
202609120027934,1,0,1,0
202609120031056,1,0,1,0
202609120028281,1,0,1,0
202609120031532,1,0,1,0
202609120005815,1,0,1,0
202609120041319,1,0,1,0
202609120012356,1,0,1,0
202609120009710,1,0,1,0
202609120013897,1,0,1,0
202609120036953,1,0,1,0
202609120043278,1,0,1,0
202609120040142,1,0,1,0
202609120005446,1,0,1,0
202609120006722,1,0,1,0
202609120009579,1,0,1,0
202609120004298,1,0,1,0
202609120021772,1,0,1,0
202609120000203,1,0,1,0
202609120042984,1,0,1,0
202609120038327,1,0,1,0
202609120041014,1,0,1,0
202609120041395,1,0,1,0
202609120033557,1,0,1,0
202609120042222,1,0,1,0
202609120047712,1,0,1,0
202609120022099,1,0,1,0
202609120022213,1,0,1,0
202609120040358,1,0,1,0
202609120026218,1,0,1,0
202609120006159,1,0,1,0
202609120023579,1,0,1,0
202609120030359,1,0,1,0
202609120049048,1,0,1,0
202609120030548,1,0,1,0
202609120028683,1,0,1,0
202609120034302,1,0,1,0
202609120037331,1,0,1,0
202609120032357,1,0,1,0
202609120047153,1,0,1,0
202609120003145,1,0,1,0
202609120013900,1,0,1,0
202609120018021,1,0,1,0
202609120047746,1,0,1,0
202609120013085,1,0,1,0
202609120038760,1,0,1,0
202609120033509,1,0,1,0
202609120002537,1,0,1,0
202609120037048,1,0,1,0
202609120008527,1,0,1,0
202609120038998,1,0,1,0
202609120022834,1,0,1,0
202609120019381,1,0,1,0
202609120005734,1,0,1,0
202609120014295,1,0,1,0
202609120033492,1,0,1,0
202609120040363,1,0,1,0
202609120011374,1,0,1,0
202609120020777,1,0,1,0
202609120044262,1,0,1,0
202609120037995,1,0,1,0
202609120001210,1,0,1,0
202609120027790,1,0,1,0
202609120044452,1,0,1,0
202609120020752,1,0,1,0
202609120018079,1,0,1,0
202609120041202,1,0,1,0
202609120022860,1,0,1,0
202609120031760,1,0,1,0
202609120045547,1,0,1,0
202609120000765,1,0,1,0
202609120000136,1,0,1,0
202609120047540,1,0,1,0
202609120041985,1,0,1,0
202609120002476,1,0,1,0
202609120049683,1,0,1,0
202609120040681,1,0,1,0
202609120047480,1,0,1,0
202609120014227,1,0,1,0
202609120004003,1,0,1,0
202609120044059,1,0,1,0
202609120017143,1,0,1,0
202609120020941,1,0,1,0
202609120025541,1,0,1,0
202609120016438,1,0,1,0
202609120046262,1,0,1,0
202609120018242,1,0,1,0
202609120015245,1,0,1,0
202609120031706,1,0,1,0
202609120018231,1,0,1,0
202609120004160,1,0,1,0
202609120036366,1,0,1,0
202609120020068,1,0,1,0
202609120024804,1,0,1,0
202609120025970,1,0,1,0
202609120009402,1,0,1,0
202609120041173,1,0,1,0
202609120002960,1,0,1,0
202609120031102,1,0,1,0
202609120039883,1,0,1,0
202609120021785,1,0,1,0
202609120026522,1,0,1,0
202609120040974,1,0,1,0
202609120008879,1,0,1,0
202609120017562,1,0,1,0
202609120001333,1,0,1,0
202609120032782,1,0,1,0
202609120021567,1,0,1,0
202609120005477,1,0,1,0
202609120006717,1,0,1,0
202609120015862,1,0,1,0
202609120025396,1,0,1,0
202609120036172,1,0,1,0
202609120012557,1,0,1,0
202609120044227,1,0,1,0
202609120036029,1,0,1,0
202609120010351,1,0,1,0
202609120004994,1,0,1,0
202609120036340,1,0,1,0
202609120009450,1,0,1,0
202609120027940,1,0,1,0
202609120035218,1,0,1,0
202609120006239,1,0,1,0
202609120003694,1,0,1,0
202609120015315,1,0,1,0
202609120011785,1,0,1,0
202609120029596,1,0,1,0
202609120040555,1,0,1,0
202609120044131,1,0,1,0
202609120019652,1,0,1,0
202609120013158,1,0,1,0
202609120042542,1,0,1,0
202609120026026,1,0,1,0
202609120006117,1,0,1,0
202609120039071,1,0,1,0
202609120040939,1,0,1,0
202609120023552,1,0,1,0
202609120047440,1,0,1,0
202609120034530,1,0,1,0
202609120019703,1,0,1,0
202609120010232,1,0,1,0
202609120008371,1,0,1,0
202609120015083,1,0,1,0
202609120008001,1,0,1,0
202609120012060,1,0,1,0
202609120016056,1,0,1,0
202609120019504,1,0,1,0
202609120008388,1,0,1,0
202609120043420,1,0,1,0
202609120031817,1,0,1,0
202609120045785,1,0,1,0
202609120005176,1,0,1,0
202609120046282,1,0,1,0
202609120047297,1,0,1,0
202609120043446,1,0,1,0
202609120000832,1,0,1,0
202609120000113,1,0,1,0
202609120017569,1,0,1,0
202609120033808,1,0,1,0
202609120037481,1,0,1,0
202609120031507,1,0,1,0
202609120003123,1,0,1,0
202609120017524,1,0,1,0
202609120046451,1,0,1,0
202609120002875,1,0,1,0
202609120015401,1,0,1,0
202609120009836,1,0,1,0
202609120041634,1,0,1,0
202609120028270,1,0,1,0
202609120023632,1,0,1,0
202609120017056,1,0,1,0
202609120043233,1,0,1,0
202609120036984,1,0,1,0
202609120002346,1,0,1,0
202609120037756,1,0,1,0
202609120012604,1,0,1,0
202609120042661,1,0,1,0
202609120045640,1,0,1,0
202609120024266,1,0,1,0
202609120015428,1,0,1,0
202609120021715,1,0,1,0
202609120033365,1,0,1,0
202609120034068,1,0,1,0
202609120046283,1,0,1,0
202609120013175,1,0,1,0
202609120018188,1,0,1,0
202609120002017,1,0,1,0
202609120003942,1,0,1,0
202609120022269,1,0,1,0
202609120031343,1,0,1,0
202609120030793,1,0,1,0
202609120018599,1,0,1,0
202609120043184,1,0,1,0
202609120013954,1,0,1,0
202609120039936,1,0,1,0
202609120045711,1,0,1,0
202609120033805,1,0,1,0
202609120028614,1,0,1,0
202609120038319,1,0,1,0
202609120049039,1,0,1,0
202609120047981,1,0,1,0
202609120014117,1,0,1,0
202609120006113,1,0,1,0
202609120006821,1,0,1,0
202609120025652,1,0,1,0
202609120048243,1,0,1,0
202609120000523,1,0,1,0
202609120035316,1,0,1,0
202609120007056,1,0,1,0
202609120033103,1,0,1,0
202609120000609,1,0,1,0
202609120003977,1,0,1,0
202609120006040,1,0,1,0
202609120002819,1,0,1,0
202609120024336,1,0,1,0
202609120026148,1,0,1,0
202609120012565,1,0,1,0
202609120030166,1,0,1,0
202609120022917,1,0,1,0
202609120028458,1,0,1,0
202609120025117,1,0,1,0
202609120029473,1,0,1,0
202609120004404,1,0,1,0
202609120003345,1,0,1,0
202609120029804,1,0,1,0
202609120019458,1,0,1,0
202609120037000,1,0,1,0
202609120010695,1,0,1,0
202609120030344,1,0,1,0
202609120040622,1,0,1,0
202609120024761,1,0,1,0
202609120004142,1,0,1,0
202609120026943,1,0,1,0
202609120031988,1,0,1,0
202609120013680,1,0,1,0
202609120040094,1,0,1,0
202609120025375,1,0,1,0
202609120047508,1,0,1,0
202609120045762,1,0,1,0
202609120045220,1,0,1,0
202609120020328,1,0,1,0
202609120014552,1,0,1,0
202609120013173,1,0,1,0
202609120031709,1,0,1,0
202609120007345,1,0,1,0
202609120018199,1,0,1,0
202609120027969,1,0,1,0
202609120045672,1,0,1,0
202609120030446,1,0,1,0
202609120029823,1,0,1,0
202609120014640,1,0,1,0
202609120018477,1,0,1,0
202609120033614,1,0,1,0
202609120003657,1,0,1,0
202609120011095,1,0,1,0
202609120042510,1,0,1,0
202609120034478,1,0,1,0
202609120038303,1,0,1,0
202609120030622,1,0,1,0
202609120010386,1,0,1,0
202609120030851,1,0,1,0
202609120033638,1,0,1,0
202609120026376,1,0,1,0
202609120015354,1,0,1,0
202609120015590,1,0,1,0
202609120034493,1,0,1,0
202609120036563,1,0,1,0
202609120029043,1,0,1,0
202609120047823,1,0,1,0
202609120043347,1,0,1,0
202609120046661,1,0,1,0
202609120010316,1,0,1,0
202609120007398,1,0,1,0
202609120029614,1,0,1,0
202609120003033,1,0,1,0
202609120022882,1,0,1,0
202609120020457,1,0,1,0
202609120029622,1,0,1,0
202609120028175,1,0,1,0
202609120008313,1,0,1,0
202609120039803,1,0,1,0
202609120032939,1,0,1,0
202609120020142,1,0,1,0
202609120026546,1,0,1,0
202609120015197,1,0,1,0
202609120018472,1,0,1,0
202609120017930,1,0,1,0
202609120030892,1,0,1,0
202609120033236,1,0,1,0
202609120026162,1,0,1,0
202609120008401,1,0,1,0
202609120036565,1,0,1,0
202609120000962,1,0,1,0
202609120025049,1,0,1,0
202609120007538,1,0,1,0
202609120027451,1,0,1,0
202609120030515,1,0,1,0
202609120011838,1,0,1,0
202609120009516,1,0,1,0
202609120035281,1,0,1,0
202609120004521,1,0,1,0
202609120039586,1,0,1,0
202609120021951,1,0,1,0
202609120041716,1,0,1,0
202609120009564,1,0,1,0
202609120020828,1,0,1,0
202609120004140,1,0,1,0
202609120031235,1,0,1,0
202609120015178,1,0,1,0
202609120036444,1,0,1,0
202609120021309,1,0,1,0
202609120025418,1,0,1,0
202609120009985,1,0,1,0
202609120032712,1,0,1,0
202609120020370,1,0,1,0
202609120021677,1,0,1,0
202609120002110,1,0,1,0
202609120039026,1,0,1,0
202609120036999,1,0,1,0
202609120017813,1,0,1,0
202609120043716,1,0,1,0
202609120001274,1,0,1,0
202609120032631,1,0,1,0
202609120005702,1,0,1,0
202609120005141,1,0,1,0
202609120019829,1,0,1,0
202609120046899,1,0,1,0
202609120022835,1,0,1,0
202609120004658,1,0,1,0
202609120011298,1,0,1,0
202609120039134,1,0,1,0
202609120011739,1,0,1,0
202609120043984,1,0,1,0
202609120030148,1,0,1,0
202609120025913,1,0,1,0
202609120014513,1,0,1,0
202609120010737,1,0,1,0
202609120023192,1,0,1,0
202609120010126,1,0,1,0
202609120003234,1,0,1,0
202609120005219,1,0,1,0
202609120037160,1,0,1,0
202609120026668,1,0,1,0
202609120021446,1,0,1,0
202609120013555,1,0,1,0
202609120025322,1,0,1,0
202609120014780,1,0,1,0
202609120048641,1,0,1,0
202609120001444,1,0,1,0
202609120005945,1,0,1,0
202609120015195,1,0,1,0
202609120049335,1,0,1,0
202609120042821,1,0,1,0
202609120012431,1,0,1,0
202609120017682,1,0,1,0
202609120026272,1,0,1,0
202609120012430,1,0,1,0
202609120027181,1,0,1,0
202609120000365,1,0,1,0
202609120010264,1,0,1,0
202609120046793,1,0,1,0
202609120018451,1,0,1,0
202609120005033,1,0,1,0
202609120038378,1,0,1,0
202609120024432,1,0,1,0
202609120015510,1,0,1,0
202609120001849,1,0,1,0
202609120021897,1,0,1,0
202609120049163,1,0,1,0
202609120017721,1,0,1,0
202609120006116,1,0,1,0
202609120026839,1,0,1,0
202609120001319,1,0,1,0
202609120001744,1,0,1,0
202609120039024,1,0,1,0
202609120028733,1,0,1,0
202609120004315,1,0,1,0
202609120003879,1,0,1,0
202609120046579,1,0,1,0
202609120033388,1,0,1,0
202609120042582,1,0,1,0
202609120011206,1,0,1,0
202609120026628,1,0,1,0
202609120007731,1,0,1,0
202609120015426,1,0,1,0
202609120013734,1,0,1,0
202609120049131,1,0,1,0
202609120034065,1,0,1,0
202609120039669,1,0,1,0
202609120026906,1,0,1,0
202609120048972,1,0,1,0
202609120033886,1,0,1,0
202609120038887,1,0,1,0
202609120001309,1,0,1,0
202609120025994,1,0,1,0
202609120039536,1,0,1,0
202609120024852,1,0,1,0
202609120019755,1,0,1,0
202609120029082,1,0,1,0
202609120020140,1,0,1,0
202609120008685,1,0,1,0
202609120040894,1,0,1,0
202609120002382,1,0,1,0
202609120012115,1,0,1,0
202609120049469,1,0,1,0
202609120002456,1,0,1,0
202609120047790,1,0,1,0
202609120004916,1,0,1,0
202609120019032,1,0,1,0
202609120021307,1,0,1,0
202609120014994,1,0,1,0
202609120034965,1,0,1,0
202609120042928,1,0,1,0
202609120012236,1,0,1,0
202609120034786,1,0,1,0
202609120013015,1,0,1,0
202609120016846,1,0,1,0
202609120014759,1,0,1,0
202609120036897,1,0,1,0
202609120034545,1,0,1,0
202609120011936,1,0,1,0
202609120045238,1,0,1,0
202609120028057,1,0,1,0
202609120006669,1,0,1,0
202609120005343,1,0,1,0
202609120008545,1,0,1,0
202609120040100,1,0,1,0
202609120000481,1,0,1,0
202609120004783,1,0,1,0
202609120036284,1,0,1,0
202609120008599,1,0,1,0
202609120022656,1,0,1,0
202609120007376,1,0,1,0
202609120041929,1,0,1,0
202609120029184,1,0,1,0
202609120019642,1,0,1,0
202609120021509,1,0,1,0
202609120036653,1,0,1,0
202609120043182,1,0,1,0
202609120022290,1,0,1,0
202609120022755,1,0,1,0
202609120013659,1,0,1,0
202609120044423,1,0,1,0
202609120039184,1,0,1,0
202609120016749,1,0,1,0
202609120024424,1,0,1,0
202609120025233,1,0,1,0
202609120012612,1,0,1,0
202609120042221,1,0,1,0
202609120021239,1,0,1,0
202609120044985,1,0,1,0
202609120041809,1,0,1,0
202609120049063,1,0,1,0
202609120001199,1,0,1,0
202609120033603,1,0,1,0
202609120014880,1,0,1,0
202609120000904,1,0,1,0
202609120033662,1,0,1,0
202609120011618,1,0,1,0
202609120001513,1,0,1,0
202609120000676,1,0,1,0
202609120028130,1,0,1,0
202609120021973,1,0,1,0
202609120020425,1,0,1,0
202609120009187,1,0,1,0
202609120011327,1,0,1,0
202609120030957,1,0,1,0
202609120032132,1,0,1,0
202609120017244,1,0,1,0
202609120033894,1,0,1,0
202609120043279,1,0,1,0
202609120013593,1,0,1,0
202609120038169,1,0,1,0
202609120000323,1,0,1,0
202609120029586,1,0,1,0
202609120029810,1,0,1,0
202609120034859,1,0,1,0
202609120010349,1,0,1,0
202609120014917,1,0,1,0
202609120017062,1,0,1,0
202609120046990,1,0,1,0
202609120006690,1,0,1,0
202609120016770,1,0,1,0
202609120005482,1,0,1,0
202609120014550,1,0,1,0
202609120005170,1,0,1,0
202609120042142,1,0,1,0
202609120027384,1,0,1,0
202609120030109,1,0,1,0
202609120027574,1,0,1,0
202609120018340,1,0,1,0
202609120011362,1,0,1,0
202609120035752,1,0,1,0
202609120020947,1,0,1,0
202609120018085,1,0,1,0
202609120023287,1,0,1,0
202609120023527,1,0,1,0
202609120023329,1,0,1,0
202609120002562,1,0,1,0
202609120002350,1,0,1,0
202609120011943,1,0,1,0
202609120028694,1,0,1,0
202609120037906,1,0,1,0
202609120047638,1,0,1,0
202609120010077,1,0,1,0
202609120016677,1,0,1,0
202609120039182,1,0,1,0
202609120043249,1,0,1,0
202609120020751,1,0,1,0
202609120015034,1,0,1,0
202609120007091,1,0,1,0
202609120012024,1,0,1,0
202609120028447,1,0,1,0
202609120006171,1,0,1,0
202609120044645,1,0,1,0
202609120048403,1,0,1,0
202609120002765,1,0,1,0
202609120003035,1,0,1,0
202609120011045,1,0,1,0
202609120039997,1,0,1,0
202609120018606,1,0,1,0
202609120041068,1,0,1,0
202609120012411,1,0,1,0
202609120021260,1,0,1,0
202609120003363,1,0,1,0
202609120040685,1,0,1,0
202609120048997,1,0,1,0
202609120016508,1,0,1,0
202609120025401,1,0,1,0
202609120010852,1,0,1,0
202609120043987,1,0,1,0
202609120016519,1,0,1,0
202609120041919,1,0,1,0
202609120045888,1,0,1,0
202609120042682,1,0,1,0
202609120011315,1,0,1,0
202609120040015,1,0,1,0
202609120020392,1,0,1,0
202609120008446,1,0,1,0
202609120019918,1,0,1,0
202609120013263,1,0,1,0
202609120042511,1,0,1,0
202609120032850,1,0,1,0
202609120048803,1,0,1,0
202609120022935,1,0,1,0
202609120047673,1,0,1,0
202609120045485,1,0,1,0
202609120010340,1,0,1,0
202609120003559,1,0,1,0
202609120018330,1,0,1,0
202609120037341,1,0,1,0
202609120030035,1,0,1,0
202609120034720,1,0,1,0
202609120023433,1,0,1,0
202609120021276,1,0,1,0
202609120034815,1,0,1,0
202609120004006,1,0,1,0
202609120025292,1,0,1,0
202609120014325,1,0,1,0
202609120016704,1,0,1,0
202609120002155,1,0,1,0
202609120028636,1,0,1,0
202609120002011,1,0,1,0
202609120004905,1,0,1,0
202609120047791,1,0,1,0
202609120014853,1,0,1,0
202609120020713,1,0,1,0
202609120048126,1,0,1,0
202609120030494,1,0,1,0
202609120033065,1,0,1,0
202609120009230,1,0,1,0
202609120025978,1,0,1,0
202609120019467,1,0,1,0
202609120028416,1,0,1,0
202609120033351,1,0,1,0
202609120011107,1,0,1,0
202609120030040,1,0,1,0
202609120021428,1,0,1,0
202609120029868,1,0,1,0
202609120008422,1,0,1,0
202609120040275,1,0,1,0
202609120029243,1,0,1,0
202609120026373,1,0,1,0
202609120035887,1,0,1,0
202609120033224,1,0,1,0
202609120047186,1,0,1,0
202609120006892,1,0,1,0
202609120015861,1,0,1,0
202609120018058,1,0,1,0
202609120021118,1,0,1,0
202609120026923,1,0,1,0
202609120019614,1,0,1,0
202609120038128,1,0,1,0
202609120048887,1,0,1,0
202609120027104,1,0,1,0
202609120039663,1,0,1,0
202609120042831,1,0,1,0
202609120008133,1,0,1,0
202609120022179,1,0,1,0
202609120021453,1,0,1,0
202609120039066,1,0,1,0
202609120047683,1,0,1,0
202609120000899,1,0,1,0
202609120016530,1,0,1,0
202609120023187,1,0,1,0
202609120030055,1,0,1,0
202609120003041,1,0,1,0
202609120011581,1,0,1,0
202609120003962,1,0,1,0
202609120012964,1,0,1,0
202609120016350,1,0,1,0
202609120031467,1,0,1,0
202609120008966,1,0,1,0
202609120007774,1,0,1,0
202609120028489,1,0,1,0
202609120003802,1,0,1,0
202609120013328,1,0,1,0
202609120047171,1,0,1,0
202609120009185,1,0,1,0
202609120031049,1,0,1,0
202609120014193,1,0,1,0
202609120000994,1,0,1,0
202609120049387,1,0,1,0
202609120017917,1,0,1,0
202609120044166,1,0,1,0
202609120024268,1,0,1,0
202609120022006,1,0,1,0
202609120011949,1,0,1,0
202609120034152,1,0,1,0
202609120034154,1,0,1,0
202609120027950,1,0,1,0
202609120025746,1,0,1,0
202609120035042,1,0,1,0
202609120023646,1,0,1,0
202609120042055,1,0,1,0
202609120015335,1,0,1,0
202609120018540,1,0,1,0
202609120019206,1,0,1,0
202609120002729,1,0,1,0
202609120026356,1,0,1,0
202609120008912,1,0,1,0
202609120014097,1,0,1,0
202609120014275,1,0,1,0
202609120045219,1,0,1,0
202609120006044,1,0,1,0
202609120023643,1,0,1,0
202609120015038,1,0,1,0
202609120023442,1,0,1,0
202609120049619,1,0,1,0
202609120008928,1,0,1,0
202609120021236,1,0,1,0
202609120038658,1,0,1,0
202609120047573,1,0,1,0
202609120012965,1,0,1,0
202609120033237,1,0,1,0
202609120025030,1,0,1,0
202609120039668,1,0,1,0
202609120019116,1,0,1,0
202609120040430,1,0,1,0
202609120046078,1,0,1,0
202609120031470,1,0,1,0
202609120002468,1,0,1,0
202609120038012,1,0,1,0
202609120046357,1,0,1,0
202609120014338,1,0,1,0
202609120040409,1,0,1,0
202609120022754,1,0,1,0
202609120005263,1,0,1,0
202609120035823,1,0,1,0
202609120025232,1,0,1,0
202609120048517,1,0,1,0
202609120017501,1,0,1,0
202609120036446,1,0,1,0
202609120008431,1,0,1,0
202609120013522,1,0,1,0
202609120032183,1,0,1,0
202609120034142,1,0,1,0
202609120007488,1,0,1,0
202609120019009,1,0,1,0
202609120012649,1,0,1,0
202609120025377,1,0,1,0
202609120038372,1,0,1,0
202609120038315,1,0,1,0
202609120016893,1,0,1,0
202609120028564,1,0,1,0
202609120010911,1,0,1,0
202609120038513,1,0,1,0
202609120041338,1,0,1,0
202609120010661,1,0,1,0
202609120020717,1,0,1,0
202609120004813,1,0,1,0
202609120036293,1,0,1,0
202609120044424,1,0,1,0
202609120025801,1,0,1,0
202609120025194,1,0,1,0
202609120025044,1,0,1,0
202609120013811,1,0,1,0
202609120017924,1,0,1,0
202609120035610,1,0,1,0
202609120010885,1,0,1,0
202609120022424,1,0,1,0
202609120047239,1,0,1,0
202609120016955,1,0,1,0
202609120038377,1,0,1,0
202609120046687,1,0,1,0
202609120047628,1,0,1,0
202609120026670,1,0,1,0
202609120049567,1,0,1,0
202609120011207,1,0,1,0
202609120015153,1,0,1,0
202609120037700,1,0,1,0
202609120020797,1,0,1,0
202609120023825,1,0,1,0
202609120034002,1,0,1,0
202609120036106,1,0,1,0
202609120019256,1,0,1,0
202609120020891,1,0,1,0
202609120019570,1,0,1,0
202609120009519,1,0,1,0
202609120028286,1,0,1,0
202609120029431,1,0,1,0
202609120034206,1,0,1,0
202609120001058,1,0,1,0
202609120008064,1,0,1,0
202609120041672,1,0,1,0
202609120041312,1,0,1,0
202609120001462,1,0,1,0
202609120017538,1,0,1,0
202609120047930,1,0,1,0
202609120005344,1,0,1,0
202609120016308,1,0,1,0
202609120006395,1,0,1,0
202609120034194,1,0,1,0
202609120033204,1,0,1,0
202609120010127,1,0,1,0
202609120021606,1,0,1,0
202609120020198,1,0,1,0
202609120013299,1,0,1,0
202609120022234,1,0,1,0
202609120034393,1,0,1,0
202609120024584,1,0,1,0
202609120043190,1,0,1,0
202609120047852,1,0,1,0
202609120003443,1,0,1,0
202609120006633,1,0,1,0
202609120045913,1,0,1,0
202609120013126,1,0,1,0
202609120034109,1,0,1,0
202609120021910,1,0,1,0
202609120017855,1,0,1,0
202609120022787,1,0,1,0
202609120010830,1,0,1,0
202609120015613,1,0,1,0
202609120011340,1,0,1,0
202609120038759,1,0,1,0
202609120027763,1,0,1,0
202609120037854,1,0,1,0
202609120012087,1,0,1,0
202609120027856,1,0,1,0
202609120017563,1,0,1,0
202609120020955,1,0,1,0
202609120018286,1,0,1,0
202609120006253,1,0,1,0
202609120017370,1,0,1,0
202609120005908,1,0,1,0
202609120031205,1,0,1,0
202609120048289,1,0,1,0
202609120021021,1,0,1,0
202609120039231,1,0,1,0
202609120003247,1,0,1,0
202609120027564,1,0,1,0
202609120002467,1,0,1,0
202609120001854,1,0,1,0
202609120019354,1,0,1,0
202609120012609,1,0,1,0
202609120033246,1,0,1,0
202609120011607,1,0,1,0
202609120021348,1,0,1,0
202609120037430,1,0,1,0
202609120028741,1,0,1,0
202609120018482,1,0,1,0
202609120038593,1,0,1,0
202609120028138,1,0,1,0
202609120008399,1,0,1,0
202609120040945,1,0,1,0
202609120023223,1,0,1,0
202609120034007,1,0,1,0
202609120046984,1,0,1,0
202609120032565,1,0,1,0
202609120001185,1,0,1,0
202609120043895,1,0,1,0
202609120032990,1,0,1,0
202609120048328,1,0,1,0
202609120016379,1,0,1,0
202609120002385,1,0,1,0
202609120009492,1,0,1,0
202609120011506,1,0,1,0
202609120046303,1,0,1,0
202609120015044,1,0,1,0
202609120012579,1,0,1,0
202609120038857,1,0,1,0
202609120007785,1,0,1,0
202609120041866,1,0,1,0
202609120032526,1,0,1,0
202609120011076,1,0,1,0
202609120008476,1,0,1,0
202609120041391,1,0,1,0
202609120035648,1,0,1,0
202609120028682,1,0,1,0
202609120001585,1,0,1,0
202609120032368,1,0,1,0
202609120000632,1,0,1,0
202609120006632,1,0,1,0
202609120042374,1,0,1,0
202609120040698,1,0,1,0
202609120015013,1,0,1,0
202609120008528,1,0,1,0
202609120041844,1,0,1,0
202609120046809,1,0,1,0
202609120024626,1,0,1,0
202609120049630,1,0,1,0
202609120046676,1,0,1,0
202609120032484,1,0,1,0
202609120022369,1,0,1,0
202609120003844,1,0,1,0
202609120028700,1,0,1,0
202609120003314,1,0,1,0
202609120030406,1,0,1,0
202609120004219,1,0,1,0
202609120004711,1,0,1,0
202609120020160,1,0,1,0
202609120000931,1,0,1,0
202609120008118,1,0,1,0
202609120008537,1,0,1,0
202609120034960,1,0,1,0
202609120002952,1,0,1,0
202609120027555,1,0,1,0
202609120031633,1,0,1,0
202609120024667,1,0,1,0
202609120017748,1,0,1,0
202609120030887,1,0,1,0
202609120012055,1,0,1,0
202609120040948,1,0,1,0
202609120036657,1,0,1,0
202609120036770,1,0,1,0
202609120017478,1,0,1,0
202609120023080,1,0,1,0
202609120021628,1,0,1,0
202609120024168,1,0,1,0
202609120024665,1,0,1,0
202609120042955,1,0,1,0
202609120016679,1,0,1,0
202609120029391,1,0,1,0
202609120030692,1,0,1,0
202609120031415,1,0,1,0
202609120018494,1,0,1,0
202609120024966,1,0,1,0
202609120017686,1,0,1,0
202609120005797,1,0,1,0
202609120017073,1,0,1,0
202609120035657,1,0,1,0
202609120006218,1,0,1,0
202609120040639,1,0,1,0
202609120003957,1,0,1,0
202609120027721,1,0,1,0
202609120028648,1,0,1,0
202609120004066,1,0,1,0
202609120005425,1,0,1,0
202609120036599,1,0,1,0
202609120033983,1,0,1,0
202609120045410,1,0,1,0
202609120048360,1,0,1,0
202609120038716,1,0,1,0
202609120023448,1,0,1,0
202609120024053,1,0,1,0
202609120022808,1,0,1,0
202609120013931,1,0,1,0
202609120010590,1,0,1,0
202609120005057,1,0,1,0
202609120003487,1,0,1,0
202609120038624,1,0,1,0
202609120012292,1,0,1,0
202609120019862,1,0,1,0
202609120046894,1,0,1,0
202609120045593,1,0,1,0
202609120006749,1,0,1,0
202609120031840,1,0,1,0
202609120039521,1,0,1,0
202609120048963,1,0,1,0
202609120021397,1,0,1,0
202609120003884,1,0,1,0
202609120011571,1,0,1,0
202609120011318,1,0,1,0
202609120048188,1,0,1,0
202609120007508,1,0,1,0
202609120002006,1,0,1,0
202609120004858,1,0,1,0
202609120020388,1,0,1,0
202609120010240,1,0,1,0
202609120025616,1,0,1,0
202609120027135,1,0,1,0
202609120017201,1,0,1,0
202609120041595,1,0,1,0
202609120043361,1,0,1,0
202609120041224,1,0,1,0
202609120034778,1,0,1,0
202609120009787,1,0,1,0
202609120037849,1,0,1,0
202609120009806,1,0,1,0
202609120023840,1,0,1,0
202609120025990,1,0,1,0
202609120041106,1,0,1,0
202609120029666,1,0,1,0
202609120039629,1,0,1,0
202609120022219,1,0,1,0
202609120006800,1,0,1,0
202609120014950,1,0,1,0
202609120007546,1,0,1,0
202609120017481,1,0,1,0
202609120014872,1,0,1,0
202609120024148,1,0,1,0
202609120020990,1,0,1,0
202609120032641,1,0,1,0
202609120030877,1,0,1,0
202609120005069,1,0,1,0
202609120028957,1,0,1,0
202609120041000,1,0,1,0
202609120018123,1,0,1,0
202609120048061,1,0,1,0
202609120026067,1,0,1,0
202609120000679,1,0,1,0
202609120018513,1,0,1,0
202609120033791,1,0,1,0
202609120020816,1,0,1,0
202609120026729,1,0,1,0
202609120013673,1,0,1,0
202609120033457,1,0,1,0
202609120020028,1,0,1,0
202609120043026,1,0,1,0
202609120012466,1,0,1,0
202609120026835,1,0,1,0
202609120044789,1,0,1,0
202609120002148,1,0,1,0
202609120023889,1,0,1,0
202609120039962,1,0,1,0
202609120001675,1,0,1,0
202609120047492,1,0,1,0
202609120016370,1,0,1,0
202609120026584,1,0,1,0
202609120015130,1,0,1,0
202609120028051,1,0,1,0
202609120043956,1,0,1,0
202609120000719,1,0,1,0
202609120029212,1,0,1,0
202609120004984,1,0,1,0
202609120018847,1,0,1,0
202609120018297,1,0,1,0
202609120004385,1,0,1,0
202609120044756,1,0,1,0
202609120017714,1,0,1,0
202609120027606,1,0,1,0
202609120019405,1,0,1,0
202609120035900,1,0,1,0
202609120004602,1,0,1,0
202609120016559,1,0,1,0
202609120032865,1,0,1,0
202609120011559,1,0,1,0
202609120031297,1,0,1,0
202609120014006,1,0,1,0
202609120038036,1,0,1,0
202609120034096,1,0,1,0
202609120029628,1,0,1,0
202609120048425,1,0,1,0
202609120012563,1,0,1,0
202609120028476,1,0,1,0
202609120030176,1,0,1,0
202609120022791,1,0,1,0
202609120029589,1,0,1,0
202609120026362,1,0,1,0
202609120024079,1,0,1,0
202609120007734,1,0,1,0
202609120009599,1,0,1,0
202609120034012,1,0,1,0
202609120002496,1,0,1,0
202609120047724,1,0,1,0
202609120007870,1,0,1,0
202609120016725,1,0,1,0
202609120004136,1,0,1,0
202609120016410,1,0,1,0
202609120045727,1,0,1,0
202609120034428,1,0,1,0
202609120035907,1,0,1,0
202609120025930,1,0,1,0
202609120048688,1,0,1,0
202609120034576,1,0,1,0
202609120008796,1,0,1,0
202609120002372,1,0,1,0
202609120014177,1,0,1,0
202609120031248,1,0,1,0
202609120023719,1,0,1,0
202609120018415,1,0,1,0
202609120014742,1,0,1,0
202609120002406,1,0,1,0
202609120015842,1,0,1,0
202609120021006,1,0,1,0
202609120009218,1,0,1,0
202609120035186,1,0,1,0
202609120032231,1,0,1,0
202609120002744,1,0,1,0
202609120048357,1,0,1,0
202609120008377,1,0,1,0
202609120019410,1,0,1,0
202609120043995,1,0,1,0
202609120020983,1,0,1,0
202609120019425,1,0,1,0
202609120040288,1,0,1,0
202609120042180,1,0,1,0
202609120025142,1,0,1,0
202609120032955,1,0,1,0
202609120000587,1,0,1,0
202609120007940,1,0,1,0
202609120042281,1,0,1,0
202609120021007,1,0,1,0
202609120047633,1,0,1,0
202609120017679,1,0,1,0
202609120040184,1,0,1,0
202609120002374,1,0,1,0
202609120001682,1,0,1,0
202609120018453,1,0,1,0
202609120015369,1,0,1,0
202609120015255,1,0,1,0
202609120036334,1,0,1,0
202609120025427,1,0,1,0
202609120023941,1,0,1,0
202609120038587,1,0,1,0
202609120038191,1,0,1,0
202609120008173,1,0,1,0
202609120020291,1,0,1,0
202609120012807,1,0,1,0
202609120044913,1,0,1,0
202609120027644,1,0,1,0
202609120008353,1,0,1,0
202609120012803,1,0,1,0
202609120004023,1,0,1,0
202609120016197,1,0,1,0
202609120024807,1,0,1,0
202609120010067,1,0,1,0
202609120021445,1,0,1,0
202609120007344,1,0,1,0
202609120014956,1,0,1,0
202609120041376,1,0,1,0
202609120036428,1,0,1,0
202609120022705,1,0,1,0
202609120005996,1,0,1,0
202609120011198,1,0,1,0
202609120003619,1,0,1,0
202609120031673,1,0,1,0
202609120004105,1,0,1,0
202609120014856,1,0,1,0
202609120028152,1,0,1,0
202609120000593,1,0,1,0
202609120023857,1,0,1,0
202609120014608,1,0,1,0
202609120003385,1,0,1,0
202609120034442,1,0,1,0
202609120018973,1,0,1,0
202609120027782,1,0,1,0
202609120036494,1,0,1,0
202609120041707,1,0,1,0
202609120036710,1,0,1,0
202609120012949,1,0,1,0
202609120017232,1,0,1,0
202609120040284,1,0,1,0
202609120007107,1,0,1,0
202609120004182,1,0,1,0
202609120029854,1,0,1,0
202609120017011,1,0,1,0
202609120008240,1,0,1,0
202609120002448,1,0,1,0
202609120023949,1,0,1,0
202609120040874,1,0,1,0
202609120048709,1,0,1,0
202609120047404,1,0,1,0
202609120001228,1,0,1,0
202609120022075,1,0,1,0
202609120002092,1,0,1,0
202609120008228,1,0,1,0
202609120044678,1,0,1,0
202609120014837,1,0,1,0
202609120025441,1,0,1,0
202609120032390,1,0,1,0
202609120018066,1,0,1,0
202609120019252,1,0,1,0
202609120007059,1,0,1,0
202609120032763,1,0,1,0
202609120001476,1,0,1,0
202609120021436,1,0,1,0
202609120002872,1,0,1,0
202609120027147,1,0,1,0
202609120045612,1,0,1,0
202609120005346,1,0,1,0
202609120048426,1,0,1,0
202609120002314,1,0,1,0
202609120008792,1,0,1,0
202609120037565,1,0,1,0
202609120033795,1,0,1,0
202609120000306,1,0,1,0
202609120037695,1,0,1,0
202609120004210,1,0,1,0
202609120011378,1,0,1,0
202609120032184,1,0,1,0
202609120026724,1,0,1,0
202609120022447,1,0,1,0
202609120044852,1,0,1,0
202609120011577,1,0,1,0
202609120013454,1,0,1,0
202609120018234,1,0,1,0
202609120017535,1,0,1,0
202609120031702,1,0,1,0
202609120034743,1,0,1,0
202609120016615,1,0,1,0
202609120026409,1,0,1,0
202609120047556,1,0,1,0
202609120016674,1,0,1,0
202609120025944,1,0,1,0
202609120001842,1,0,1,0
202609120047549,1,0,1,0
202609120003273,1,0,1,0
202609120006853,1,0,1,0
202609120037838,1,0,1,0
202609120031767,1,0,1,0
202609120024030,1,0,1,0
202609120048399,1,0,1,0
202609120034501,1,0,1,0
202609120003249,1,0,1,0
202609120026929,1,0,1,0
202609120028665,1,0,1,0
202609120013991,1,0,1,0
202609120020610,1,0,1,0
202609120013721,1,0,1,0
202609120019831,1,0,1,0
202609120025661,1,0,1,0
202609120032339,1,0,1,0
202609120031489,1,0,1,0
202609120018763,1,0,1,0
202609120034047,1,0,1,0
202609120015278,1,0,1,0
202609120037721,1,0,1,0
202609120047857,1,0,1,0
202609120019766,1,0,1,0
202609120002120,1,0,1,0
202609120046648,1,0,1,0
202609120049037,1,0,1,0
202609120016505,1,0,1,0
202609120041733,1,0,1,0
202609120025394,1,0,1,0
202609120030956,1,0,1,0
202609120033874,1,0,1,0
202609120030479,1,0,1,0
202609120005233,1,0,1,0
202609120018203,1,0,1,0
202609120017079,1,0,1,0
202609120039726,1,0,1,0
202609120008357,1,0,1,0
202609120034821,1,0,1,0
202609120048683,1,0,1,0
202609120024745,1,0,1,0
202609120023503,1,0,1,0
202609120024147,1,0,1,0
202609120048925,1,0,1,0
202609120010902,1,0,1,0
202609120034515,1,0,1,0
202609120024068,1,0,1,0
202609120015671,1,0,1,0
202609120040678,1,0,1,0
202609120032616,1,0,1,0
202609120025602,1,0,1,0
202609120021986,1,0,1,0
202609120027274,1,0,1,0
202609120019631,1,0,1,0
202609120031991,1,0,1,0
202609120036689,1,0,1,0
202609120012549,1,0,1,0
202609120049443,1,0,1,0
202609120033667,1,0,1,0
202609120022355,1,0,1,0
202609120025898,1,0,1,0
202609120025964,1,0,1,0
202609120001338,1,0,1,0
202609120011726,1,0,1,0
202609120049188,1,0,1,0
202609120040091,1,0,1,0
202609120028314,1,0,1,0
202609120026901,1,0,1,0
202609120035512,1,0,1,0
202609120001375,1,0,1,0
202609120000133,1,0,1,0
202609120040969,1,0,1,0
202609120043792,1,0,1,0
202609120034572,1,0,1,0
202609120017075,1,0,1,0
202609120044848,1,0,1,0
202609120038844,1,0,1,0
202609120036581,1,0,1,0
202609120026854,1,0,1,0
202609120016867,1,0,1,0
202609120026261,1,0,1,0
202609120040081,1,0,1,0
202609120031407,1,0,1,0
202609120031089,1,0,1,0
202609120009957,1,0,1,0
202609120047428,1,0,1,0
202609120044929,1,0,1,0
202609120017084,1,0,1,0
202609120016851,1,0,1,0
202609120009036,1,0,1,0
202609120038672,1,0,1,0
202609120011631,1,0,1,0
202609120015324,1,0,1,0
202609120040313,1,0,1,0
202609120030174,1,0,1,0
202609120004056,1,0,1,0
202609120007560,1,0,1,0
202609120039749,1,0,1,0
202609120017417,1,0,1,0
202609120011905,1,0,1,0
202609120027612,1,0,1,0
202609120037781,1,0,1,0
202609120017239,1,0,1,0
202609120026871,1,0,1,0
202609120016231,1,0,1,0
202609120014016,1,0,1,0
202609120024005,1,0,1,0
202609120006794,1,0,1,0
202609120022077,1,0,1,0
202609120011948,1,0,1,0
202609120018820,1,0,1,0
202609120013795,1,0,1,0
202609120038939,1,0,1,0
202609120038525,1,0,1,0
202609120041813,1,0,1,0
202609120025281,1,0,1,0
202609120043324,1,0,1,0
202609120026921,1,0,1,0
202609120037767,1,0,1,0
202609120000974,1,0,1,0
202609120037809,1,0,1,0
202609120001127,1,0,1,0
202609120037792,1,0,1,0
202609120048585,1,0,1,0
202609120021289,1,0,1,0
202609120004249,1,0,1,0
202609120015859,1,0,1,0
202609120000890,1,0,1,0
202609120010641,1,0,1,0
202609120012581,1,0,1,0
202609120039163,1,0,1,0
202609120034182,1,0,1,0
202609120041754,1,0,1,0
202609120033946,1,0,1,0
202609120047286,1,0,1,0
202609120004009,1,0,1,0
202609120032399,1,0,1,0
202609120031201,1,0,1,0
202609120036327,1,0,1,0
202609120014656,1,0,1,0
202609120041637,1,0,1,0
202609120002035,1,0,1,0
202609120019446,1,0,1,0
202609120023641,1,0,1,0
202609120049107,1,0,1,0
202609120037310,1,0,1,0
202609120003542,1,0,1,0
202609120027159,1,0,1,0
202609120026779,1,0,1,0
202609120021067,1,0,1,0
202609120028363,1,0,1,0
202609120016239,1,0,1,0
202609120005004,1,0,1,0
202609120046918,1,0,1,0
202609120012419,1,0,1,0
202609120000245,1,0,1,0
202609120030894,1,0,1,0
202609120030453,1,0,1,0
202609120048977,1,0,1,0
202609120018510,1,0,1,0
202609120014168,1,0,1,0
202609120027930,1,0,1,0
202609120023504,1,0,1,0
202609120030778,1,0,1,0
202609120001616,1,0,1,0
202609120046128,1,0,1,0
202609120023831,1,0,1,0
202609120033960,1,0,1,0
202609120004963,1,0,1,0
202609120026318,1,0,1,0
202609120048860,1,0,1,0
202609120042615,1,0,1,0
202609120010284,1,0,1,0
202609120043617,1,0,1,0
202609120043856,1,0,1,0
202609120002498,1,0,1,0
202609120020950,1,0,1,0
202609120047906,1,0,1,0
202609120039837,1,0,1,0
202609120001238,1,0,1,0
202609120017806,1,0,1,0
202609120027126,1,0,1,0
202609120014397,1,0,1,0
202609120001650,1,0,1,0
202609120022473,1,0,1,0
202609120023631,1,0,1,0
202609120035636,1,0,1,0
202609120049232,1,0,1,0
202609120017869,1,0,1,0
202609120014163,1,0,1,0
202609120006089,1,0,1,0
202609120003939,1,0,1,0
202609120018098,1,0,1,0
202609120044355,1,0,1,0
202609120006829,1,0,1,0
202609120002597,1,0,1,0
202609120013823,1,0,1,0
202609120020915,1,0,1,0
202609120015856,1,0,1,0
202609120044323,1,0,1,0
202609120036558,1,0,1,0
202609120010604,1,0,1,0
202609120048358,1,0,1,0
202609120004737,1,0,1,0
202609120012067,1,0,1,0
202609120036007,1,0,1,0
202609120007555,1,0,1,0
202609120000644,1,0,1,0
202609120000176,1,0,1,0
202609120012643,1,0,1,0
202609120040494,1,0,1,0
202609120043562,1,0,1,0
202609120033273,1,0,1,0
202609120029524,1,0,1,0
202609120036553,1,0,1,0
202609120028568,1,0,1,0
202609120003221,1,0,1,0
202609120012968,1,0,1,0
202609120037730,1,0,1,0
202609120014755,1,0,1,0
202609120009522,1,0,1,0
202609120002389,1,0,1,0
202609120032623,1,0,1,0
202609120025263,1,0,1,0
202609120002325,1,0,1,0
202609120019465,1,0,1,0
202609120042309,1,0,1,0
202609120011429,1,0,1,0
202609120027193,1,0,1,0
202609120020839,1,0,1,0
202609120021527,1,0,1,0
202609120008044,1,0,1,0
202609120018564,1,0,1,0
202609120016100,1,0,1,0
202609120048784,1,0,1,0
202609120038586,1,0,1,0
202609120042357,1,0,1,0
202609120033519,1,0,1,0
202609120041394,1,0,1,0
202609120017587,1,0,1,0
202609120031573,1,0,1,0
202609120029093,1,0,1,0
202609120038698,1,0,1,0
202609120017292,1,0,1,0
202609120035063,1,0,1,0
202609120049503,1,0,1,0
202609120036066,1,0,1,0
202609120048361,1,0,1,0
202609120006460,1,0,1,0
202609120017365,1,0,1,0
202609120016246,1,0,1,0
202609120034133,1,0,1,0
202609120047423,1,0,1,0
202609120008613,1,0,1,0
202609120044951,1,0,1,0
202609120012249,1,0,1,0
202609120035094,1,0,1,0
202609120044679,1,0,1,0
202609120045985,1,0,1,0
202609120014497,1,0,1,0
202609120035889,1,0,1,0
202609120005559,1,0,1,0
202609120018127,1,0,1,0
202609120036757,1,0,1,0
202609120049355,1,0,1,0
202609120010005,1,0,1,0
202609120021624,1,0,1,0
202609120011054,1,0,1,0
202609120035807,1,0,1,0
202609120014322,1,0,1,0
202609120044077,1,0,1,0
202609120036361,1,0,1,0
202609120002836,1,0,1,0
202609120046016,1,0,1,0
202609120037882,1,0,1,0
202609120002484,1,0,1,0
202609120037534,1,0,1,0
202609120017653,1,0,1,0
202609120009445,1,0,1,0
202609120027679,1,0,1,0
202609120027143,1,0,1,0
202609120034062,1,0,1,0
202609120009173,1,0,1,0
202609120031497,1,0,1,0
202609120046310,1,0,1,0
202609120001146,1,0,1,0
202609120012015,1,0,1,0
202609120006466,1,0,1,0
202609120031549,1,0,1,0
202609120025934,1,0,1,0
202609120043808,1,0,1,0
202609120037073,1,0,1,0
202609120011934,1,0,1,0
202609120024417,1,0,1,0
202609120042256,1,0,1,0
202609120011393,1,0,1,0
202609120017728,1,0,1,0
202609120001964,1,0,1,0
202609120038181,1,0,1,0
202609120025026,1,0,1,0
202609120022059,1,0,1,0
202609120034070,1,0,1,0
202609120044973,1,0,1,0
202609120030973,1,0,1,0
202609120003198,1,0,1,0
202609120039842,1,0,1,0
202609120023487,1,0,1,0
202609120020154,1,0,1,0
202609120044336,1,0,1,0
202609120044460,1,0,1,0
202609120001982,1,0,1,0
202609120006140,1,0,1,0
202609120024929,1,0,1,0
202609120002086,1,0,1,0
202609120005436,1,0,1,0
202609120004518,1,0,1,0
202609120003056,1,0,1,0
202609120025982,1,0,1,0
202609120031003,1,0,1,0
202609120045004,1,0,1,0
202609120021216,1,0,1,0
202609120011391,1,0,1,0
202609120023491,1,0,1,0
202609120008572,1,0,1,0
202609120047917,1,0,1,0
202609120007616,1,0,1,0
202609120034464,1,0,1,0
202609120036037,1,0,1,0
202609120032414,1,0,1,0
202609120013730,1,0,1,0
202609120043628,1,0,1,0
202609120035115,1,0,1,0
202609120017391,1,0,1,0
202609120033044,1,0,1,0
202609120022323,1,0,1,0
202609120026541,1,0,1,0
202609120046395,1,0,1,0
202609120014054,1,0,1,0
202609120016024,1,0,1,0
202609120015756,1,0,1,0
202609120024105,1,0,1,0
202609120020887,1,0,1,0
202609120020344,1,0,1,0
202609120042428,1,0,1,0
202609120048172,1,0,1,0
202609120022132,1,0,1,0
202609120036699,1,0,1,0
202609120018626,1,0,1,0
202609120010244,1,0,1,0
202609120040341,1,0,1,0
202609120013242,1,0,1,0
202609120008911,1,0,1,0
202609120043608,1,0,1,0
202609120033936,1,0,1,0
202609120047351,1,0,1,0
202609120002208,1,0,1,0
202609120026405,1,0,1,0
202609120002636,1,0,1,0
202609120017908,1,0,1,0
202609120018524,1,0,1,0
202609120002410,1,0,1,0
202609120030816,1,0,1,0
202609120002623,1,0,1,0
202609120003523,1,0,1,0
202609120038669,1,0,1,0
202609120011826,1,0,1,0
202609120014183,1,0,1,0
202609120029969,1,0,1,0
202609120008703,1,0,1,0
202609120003631,1,0,1,0
202609120048692,1,0,1,0
202609120022519,1,0,1,0
202609120027397,1,0,1,0
202609120025562,1,0,1,0
202609120018243,1,0,1,0
202609120030085,1,0,1,0
202609120016654,1,0,1,0
202609120045997,1,0,1,0
202609120000527,1,0,1,0
202609120048640,1,0,1,0
202609120030121,1,0,1,0
202609120006151,1,0,1,0
202609120018189,1,0,1,0
202609120034200,1,0,1,0
202609120023336,1,0,1,0
202609120004275,1,0,1,0
202609120022630,1,0,1,0
202609120010010,1,0,1,0
202609120028876,1,0,1,0
202609120033585,1,0,1,0
202609120018048,1,0,1,0
202609120019175,1,0,1,0
202609120023717,1,0,1,0
202609120049440,1,0,1,0
202609120023142,1,0,1,0
202609120006068,1,0,1,0
202609120005921,1,0,1,0
202609120033632,1,0,1,0
202609120017893,1,0,1,0
202609120011196,1,0,1,0
202609120039832,1,0,1,0
202609120008360,1,0,1,0
202609120022382,1,0,1,0
202609120010767,1,0,1,0
202609120039841,1,0,1,0
202609120021198,1,0,1,0
202609120022611,1,0,1,0
202609120010325,1,0,1,0
202609120000468,1,0,1,0
202609120041884,1,0,1,0
202609120013914,1,0,1,0
202609120040141,1,0,1,0
202609120023020,1,0,1,0
202609120030718,1,0,1,0
202609120003504,1,0,1,0
202609120018159,1,0,1,0
202609120029130,1,0,1,0
202609120022537,1,0,1,0
202609120023375,1,0,1,0
202609120028998,1,0,1,0
202609120047643,1,0,1,0
202609120026504,1,0,1,0
202609120003485,1,0,1,0
202609120043282,1,0,1,0
202609120009305,1,0,1,0
202609120032325,1,0,1,0
202609120003388,1,0,1,0
202609120029670,1,0,1,0
202609120014807,1,0,1,0
202609120032596,1,0,1,0
202609120025520,1,0,1,0
202609120003294,1,0,1,0
202609120002433,1,0,1,0
202609120018574,1,0,1,0
202609120003134,1,0,1,0
202609120048510,1,0,1,0
202609120032630,1,0,1,0
202609120012961,1,0,1,0
202609120049524,1,0,1,0
202609120025181,1,0,1,0
202609120021369,1,0,1,0
202609120003789,1,0,1,0
202609120033334,1,0,1,0
202609120036885,1,0,1,0
202609120010136,1,0,1,0
202609120006586,1,0,1,0
202609120005986,1,0,1,0
202609120035817,1,0,1,0
202609120044576,1,0,1,0
202609120013386,1,0,1,0
202609120018507,1,0,1,0
202609120043531,1,0,1,0
202609120043274,1,0,1,0
202609120048863,1,0,1,0
202609120039138,1,0,1,0
202609120038824,1,0,1,0
202609120037302,1,0,1,0
202609120012387,1,0,1,0
202609120028763,1,0,1,0
202609120035365,1,0,1,0
202609120018884,1,0,1,0
202609120017780,1,0,1,0
202609120012861,1,0,1,0
202609120041668,1,0,1,0
202609120049522,1,0,1,0
202609120039660,1,0,1,0
202609120032789,1,0,1,0
202609120010637,1,0,1,0
202609120028405,1,0,1,0
202609120039943,1,0,1,0
202609120030413,1,0,1,0
202609120036991,1,0,1,0
202609120029841,1,0,1,0
202609120022559,1,0,1,0
202609120003425,1,0,1,0
202609120044126,1,0,1,0
202609120031006,1,0,1,0
202609120027824,1,0,1,0
202609120030860,1,0,1,0
202609120024086,1,0,1,0
202609120030907,1,0,1,0
202609120005370,1,0,1,0
202609120003397,1,0,1,0
202609120017156,1,0,1,0
202609120029261,1,0,1,0
202609120033639,1,0,1,0
202609120027488,1,0,1,0
202609120010268,1,0,1,0
202609120001885,1,0,1,0
202609120046184,1,0,1,0
202609120025569,1,0,1,0
202609120004799,1,0,1,0
202609120022404,1,0,1,0
202609120029352,1,0,1,0
202609120015730,1,0,1,0
202609120003728,1,0,1,0
202609120026453,1,0,1,0
202609120044942,1,0,1,0
202609120043378,1,0,1,0
202609120018263,1,0,1,0
202609120023662,1,0,1,0
202609120041525,1,0,1,0
202609120045771,1,0,1,0
202609120016019,1,0,1,0
202609120024413,1,0,1,0
202609120006016,1,0,1,0
202609120037905,1,0,1,0
202609120007693,1,0,1,0
202609120022872,1,0,1,0
202609120029116,1,0,1,0
202609120024406,1,0,1,0
202609120035374,1,0,1,0
202609120004172,1,0,1,0
202609120028943,1,0,1,0
202609120043349,1,0,1,0
202609120042279,1,0,1,0
202609120039639,1,0,1,0
202609120047086,1,0,1,0
202609120034231,1,0,1,0
202609120005554,1,0,1,0
202609120003420,1,0,1,0
202609120002391,1,0,1,0
202609120040464,1,0,1,0
202609120023436,1,0,1,0
202609120021971,1,0,1,0
202609120000319,1,0,1,0
202609120037193,1,0,1,0
202609120004094,1,0,1,0
202609120034425,1,0,1,0
202609120036975,1,0,1,0
202609120017090,1,0,1,0
202609120027041,1,0,1,0
202609120048393,1,0,1,0
202609120048119,1,0,1,0
202609120041857,1,0,1,0
202609120041366,1,0,1,0
202609120024468,1,0,1,0
202609120042938,1,0,1,0
202609120029378,1,0,1,0
202609120049491,1,0,1,0
202609120002786,1,0,1,0
202609120019432,1,0,1,0
202609120002493,1,0,1,0
202609120025103,1,0,1,0
202609120009647,1,0,1,0
202609120003034,1,0,1,0
202609120020981,1,0,1,0
202609120014487,1,0,1,0
202609120026742,1,0,1,0
202609120027734,1,0,1,0
202609120013112,1,0,1,0
202609120037397,1,0,1,0
202609120024345,1,0,1,0
202609120020309,1,0,1,0
202609120012885,1,0,1,0
202609120021190,1,0,1,0
202609120038953,1,0,1,0
202609120014477,1,0,1,0
202609120041956,1,0,1,0
202609120021906,1,0,1,0
202609120041301,1,0,1,0
202609120006255,1,0,1,0
202609120023787,1,0,1,0
202609120009584,1,0,1,0
202609120021217,1,0,1,0
202609120042087,1,0,1,0
202609120030617,1,0,1,0
202609120034565,1,0,1,0
202609120026847,1,0,1,0
202609120007336,1,0,1,0
202609120007805,1,0,1,0
202609120005067,1,0,1,0
202609120040265,1,0,1,0
202609120049493,1,0,1,0
202609120017269,1,0,1,0
202609120003160,1,0,1,0
202609120032799,1,0,1,0
202609120043990,1,0,1,0
202609120042397,1,0,1,0
202609120037410,1,0,1,0
202609120012403,1,0,1,0
202609120025014,1,0,1,0
202609120035360,1,0,1,0
202609120043176,1,0,1,0
202609120021576,1,0,1,0
202609120004423,1,0,1,0
202609120025309,1,0,1,0
202609120030256,1,0,1,0
202609120001398,1,0,1,0
202609120034092,1,0,1,0
202609120008165,1,0,1,0
202609120048062,1,0,1,0
202609120034564,1,0,1,0
202609120040134,1,0,1,0
202609120021629,1,0,1,0
202609120018102,1,0,1,0
202609120018026,1,0,1,0
202609120041955,1,0,1,0
202609120012665,1,0,1,0
202609120043158,1,0,1,0
202609120043345,1,0,1,0
202609120016612,1,0,1,0
202609120002293,1,0,1,0
202609120010772,1,0,1,0
202609120047288,1,0,1,0
202609120038561,1,0,1,0
202609120003091,1,0,1,0
202609120025167,1,0,1,0
202609120041721,1,0,1,0
202609120020086,1,0,1,0
202609120036348,1,0,1,0
202609120013780,1,0,1,0
202609120037545,1,0,1,0
202609120038992,1,0,1,0
202609120039612,1,0,1,0
202609120049780,1,0,1,0
202609120019448,1,0,1,0
202609120026186,1,0,1,0
202609120003054,1,0,1,0
202609120013110,1,0,1,0
202609120008711,1,0,1,0
202609120034474,1,0,1,0
202609120003309,1,0,1,0
202609120025454,1,0,1,0
202609120047106,1,0,1,0
202609120004941,1,0,1,0
202609120017632,1,0,1,0
202609120040913,1,0,1,0
202609120049675,1,0,1,0
202609120044365,1,0,1,0
202609120035825,1,0,1,0
202609120041274,1,0,1,0
202609120030152,1,0,1,0
202609120038800,1,0,1,0
202609120028806,1,0,1,0
202609120003461,1,0,1,0
202609120025449,1,0,1,0
202609120004726,1,0,1,0
202609120037862,1,0,1,0
202609120010594,1,0,1,0
202609120002047,1,0,1,0
202609120013217,1,0,1,0
202609120009089,1,0,1,0
202609120036413,1,0,1,0
202609120003488,1,0,1,0
202609120016391,1,0,1,0
202609120012904,1,0,1,0
202609120039989,1,0,1,0
202609120022972,1,0,1,0
202609120042206,1,0,1,0
202609120029897,1,0,1,0
202609120003585,1,0,1,0
202609120031429,1,0,1,0
202609120010763,1,0,1,0
202609120031793,1,0,1,0
202609120006503,1,0,1,0
202609120012133,1,0,1,0
202609120024540,1,0,1,0
202609120028566,1,0,1,0
202609120032858,1,0,1,0
202609120039834,1,0,1,0
202609120045404,1,0,1,0
202609120040185,1,0,1,0
202609120036152,1,0,1,0
202609120027300,1,0,1,0
202609120046753,1,0,1,0
202609120023155,1,0,1,0
202609120014775,1,0,1,0
202609120011854,1,0,1,0
202609120016970,1,0,1,0
202609120024106,1,0,1,0
202609120018675,1,0,1,0
202609120038966,1,0,1,0
202609120040547,1,0,1,0
202609120046671,1,0,1,0
202609120034528,1,0,1,0
202609120023637,1,0,1,0
202609120003193,1,0,1,0
202609120005075,1,0,1,0
202609120026310,1,0,1,0
202609120016889,1,0,1,0
202609120011132,1,0,1,0
202609120048315,1,0,1,0
202609120020868,1,0,1,0
202609120026838,1,0,1,0
202609120045831,1,0,1,0
202609120028723,1,0,1,0
202609120041143,1,0,1,0
202609120007146,1,0,1,0
202609120003713,1,0,1,0
202609120005755,1,0,1,0
202609120022152,1,0,1,0
202609120008167,1,0,1,0
202609120027043,1,0,1,0
202609120007048,1,0,1,0
202609120042219,1,0,1,0
202609120006473,1,0,1,0
202609120035919,1,0,1,0
202609120019752,1,0,1,0
202609120020125,1,0,1,0
202609120003453,1,0,1,0
202609120008857,1,0,1,0
202609120046020,1,0,1,0
202609120029806,1,0,1,0
202609120016896,1,0,1,0
202609120027755,1,0,1,0
202609120006322,1,0,1,0
202609120005719,1,0,1,0
202609120021627,1,0,1,0
202609120043170,1,0,1,0
202609120044500,1,0,1,0
202609120046402,1,0,1,0
202609120031019,1,0,1,0
202609120000379,1,0,1,0
202609120012517,1,0,1,0
202609120046280,1,0,1,0
202609120039164,1,0,1,0
202609120048626,1,0,1,0
202609120001445,1,0,1,0
202609120022565,1,0,1,0
202609120040451,1,0,1,0
202609120022853,1,0,1,0
202609120029582,1,0,1,0
202609120024539,1,0,1,0
202609120032874,1,0,1,0
202609120017224,1,0,1,0
202609120001503,1,0,1,0
202609120039696,1,0,1,0
202609120015108,1,0,1,0
202609120044546,1,0,1,0
202609120011509,1,0,1,0
202609120023446,1,0,1,0
202609120016475,1,0,1,0
202609120001672,1,0,1,0
202609120017497,1,0,1,0
202609120026280,1,0,1,0
202609120017054,1,0,1,0
202609120042161,1,0,1,0
202609120027711,1,0,1,0
202609120031540,1,0,1,0
202609120032249,1,0,1,0
202609120002241,1,0,1,0
202609120032008,1,0,1,0
202609120001853,1,0,1,0
202609120026235,1,0,1,0
202609120024969,1,0,1,0
202609120032548,1,0,1,0
202609120048819,1,0,1,0
202609120044222,1,0,1,0
202609120048490,1,0,1,0
202609120005113,1,0,1,0
202609120034588,1,0,1,0
202609120048813,1,0,1,0
202609120022642,1,0,1,0
202609120015885,1,0,1,0
202609120038278,1,0,1,0
202609120025928,1,0,1,0
202609120028766,1,0,1,0
202609120038045,1,0,1,0
202609120014417,1,0,1,0
202609120025157,1,0,1,0
202609120018652,1,0,1,0
202609120023543,1,0,1,0
202609120006085,1,0,1,0
202609120016325,1,0,1,0
202609120047322,1,0,1,0
202609120046264,1,0,1,0
202609120013431,1,0,1,0
202609120034124,1,0,1,0
202609120026086,1,0,1,0
202609120014999,1,0,1,0
202609120022982,1,0,1,0
202609120044665,1,0,1,0
202609120042993,1,0,1,0
202609120002412,1,0,1,0
202609120024254,1,0,1,0
202609120009565,1,0,1,0
202609120019806,1,0,1,0
202609120016035,1,0,1,0
202609120006672,1,0,1,0
202609120028180,1,0,1,0
202609120039198,1,0,1,0
202609120024601,1,0,1,0
202609120034967,1,0,1,0
202609120022694,1,0,1,0
202609120014363,1,0,1,0
202609120018454,1,0,1,0
202609120023496,1,0,1,0
202609120034610,1,0,1,0
202609120001538,1,0,1,0
202609120015316,1,0,1,0
202609120027515,1,0,1,0
202609120034577,1,0,1,0
202609120006639,1,0,1,0
202609120002061,1,0,1,0
202609120037141,1,0,1,0
202609120042373,1,0,1,0
202609120030273,1,0,1,0
202609120009505,1,0,1,0
202609120043900,1,0,1,0
202609120010363,1,0,1,0
202609120035053,1,0,1,0
202609120013047,1,0,1,0
202609120011771,1,0,1,0
202609120041441,1,0,1,0
202609120017872,1,0,1,0
202609120036107,1,0,1,0
202609120019097,1,0,1,0
202609120022005,1,0,1,0
202609120015995,1,0,1,0
202609120032059,1,0,1,0
202609120033669,1,0,1,0
202609120008502,1,0,1,0
202609120020783,1,0,1,0
202609120036867,1,0,1,0
202609120043297,1,0,1,0
202609120038990,1,0,1,0
202609120021975,1,0,1,0
202609120019204,1,0,1,0
202609120000612,1,0,1,0
202609120010298,1,0,1,0
202609120005711,1,0,1,0
202609120029757,1,0,1,0
202609120018367,1,0,1,0
202609120003971,1,0,1,0
202609120021738,1,0,1,0
202609120045339,1,0,1,0
202609120019672,1,0,1,0
202609120034266,1,0,1,0
202609120007675,1,0,1,0
202609120011555,1,0,1,0
202609120026984,1,0,1,0
202609120038426,1,0,1,0
202609120004130,1,0,1,0
202609120018232,1,0,1,0
202609120017291,1,0,1,0
202609120015741,1,0,1,0
202609120045155,1,0,1,0
202609120013150,1,0,1,0
202609120003946,1,0,1,0
202609120033201,1,0,1,0
202609120019430,1,0,1,0
202609120038120,1,0,1,0
202609120019643,1,0,1,0
202609120023381,1,0,1,0
202609120015172,1,0,1,0
202609120048181,1,0,1,0
202609120017313,1,0,1,0
202609120025286,1,0,1,0
202609120000533,1,0,1,0
202609120016218,1,0,1,0
202609120019679,1,0,1,0
202609120024858,1,0,1,0
202609120025360,1,0,1,0
202609120022762,1,0,1,0
202609120019054,1,0,1,0
202609120023443,1,0,1,0
202609120003389,1,0,1,0
202609120025956,1,0,1,0
202609120023743,1,0,1,0
202609120040677,1,0,1,0
202609120023057,1,0,1,0
202609120023173,1,0,1,0
202609120008682,1,0,1,0
202609120040925,1,0,1,0
202609120020815,1,0,1,0
202609120017725,1,0,1,0
202609120021235,1,0,1,0
202609120003706,1,0,1,0
202609120034419,1,0,1,0
202609120036954,1,0,1,0
202609120033745,1,0,1,0
202609120018281,1,0,1,0
202609120049343,1,0,1,0
202609120049620,1,0,1,0
202609120039106,1,0,1,0
202609120007800,1,0,1,0
202609120046785,1,0,1,0
202609120038625,1,0,1,0
202609120010069,1,0,1,0
202609120049637,1,0,1,0
202609120044210,1,0,1,0
202609120045057,1,0,1,0
202609120002866,1,0,1,0
202609120046992,1,0,1,0
202609120025922,1,0,1,0
202609120027405,1,0,1,0
202609120001075,1,0,1,0
202609120003568,1,0,1,0
202609120048935,1,0,1,0
202609120016744,1,0,1,0
202609120018138,1,0,1,0
202609120006981,1,0,1,0
202609120021074,1,0,1,0
202609120039582,1,0,1,0
202609120019463,1,0,1,0
202609120034884,1,0,1,0
202609120014166,1,0,1,0
202609120025608,1,0,1,0
202609120003693,1,0,1,0
202609120033655,1,0,1,0
202609120005887,1,0,1,0
202609120037227,1,0,1,0
202609120006421,1,0,1,0
202609120039434,1,0,1,0
202609120021469,1,0,1,0
202609120030203,1,0,1,0
202609120016191,1,0,1,0
202609120017658,1,0,1,0
202609120005891,1,0,1,0
202609120029632,1,0,1,0
202609120029304,1,0,1,0
202609120044640,1,0,1,0
202609120027029,1,0,1,0
202609120014030,1,0,1,0
202609120041677,1,0,1,0
202609120008591,1,0,1,0
202609120034764,1,0,1,0
202609120029602,1,0,1,0
202609120045023,1,0,1,0
202609120007830,1,0,1,0
202609120034271,1,0,1,0
202609120009852,1,0,1,0
202609120022943,1,0,1,0
202609120021508,1,0,1,0
202609120009827,1,0,1,0
202609120042234,1,0,1,0
202609120019797,1,0,1,0
202609120017818,1,0,1,0
202609120030590,1,0,1,0
202609120024040,1,0,1,0
202609120013448,1,0,1,0
202609120002855,1,0,1,0
202609120031484,1,0,1,0
202609120017165,1,0,1,0
202609120014415,1,0,1,0
202609120023073,1,0,1,0
202609120005215,1,0,1,0
202609120031410,1,0,1,0
202609120012911,1,0,1,0
202609120045792,1,0,1,0
202609120018654,1,0,1,0
202609120027459,1,0,1,0
202609120025064,1,0,1,0
202609120036645,1,0,1,0
202609120006846,1,0,1,0
202609120034083,1,0,1,0
202609120038357,1,0,1,0
202609120027382,1,0,1,0
202609120032369,1,0,1,0
202609120020753,1,0,1,0
202609120024509,1,0,1,0
202609120033780,1,0,1,0
202609120046040,1,0,1,0
202609120007070,1,0,1,0
202609120025001,1,0,1,0
202609120000515,1,0,1,0
202609120009610,1,0,1,0
202609120004547,1,0,1,0
202609120036127,1,0,1,0
202609120008893,1,0,1,0
202609120025508,1,0,1,0
202609120040506,1,0,1,0
202609120036718,1,0,1,0
202609120019125,1,0,1,0
202609120009967,1,0,1,0
202609120002178,1,0,1,0
202609120040262,1,0,1,0
202609120005411,1,0,1,0
202609120020149,1,0,1,0
202609120033341,1,0,1,0
202609120023863,1,0,1,0
202609120043049,1,0,1,0
202609120010896,1,0,1,0
202609120029293,1,0,1,0
202609120008428,1,0,1,0
202609120048482,1,0,1,0
202609120019399,1,0,1,0
202609120011139,1,0,1,0
202609120026848,1,0,1,0
202609120037143,1,0,1,0
202609120024716,1,0,1,0
202609120030761,1,0,1,0
202609120034305,1,0,1,0
202609120044957,1,0,1,0
202609120049535,1,0,1,0
202609120000845,1,0,1,0
202609120023424,1,0,1,0
202609120042646,1,0,1,0
202609120040810,1,0,1,0
202609120036443,1,0,1,0
202609120040126,1,0,1,0
202609120045532,1,0,1,0
202609120001871,1,0,1,0
202609120044295,1,0,1,0
202609120012361,1,0,1,0
202609120015503,1,0,1,0
202609120017067,1,0,1,0
202609120021620,1,0,1,0
202609120045263,1,0,1,0
202609120023901,1,0,1,0
202609120036229,1,0,1,0
202609120021069,1,0,1,0
202609120013956,1,0,1,0
202609120034102,1,0,1,0
202609120021243,1,0,1,0
202609120013115,1,0,1,0
202609120031052,1,0,1,0
202609120007031,1,0,1,0
202609120041900,1,0,1,0
202609120027481,1,0,1,0
202609120009028,1,0,1,0
202609120049791,1,0,1,0
202609120000377,1,0,1,0
202609120011028,1,0,1,0
202609120002123,1,0,1,0
202609120027690,1,0,1,0
202609120016937,1,0,1,0
202609120027297,1,0,1,0
202609120022214,1,0,1,0
202609120020343,1,0,1,0
202609120002549,1,0,1,0
202609120043427,1,0,1,0
202609120007412,1,0,1,0
202609120016195,1,0,1,0
202609120012592,1,0,1,0
202609120008980,1,0,1,0
202609120020053,1,0,1,0
202609120027157,1,0,1,0
202609120024570,1,0,1,0
202609120038674,1,0,1,0
202609120025561,1,0,1,0
202609120048573,1,0,1,0
202609120023976,1,0,1,0
202609120014662,1,0,1,0
202609120034387,1,0,1,0
202609120015460,1,0,1,0
202609120045140,1,0,1,0
202609120013302,1,0,1,0
202609120021674,1,0,1,0
202609120030425,1,0,1,0
202609120023974,1,0,1,0
202609120045797,1,0,1,0
202609120011596,1,0,1,0
202609120012906,1,0,1,0
202609120007238,1,0,1,0
202609120035377,1,0,1,0
202609120048875,1,0,1,0
202609120014461,1,0,1,0
202609120045069,1,0,1,0
202609120010248,1,0,1,0
202609120037732,1,0,1,0
202609120022920,1,0,1,0
202609120015260,1,0,1,0
202609120028172,1,0,1,0
202609120036509,1,0,1,0
202609120013733,1,0,1,0
202609120002212,1,0,1,0
202609120032949,1,0,1,0
202609120013816,1,0,1,0
202609120004340,1,0,1,0
202609120038532,1,0,1,0
202609120015860,1,0,1,0
202609120024244,1,0,1,0
202609120005435,1,0,1,0
202609120021877,1,0,1,0
202609120019558,1,0,1,0
202609120027791,1,0,1,0
202609120024151,1,0,1,0
202609120028550,1,0,1,0
202609120022944,1,0,1,0
202609120038663,1,0,1,0
202609120006462,1,0,1,0
202609120022329,1,0,1,0
202609120042437,1,0,1,0
202609120029850,1,0,1,0
202609120037131,1,0,1,0
202609120040146,1,0,1,0
202609120048105,1,0,1,0
202609120013045,1,0,1,0
202609120026410,1,0,1,0
202609120005268,1,0,1,0
202609120009110,1,0,1,0
202609120031668,1,0,1,0
202609120022089,1,0,1,0
202609120045302,1,0,1,0
202609120036349,1,0,1,0
202609120045862,1,0,1,0
202609120033731,1,0,1,0
202609120007913,1,0,1,0
202609120045502,1,0,1,0
202609120011155,1,0,1,0
202609120037330,1,0,1,0
202609120026049,1,0,1,0
202609120001578,1,0,1,0
202609120029173,1,0,1,0
202609120007638,1,0,1,0
202609120000088,1,0,1,0
202609120013633,1,0,1,0
202609120003482,1,0,1,0
202609120019964,1,0,1,0
202609120014729,1,0,1,0
202609120030364,1,0,1,0
202609120015248,1,0,1,0
202609120049378,1,0,1,0
202609120011584,1,0,1,0
202609120045418,1,0,1,0
202609120049742,1,0,1,0
202609120029206,1,0,1,0
202609120005723,1,0,1,0
202609120015646,1,0,1,0
202609120035573,1,0,1,0
202609120029033,1,0,1,0
202609120010314,1,0,1,0
202609120009838,1,0,1,0
202609120003009,1,0,1,0
202609120038370,1,0,1,0
202609120045145,1,0,1,0
202609120046483,1,0,1,0
202609120012603,1,0,1,0
202609120034360,1,0,1,0
202609120029227,1,0,1,0
202609120024216,1,0,1,0
202609120032915,1,0,1,0
202609120014051,1,0,1,0
202609120039277,1,0,1,0
202609120000518,1,0,1,0
202609120007990,1,0,1,0
202609120022242,1,0,1,0
202609120015933,1,0,1,0
202609120048703,1,0,1,0
202609120041807,1,0,1,0
202609120030259,1,0,1,0
202609120025446,1,0,1,0
202609120045717,1,0,1,0
202609120002276,1,0,1,0
202609120045622,1,0,1,0
202609120021434,1,0,1,0
202609120019369,1,0,1,0
202609120009442,1,0,1,0
202609120031841,1,0,1,0
202609120015850,1,0,1,0
202609120047831,1,0,1,0
202609120048831,1,0,1,0
202609120012203,1,0,1,0
202609120027426,1,0,1,0
202609120040261,1,0,1,0
202609120012399,1,0,1,0
202609120021709,1,0,1,0
202609120021822,1,0,1,0
202609120000448,1,0,1,0
202609120004463,1,0,1,0
202609120005253,1,0,1,0
202609120005846,1,0,1,0
202609120033352,1,0,1,0
202609120009986,1,0,1,0
202609120003066,1,0,1,0
202609120036944,1,0,1,0
202609120019268,1,0,1,0
202609120049555,1,0,1,0
202609120018311,1,0,1,0
202609120013713,1,0,1,0
202609120047220,1,0,1,0
202609120029081,1,0,1,0
202609120007742,1,0,1,0
202609120031552,1,0,1,0
202609120025073,1,0,1,0
202609120001089,1,0,1,0
202609120034661,1,0,1,0
202609120007519,1,0,1,0
202609120015598,1,0,1,0
202609120021699,1,0,1,0
202609120020870,1,0,1,0
202609120021280,1,0,1,0
202609120014236,1,0,1,0
202609120049552,1,0,1,0
202609120037506,1,0,1,0
202609120005647,1,0,1,0
202609120020722,1,0,1,0
202609120018012,1,0,1,0
202609120028371,1,0,1,0
202609120004776,1,0,1,0
202609120045754,1,0,1,0
202609120042393,1,0,1,0
202609120014754,1,0,1,0
202609120019429,1,0,1,0
202609120036304,1,0,1,0
202609120038435,1,0,1,0
202609120038805,1,0,1,0
202609120033887,1,0,1,0
202609120028747,1,0,1,0
202609120018291,1,0,1,0
202609120004665,1,0,1,0
202609120012886,1,0,1,0
202609120006166,1,0,1,0
202609120021377,1,0,1,0
202609120031503,1,0,1,0
202609120011987,1,0,1,0
202609120019189,1,0,1,0
202609120038457,1,0,1,0
202609120004386,1,0,1,0
202609120044509,1,0,1,0
202609120047660,1,0,1,0
202609120033126,1,0,1,0
202609120029051,1,0,1,0
202609120014116,1,0,1,0
202609120009486,1,0,1,0
202609120006804,1,0,1,0
202609120006636,1,0,1,0
202609120042438,1,0,1,0
202609120035601,1,0,1,0
202609120019697,1,0,1,0
202609120010957,1,0,1,0
202609120045130,1,0,1,0
202609120047154,1,0,1,0
202609120018235,1,0,1,0
202609120028619,1,0,1,0
202609120019545,1,0,1,0
202609120010263,1,0,1,0
202609120027869,1,0,1,0
202609120034260,1,0,1,0
202609120030729,1,0,1,0
202609120000741,1,0,1,0
202609120010312,1,0,1,0
202609120031972,1,0,1,0
202609120001351,1,0,1,0
202609120009734,1,0,1,0
202609120029556,1,0,1,0
202609120049017,1,0,1,0
202609120031587,1,0,1,0
202609120040519,1,0,1,0
202609120011904,1,0,1,0
202609120028973,1,0,1,0
202609120030164,1,0,1,0
202609120013224,1,0,1,0
202609120018425,1,0,1,0
202609120000205,1,0,1,0
202609120047142,1,0,1,0
202609120047195,1,0,1,0
202609120020714,1,0,1,0
202609120003550,1,0,1,0
202609120047968,1,0,1,0
202609120015555,1,0,1,0
202609120000531,1,0,1,0
202609120020532,1,0,1,0
202609120033656,1,0,1,0
202609120023789,1,0,1,0
202609120028631,1,0,1,0
202609120046314,1,0,1,0
202609120045571,1,0,1,0
202609120041043,1,0,1,0
202609120015032,1,0,1,0
202609120018651,1,0,1,0
202609120019202,1,0,1,0
202609120037319,1,0,1,0
202609120026312,1,0,1,0
202609120021870,1,0,1,0
202609120044760,1,0,1,0
202609120040302,1,0,1,0
202609120019927,1,0,1,0
202609120015264,1,0,1,0
202609120002419,1,0,1,0
202609120007306,1,0,1,0
202609120034923,1,0,1,0
202609120025275,1,0,1,0
202609120021947,1,0,1,0
202609120015764,1,0,1,0
202609120045892,1,0,1,0
202609120015312,1,0,1,0
202609120034085,1,0,1,0
202609120001700,1,0,1,0
202609120007480,1,0,1,0
202609120004742,1,0,1,0
202609120048576,1,0,1,0
202609120039565,1,0,1,0
202609120034716,1,0,1,0
202609120008478,1,0,1,0
202609120029241,1,0,1,0
202609120033121,1,0,1,0
202609120017341,1,0,1,0
202609120014547,1,0,1,0
202609120038389,1,0,1,0
202609120016395,1,0,1,0
202609120008894,1,0,1,0
202609120000888,1,0,1,0
202609120021171,1,0,1,0
202609120048401,1,0,1,0
202609120038163,1,0,1,0
202609120010190,1,0,1,0
202609120019566,1,0,1,0
202609120017103,1,0,1,0
202609120022710,1,0,1,0
202609120042765,1,0,1,0
202609120007762,1,0,1,0
202609120032667,1,0,1,0
202609120019529,1,0,1,0
202609120015667,1,0,1,0
202609120015004,1,0,1,0
202609120019581,1,0,1,0
202609120030307,1,0,1,0
202609120044454,1,0,1,0
202609120033493,1,0,1,0
202609120046577,1,0,1,0
202609120045739,1,0,1,0
202609120003620,1,0,1,0
202609120007679,1,0,1,0
202609120028637,1,0,1,0
202609120043329,1,0,1,0
202609120040812,1,0,1,0
202609120022789,1,0,1,0
202609120000053,1,0,1,0
202609120023977,1,0,1,0
202609120035072,1,0,1,0
202609120031946,1,0,1,0
202609120021487,1,0,1,0
202609120047787,1,0,1,0
202609120000266,1,0,1,0
202609120027190,1,0,1,0
202609120008880,1,0,1,0
202609120038354,1,0,1,0
202609120033380,1,0,1,0
202609120030422,1,0,1,0
202609120035107,1,0,1,0
202609120021052,1,0,1,0
202609120007887,1,0,1,0
202609120020011,1,0,1,0
202609120030689,1,0,1,0
202609120048108,1,0,1,0
202609120003323,1,0,1,0
202609120015246,1,0,1,0
202609120015789,1,0,1,0
202609120027360,1,0,1,0
202609120031128,1,0,1,0
202609120039692,1,0,1,0
202609120031808,1,0,1,0
202609120021203,1,0,1,0
202609120019277,1,0,1,0
202609120009046,1,0,1,0
202609120000042,1,0,1,0
202609120016052,1,0,1,0
202609120038522,1,0,1,0
202609120034556,1,0,1,0
202609120039640,1,0,1,0
202609120027777,1,0,1,0
202609120021871,1,0,1,0
202609120001547,1,0,1,0
202609120023704,1,0,1,0
202609120025554,1,0,1,0
202609120011981,1,0,1,0
202609120005315,1,0,1,0
202609120025499,1,0,1,0
202609120042288,1,0,1,0
202609120044167,1,0,1,0
202609120023591,1,0,1,0
202609120039918,1,0,1,0
202609120042166,1,0,1,0
202609120006213,1,0,1,0
202609120034441,1,0,1,0
202609120005241,1,0,1,0
202609120038275,1,0,1,0
202609120029341,1,0,1,0
202609120042825,1,0,1,0
202609120038707,1,0,1,0
202609120012675,1,0,1,0
202609120029500,1,0,1,0
202609120027023,1,0,1,0
202609120043788,1,0,1,0
202609120034594,1,0,1,0
202609120041384,1,0,1,0
202609120014511,1,0,1,0
202609120005284,1,0,1,0
202609120022452,1,0,1,0
202609120020192,1,0,1,0
202609120045852,1,0,1,0
202609120019064,1,0,1,0
202609120003508,1,0,1,0
202609120039653,1,0,1,0
202609120013820,1,0,1,0
202609120013927,1,0,1,0
202609120039197,1,0,1,0
202609120029310,1,0,1,0
202609120025009,1,0,1,0
202609120031314,1,0,1,0
202609120030656,1,0,1,0
202609120018659,1,0,1,0
202609120020115,1,0,1,0
202609120033831,1,0,1,0
202609120018310,1,0,1,0
202609120005780,1,0,1,0
202609120024025,1,0,1,0
202609120009934,1,0,1,0
202609120041126,1,0,1,0
202609120002185,1,0,1,0
202609120012037,1,0,1,0
202609120009528,1,0,1,0
202609120033979,1,0,1,0
202609120016957,1,0,1,0
202609120017687,1,0,1,0
202609120007952,1,0,1,0
202609120048055,1,0,1,0
202609120039339,1,0,1,0
202609120013295,1,0,1,0
202609120017405,1,0,1,0
202609120018886,1,0,1,0
202609120003262,1,0,1,0
202609120001114,1,0,1,0
202609120036840,1,0,1,0
202609120022757,1,0,1,0
202609120040408,1,0,1,0
202609120045639,1,0,1,0
202609120034946,1,0,1,0
202609120048952,1,0,1,0
202609120028779,1,0,1,0
202609120038044,1,0,1,0
202609120025869,1,0,1,0
202609120026831,1,0,1,0
202609120040632,1,0,1,0
202609120015289,1,0,1,0
202609120027128,1,0,1,0
202609120029158,1,0,1,0
202609120001364,1,0,1,0
202609120018300,1,0,1,0
202609120042106,1,0,1,0
202609120010309,1,0,1,0
202609120015538,1,0,1,0
202609120001990,1,0,1,0
202609120028397,1,0,1,0
202609120024825,1,0,1,0
202609120046052,1,0,1,0
202609120047966,1,0,1,0
202609120024275,1,0,1,0
202609120039396,1,0,1,0
202609120038794,1,0,1,0
202609120013129,1,0,1,0
202609120023891,1,0,1,0
202609120049660,1,0,1,0
202609120014534,1,0,1,0
202609120007645,1,0,1,0
202609120019907,1,0,1,0
202609120017002,1,0,1,0
202609120021841,1,0,1,0
202609120028569,1,0,1,0
202609120012437,1,0,1,0
202609120006724,1,0,1,0
202609120040631,1,0,1,0
202609120028204,1,0,1,0
202609120006491,1,0,1,0
202609120027502,1,0,1,0
202609120044570,1,0,1,0
202609120039694,1,0,1,0
202609120039759,1,0,1,0
202609120022636,1,0,1,0
202609120002265,1,0,1,0
202609120023619,1,0,1,0
202609120012374,1,0,1,0
202609120035244,1,0,1,0
202609120048015,1,0,1,0
202609120015530,1,0,1,0
202609120022231,1,0,1,0
202609120003629,1,0,1,0
202609120015944,1,0,1,0
202609120042970,1,0,1,0
202609120005966,1,0,1,0
202609120006784,1,0,1,0
202609120019338,1,0,1,0
202609120020099,1,0,1,0
202609120033759,1,0,1,0
202609120022577,1,0,1,0
202609120030475,1,0,1,0
202609120006896,1,0,1,0
202609120004640,1,0,1,0
202609120038074,1,0,1,0
202609120012476,1,0,1,0
202609120030105,1,0,1,0
202609120005645,1,0,1,0
202609120005232,1,0,1,0
202609120042229,1,0,1,0
202609120016415,1,0,1,0
202609120039888,1,0,1,0
202609120015517,1,0,1,0
202609120046658,1,0,1,0
202609120014200,1,0,1,0
202609120012850,1,0,1,0
202609120033170,1,0,1,0
202609120037900,1,0,1,0
202609120033407,1,0,1,0
202609120004197,1,0,1,0
202609120016630,1,0,1,0
202609120017015,1,0,1,0
202609120006445,1,0,1,0
202609120032991,1,0,1,0
202609120021066,1,0,1,0
202609120026307,1,0,1,0
202609120029901,1,0,1,0
202609120039907,1,0,1,0
202609120010494,1,0,1,0
202609120001957,1,0,1,0
202609120039869,1,0,1,0
202609120049476,1,0,1,0
202609120046803,1,0,1,0
202609120003586,1,0,1,0
202609120006134,1,0,1,0
202609120012456,1,0,1,0
202609120035355,1,0,1,0
202609120039380,1,0,1,0
202609120000054,1,0,1,0
202609120048140,1,0,1,0
202609120017132,1,0,1,0
202609120023956,1,0,1,0
202609120031461,1,0,1,0
202609120002191,1,0,1,0
202609120002944,1,0,1,0
202609120019702,1,0,1,0
202609120040962,1,0,1,0
202609120018610,1,0,1,0
202609120045696,1,0,1,0
202609120035827,1,0,1,0
202609120036573,1,0,1,0
202609120009144,1,0,1,0
202609120007206,1,0,1,0
202609120047580,1,0,1,0
202609120037495,1,0,1,0
202609120028092,1,0,1,0
202609120008214,1,0,1,0
202609120032383,1,0,1,0
202609120018867,1,0,1,0
202609120024084,1,0,1,0
202609120020440,1,0,1,0
202609120001470,1,0,1,0
202609120007181,1,0,1,0
202609120021980,1,0,1,0
202609120034598,1,0,1,0
202609120020948,1,0,1,0
202609120012819,1,0,1,0
202609120013779,1,0,1,0
202609120022838,1,0,1,0
202609120009266,1,0,1,0
202609120023432,1,0,1,0
202609120019043,1,0,1,0
202609120005710,1,0,1,0
202609120007553,1,0,1,0
202609120003722,1,0,1,0
202609120020861,1,0,1,0
202609120030069,1,0,1,0
202609120027457,1,0,1,0
202609120036024,1,0,1,0
202609120029234,1,0,1,0
202609120030351,1,0,1,0
202609120011947,1,0,1,0
202609120044009,1,0,1,0
202609120024196,1,0,1,0
202609120027560,1,0,1,0
202609120012424,1,0,1,0
202609120035175,1,0,1,0
202609120042948,1,0,1,0
202609120044564,1,0,1,0
202609120043097,1,0,1,0
202609120049774,1,0,1,0
202609120000803,1,0,1,0
202609120038476,1,0,1,0
202609120019416,1,0,1,0
202609120037694,1,0,1,0
202609120046442,1,0,1,0
202609120001979,1,0,1,0
202609120031539,1,0,1,0
202609120029983,1,0,1,0
202609120042658,1,0,1,0
202609120033159,1,0,1,0
202609120022510,1,0,1,0
202609120039584,1,0,1,0
202609120024063,1,0,1,0
202609120011407,1,0,1,0
202609120017468,1,0,1,0
202609120010875,1,0,1,0
202609120046832,1,0,1,0
202609120040718,1,0,1,0
202609120020315,1,0,1,0
202609120001292,1,0,1,0
202609120035850,1,0,1,0
202609120038599,1,0,1,0
202609120042379,1,0,1,0
202609120048954,1,0,1,0
202609120028457,1,0,1,0
202609120010239,1,0,1,0
202609120029929,1,0,1,0
202609120042981,1,0,1,0
202609120032246,1,0,1,0
202609120027298,1,0,1,0
202609120008413,1,0,1,0
202609120043947,1,0,1,0
202609120022719,1,0,1,0
202609120029177,1,0,1,0
202609120024442,1,0,1,0
202609120019810,1,0,1,0
202609120042250,1,0,1,0
202609120031921,1,0,1,0
202609120025346,1,0,1,0
202609120026814,1,0,1,0
202609120025512,1,0,1,0
202609120010837,1,0,1,0
202609120014206,1,0,1,0
202609120029054,1,0,1,0
202609120015532,1,0,1,0
202609120017545,1,0,1,0
202609120012852,1,0,1,0
202609120027149,1,0,1,0
202609120000170,1,0,1,0
202609120038183,1,0,1,0
202609120048493,1,0,1,0
202609120020371,1,0,1,0
202609120009764,1,0,1,0
202609120041455,1,0,1,0
202609120040978,1,0,1,0
202609120003475,1,0,1,0
202609120030469,1,0,1,0
202609120033054,1,0,1,0
202609120037504,1,0,1,0
202609120005923,1,0,1,0
202609120036165,1,0,1,0
202609120028272,1,0,1,0
202609120020885,1,0,1,0
202609120017676,1,0,1,0
202609120000434,1,0,1,0
202609120049340,1,0,1,0
202609120034629,1,0,1,0
202609120009755,1,0,1,0
202609120004560,1,0,1,0
202609120031920,1,0,1,0
202609120016734,1,0,1,0
202609120006653,1,0,1,0
202609120042230,1,0,1,0
202609120018813,1,0,1,0
202609120018833,1,0,1,0
202609120038016,1,0,1,0
202609120036788,1,0,1,0
202609120041582,1,0,1,0
202609120025237,1,0,1,0
202609120043230,1,0,1,0
202609120001656,1,0,1,0
202609120023759,1,0,1,0
202609120049427,1,0,1,0
202609120010901,1,0,1,0
202609120008719,1,0,1,0
202609120017057,1,0,1,0
202609120012177,1,0,1,0
202609120026760,1,0,1,0
202609120031165,1,0,1,0
202609120009048,1,0,1,0
202609120045884,1,0,1,0
202609120032245,1,0,1,0
202609120014406,1,0,1,0
202609120030529,1,0,1,0
202609120028161,1,0,1,0
202609120027730,1,0,1,0
202609120000092,1,0,1,0
202609120034796,1,0,1,0
202609120043869,1,0,1,0
202609120035704,1,0,1,0
202609120029271,1,0,1,0
202609120017854,1,0,1,0
202609120040634,1,0,1,0
202609120016634,1,0,1,0
202609120003094,1,0,1,0
202609120001966,1,0,1,0
202609120047937,1,0,1,0
202609120009879,1,0,1,0
202609120006424,1,0,1,0
202609120029927,1,0,1,0
202609120010686,1,0,1,0
202609120024881,1,0,1,0
202609120023864,1,0,1,0
202609120019222,1,0,1,0
202609120019499,1,0,1,0
202609120049716,1,0,1,0
202609120012316,1,0,1,0
202609120017834,1,0,1,0
202609120031360,1,0,1,0
202609120047308,1,0,1,0
202609120017611,1,0,1,0
202609120002730,1,0,1,0
202609120045554,1,0,1,0
202609120045282,1,0,1,0
202609120012681,1,0,1,0
202609120046849,1,0,1,0
202609120001751,1,0,1,0
202609120029453,1,0,1,0
202609120025440,1,0,1,0
202609120039399,1,0,1,0
202609120013706,1,0,1,0
202609120033333,1,0,1,0
202609120038185,1,0,1,0
202609120007385,1,0,1,0
202609120026247,1,0,1,0
202609120044235,1,0,1,0
202609120030343,1,0,1,0
202609120018946,1,0,1,0
202609120032857,1,0,1,0
202609120047751,1,0,1,0
202609120025572,1,0,1,0
202609120039325,1,0,1,0
202609120018709,1,0,1,0
202609120002300,1,0,1,0
202609120024647,1,0,1,0
202609120039939,1,0,1,0
202609120036609,1,0,1,0
202609120006949,1,0,1,0
202609120022829,1,0,1,0
202609120026289,1,0,1,0
202609120047677,1,0,1,0
202609120040018,1,0,1,0
202609120049849,1,0,1,0
202609120040912,1,0,1,0
202609120022043,1,0,1,0
202609120001243,1,0,1,0
202609120045048,1,0,1,0
202609120030719,1,0,1,0
202609120027951,1,0,1,0
202609120010403,1,0,1,0
202609120007121,1,0,1,0
202609120022475,1,0,1,0
202609120031395,1,0,1,0
202609120028012,1,0,1,0
202609120002696,1,0,1,0
202609120024398,1,0,1,0
202609120038647,1,0,1,0
202609120013412,1,0,1,0
202609120010540,1,0,1,0
202609120044693,1,0,1,0
202609120046178,1,0,1,0
202609120025890,1,0,1,0
202609120046358,1,0,1,0
202609120009122,1,0,1,0
202609120002922,1,0,1,0
202609120038001,1,0,1,0
202609120038831,1,0,1,0
202609120026828,1,0,1,0
202609120033787,1,0,1,0
202609120048514,1,0,1,0
202609120041657,1,0,1,0
202609120000767,1,0,1,0
202609120023092,1,0,1,0
202609120012707,1,0,1,0
202609120043644,1,0,1,0
202609120008080,1,0,1,0
202609120007883,1,0,1,0
202609120012046,1,0,1,0
202609120008874,1,0,1,0
202609120019033,1,0,1,0
202609120042290,1,0,1,0
202609120008595,1,0,1,0
202609120015500,1,0,1,0
202609120021531,1,0,1,0
202609120024209,1,0,1,0
202609120009444,1,0,1,0
202609120008390,1,0,1,0
202609120030666,1,0,1,0
202609120012772,1,0,1,0
202609120005942,1,0,1,0
202609120025211,1,0,1,0
202609120002627,1,0,1,0
202609120037628,1,0,1,0
202609120000500,1,0,1,0
202609120028567,1,0,1,0
202609120004552,1,0,1,0
202609120037067,1,0,1,0
202609120031370,1,0,1,0
202609120032794,1,0,1,0
202609120034880,1,0,1,0
202609120008730,1,0,1,0
202609120041963,1,0,1,0
202609120019358,1,0,1,0
202609120001824,1,0,1,0
202609120018458,1,0,1,0
202609120025057,1,0,1,0
202609120006541,1,0,1,0
202609120043620,1,0,1,0
202609120045338,1,0,1,0
202609120039926,1,0,1,0
202609120043954,1,0,1,0
202609120035760,1,0,1,0
202609120017045,1,0,1,0
202609120035521,1,0,1,0
202609120028861,1,0,1,0
202609120009683,1,0,1,0
202609120049351,1,0,1,0
202609120006566,1,0,1,0
202609120003166,1,0,1,0
202609120015924,1,0,1,0
202609120007260,1,0,1,0
202609120033086,1,0,1,0
202609120024187,1,0,1,0
202609120036060,1,0,1,0
202609120049273,1,0,1,0
202609120045918,1,0,1,0
202609120042016,1,0,1,0
202609120026888,1,0,1,0
202609120001875,1,0,1,0
202609120018947,1,0,1,0
202609120019141,1,0,1,0
202609120048922,1,0,1,0
202609120045454,1,0,1,0
202609120040924,1,0,1,0
202609120044898,1,0,1,0
202609120017284,1,0,1,0
202609120046986,1,0,1,0
202609120019557,1,0,1,0
202609120029905,1,0,1,0
202609120034882,1,0,1,0
202609120001229,1,0,1,0
202609120014906,1,0,1,0
202609120020220,1,0,1,0
202609120047346,1,0,1,0
202609120019564,1,0,1,0
202609120036701,1,0,1,0
202609120048752,1,0,1,0
202609120018143,1,0,1,0
202609120033562,1,0,1,0
202609120028598,1,0,1,0
202609120045710,1,0,1,0
202609120029941,1,0,1,0
202609120024017,1,0,1,0
202609120032618,1,0,1,0
202609120018201,1,0,1,0
202609120003928,1,0,1,0
202609120047874,1,0,1,0
202609120039213,1,0,1,0
202609120041398,1,0,1,0
202609120032555,1,0,1,0
202609120033541,1,0,1,0
202609120026297,1,0,1,0
202609120019241,1,0,1,0
202609120025075,1,0,1,0
202609120019212,1,0,1,0
202609120021864,1,0,1,0
202609120032036,1,0,1,0
202609120001459,1,0,1,0
202609120013282,1,0,1,0
202609120008000,1,0,1,0
202609120022190,1,0,1,0
202609120046834,1,0,1,0
202609120019846,1,0,1,0
202609120026137,1,0,1,0
202609120009926,1,0,1,0
202609120031597,1,0,1,0
202609120046828,1,0,1,0
202609120033049,1,0,1,0
202609120030757,1,0,1,0
202609120016497,1,0,1,0
202609120036598,1,0,1,0
202609120007283,1,0,1,0
202609120034870,1,0,1,0
202609120044982,1,0,1,0
202609120019472,1,0,1,0
202609120007266,1,0,1,0
202609120045835,1,0,1,0
202609120047092,1,0,1,0
202609120040661,1,0,1,0
202609120020364,1,0,1,0
202609120020300,1,0,1,0
202609120019155,1,0,1,0
202609120041810,1,0,1,0
202609120042097,1,0,1,0
202609120010900,1,0,1,0
202609120001542,1,0,1,0
202609120010391,1,0,1,0
202609120047780,1,0,1,0
202609120008810,1,0,1,0
202609120013036,1,0,1,0
202609120024387,1,0,1,0
202609120045142,1,0,1,0
202609120003369,1,0,1,0
202609120029517,1,0,1,0
202609120009008,1,0,1,0
202609120022798,1,0,1,0
202609120037972,1,0,1,0
202609120026469,1,0,1,0
202609120037085,1,0,1,0
202609120047907,1,0,1,0
202609120034698,1,0,1,0
202609120006617,1,0,1,0
202609120046239,1,0,1,0
202609120010707,1,0,1,0
202609120037944,1,0,1,0
202609120038255,1,0,1,0
202609120034589,1,0,1,0
202609120009799,1,0,1,0
202609120016154,1,0,1,0
202609120015597,1,0,1,0
202609120036843,1,0,1,0
202609120037583,1,0,1,0
202609120012307,1,0,1,0
202609120004685,1,0,1,0
202609120044397,1,0,1,0
202609120025472,1,0,1,0
202609120020064,1,0,1,0
202609120004899,1,0,1,0
202609120030643,1,0,1,0
202609120005144,1,0,1,0
202609120023110,1,0,1,0
202609120046284,1,0,1,0
202609120018051,1,0,1,0
202609120034057,1,0,1,0
202609120020335,1,0,1,0
202609120048732,1,0,1,0
202609120038515,1,0,1,0
202609120009582,1,0,1,0
202609120038609,1,0,1,0
202609120004772,1,0,1,0
202609120000806,1,0,1,0
202609120014078,1,0,1,0
202609120047388,1,0,1,0
202609120017673,1,0,1,0
202609120007832,1,0,1,0
202609120007133,1,0,1,0
202609120022375,1,0,1,0
202609120021552,1,0,1,0
202609120026286,1,0,1,0
202609120041142,1,0,1,0
202609120025039,1,0,1,0
202609120046659,1,0,1,0
202609120043122,1,0,1,0
202609120017271,1,0,1,0
202609120032235,1,0,1,0
202609120047053,1,0,1,0
202609120015967,1,0,1,0
202609120011516,1,0,1,0
202609120023970,1,0,1,0
202609120043783,1,0,1,0
202609120031134,1,0,1,0
202609120044896,1,0,1,0
202609120047196,1,0,1,0
202609120041988,1,0,1,0
202609120023008,1,0,1,0
202609120043797,1,0,1,0
202609120027750,1,0,1,0
202609120029005,1,0,1,0
202609120038008,1,0,1,0
202609120009482,1,0,1,0
202609120026375,1,0,1,0
202609120024915,1,0,1,0
202609120020000,1,0,1,0
202609120047090,1,0,1,0
202609120002853,1,0,1,0
202609120030302,1,0,1,0
202609120014863,1,0,1,0
202609120000907,1,0,1,0
202609120009841,1,0,1,0
202609120039788,1,0,1,0
202609120040607,1,0,1,0
202609120026474,1,0,1,0
202609120009773,1,0,1,0
202609120005665,1,0,1,0
202609120027225,1,0,1,0
202609120011797,1,0,1,0
202609120019691,1,0,1,0
202609120026415,1,0,1,0
202609120043506,1,0,1,0
202609120000362,1,0,1,0
202609120040784,1,0,1,0
202609120009672,1,0,1,0
202609120044299,1,0,1,0
202609120007394,1,0,1,0
202609120012791,1,0,1,0
202609120000552,1,0,1,0
202609120045635,1,0,1,0
202609120001817,1,0,1,0
202609120015975,1,0,1,0
202609120045228,1,0,1,0
202609120023560,1,0,1,0
202609120027324,1,0,1,0
202609120005911,1,0,1,0
202609120001493,1,0,1,0
202609120035400,1,0,1,0
202609120044538,1,0,1,0
202609120028499,1,0,1,0
202609120047694,1,0,1,0
202609120000973,1,0,1,0
202609120002240,1,0,1,0
202609120008354,1,0,1,0
202609120032412,1,0,1,0
202609120010431,1,0,1,0
202609120021455,1,0,1,0
202609120041212,1,0,1,0
202609120023780,1,0,1,0
202609120011115,1,0,1,0
202609120010402,1,0,1,0
202609120041686,1,0,1,0
202609120027923,1,0,1,0
202609120035336,1,0,1,0
202609120014225,1,0,1,0
202609120037353,1,0,1,0
202609120008234,1,0,1,0
202609120018740,1,0,1,0
202609120031873,1,0,1,0
202609120043054,1,0,1,0
202609120045248,1,0,1,0
202609120007936,1,0,1,0
202609120036495,1,0,1,0
202609120009147,1,0,1,0
202609120011554,1,0,1,0
202609120036437,1,0,1,0
202609120007083,1,0,1,0
202609120046251,1,0,1,0
202609120027398,1,0,1,0
202609120043105,1,0,1,0
202609120018343,1,0,1,0
202609120039354,1,0,1,0
202609120018630,1,0,1,0
202609120004215,1,0,1,0
202609120031217,1,0,1,0
202609120011167,1,0,1,0
202609120041110,1,0,1,0
202609120012222,1,0,1,0
202609120031971,1,0,1,0
202609120047079,1,0,1,0
202609120034331,1,0,1,0
202609120038270,1,0,1,0
202609120043381,1,0,1,0
202609120013352,1,0,1,0
202609120013926,1,0,1,0
202609120047302,1,0,1,0
202609120014925,1,0,1,0
202609120008888,1,0,1,0
202609120002214,1,0,1,0
202609120049168,1,0,1,0
202609120016801,1,0,1,0
202609120038528,1,0,1,0
202609120008561,1,0,1,0
202609120025997,1,0,1,0
202609120016806,1,0,1,0
202609120000712,1,0,1,0
202609120045655,1,0,1,0
202609120022251,1,0,1,0
202609120008198,1,0,1,0
202609120023866,1,0,1,0
202609120031599,1,0,1,0
202609120013091,1,0,1,0
202609120029714,1,0,1,0
202609120006835,1,0,1,0
202609120011461,1,0,1,0
202609120031195,1,0,1,0
202609120013978,1,0,1,0
202609120043910,1,0,1,0
202609120017350,1,0,1,0
202609120030381,1,0,1,0
202609120019298,1,0,1,0
202609120020991,1,0,1,0
202609120029253,1,0,1,0
202609120000564,1,0,1,0
202609120005032,1,0,1,0
202609120010632,1,0,1,0
202609120049647,1,0,1,0
202609120038614,1,0,1,0
202609120035693,1,0,1,0
202609120045493,1,0,1,0
202609120042751,1,0,1,0
202609120025662,1,0,1,0
202609120015858,1,0,1,0
202609120002647,1,0,1,0
202609120013684,1,0,1,0
202609120012742,1,0,1,0
202609120046747,1,0,1,0
202609120016577,1,0,1,0
202609120003826,1,0,1,0
202609120037058,1,0,1,0
202609120037038,1,0,1,0
202609120025177,1,0,1,0
202609120017222,1,0,1,0
202609120000441,1,0,1,0
202609120027785,1,0,1,0
202609120047093,1,0,1,0
202609120044900,1,0,1,0
202609120045239,1,0,1,0
202609120037093,1,0,1,0
202609120034804,1,0,1,0
202609120041621,1,0,1,0
202609120006297,1,0,1,0
202609120012388,1,0,1,0
202609120005670,1,0,1,0
202609120049471,1,0,1,0
202609120012712,1,0,1,0
202609120041163,1,0,1,0
202609120039116,1,0,1,0
202609120021302,1,0,1,0
202609120044461,1,0,1,0
202609120042201,1,0,1,0
202609120038285,1,0,1,0
202609120026451,1,0,1,0
202609120015137,1,0,1,0
202609120001441,1,0,1,0
202609120045045,1,0,1,0
202609120026071,1,0,1,0
202609120008597,1,0,1,0
202609120040319,1,0,1,0
202609120004357,1,0,1,0
202609120008274,1,0,1,0
202609120020243,1,0,1,0
202609120004419,1,0,1,0
202609120033721,1,0,1,0
202609120026534,1,0,1,0
202609120023266,1,0,1,0
202609120001550,1,0,1,0
202609120010189,1,0,1,0
202609120042702,1,0,1,0
202609120021569,1,0,1,0
202609120040477,1,0,1,0
202609120025775,1,0,1,0
202609120029035,1,0,1,0
202609120041612,1,0,1,0
202609120035439,1,0,1,0
202609120040075,1,0,1,0
202609120015457,1,0,1,0
202609120014280,1,0,1,0
202609120011059,1,0,1,0
202609120033810,1,0,1,0
202609120019017,1,0,1,0
202609120034974,1,0,1,0
202609120007521,1,0,1,0
202609120006885,1,0,1,0
202609120014914,1,0,1,0
202609120008036,1,0,1,0
202609120004958,1,0,1,0
202609120001588,1,0,1,0
202609120028192,1,0,1,0
202609120005808,1,0,1,0
202609120049802,1,0,1,0
202609120036323,1,0,1,0
202609120041063,1,0,1,0
202609120016205,1,0,1,0
202609120031678,1,0,1,0
202609120017019,1,0,1,0
202609120019875,1,0,1,0
202609120001523,1,0,1,0
202609120034674,1,0,1,0
202609120034862,1,0,1,0
202609120035571,1,0,1,0
202609120008387,1,0,1,0
202609120001359,1,0,1,0
202609120001086,1,0,1,0
202609120014635,1,0,1,0
202609120014392,1,0,1,0
202609120021737,1,0,1,0
202609120040449,1,0,1,0
202609120017926,1,0,1,0
202609120027244,1,0,1,0
202609120013757,1,0,1,0
202609120004264,1,0,1,0
202609120047066,1,0,1,0
202609120029825,1,0,1,0
202609120042703,1,0,1,0
202609120000400,1,0,1,0
202609120039702,1,0,1,0
202609120035643,1,0,1,0
202609120045691,1,0,1,0
202609120012194,1,0,1,0
202609120004922,1,0,1,0
202609120000519,1,0,1,0
202609120002295,1,0,1,0
202609120049832,1,0,1,0
202609120038710,1,0,1,0
202609120005617,1,0,1,0
202609120041065,1,0,1,0
202609120000340,1,0,1,0
202609120040431,1,0,1,0
202609120022380,1,0,1,0
202609120034189,1,0,1,0
202609120032263,1,0,1,0
202609120022268,1,0,1,0
202609120040788,1,0,1,0
202609120000344,1,0,1,0
202609120002718,1,0,1,0
202609120029778,1,0,1,0
202609120036798,1,0,1,0
202609120025694,1,0,1,0
202609120001574,1,0,1,0
202609120032627,1,0,1,0
202609120006909,1,0,1,0
202609120042123,1,0,1,0
202609120023084,1,0,1,0
202609120007853,1,0,1,0
202609120041357,1,0,1,0
202609120001132,1,0,1,0
202609120038893,1,0,1,0
202609120001166,1,0,1,0
202609120044559,1,0,1,0
202609120028006,1,0,1,0
202609120011310,1,0,1,0
202609120049843,1,0,1,0
202609120018719,1,0,1,0
202609120043837,1,0,1,0
202609120013597,1,0,1,0
202609120036425,1,0,1,0
202609120013326,1,0,1,0
202609120021214,1,0,1,0
202609120009176,1,0,1,0
202609120012178,1,0,1,0
202609120020406,1,0,1,0
202609120005319,1,0,1,0
202609120017642,1,0,1,0
202609120013416,1,0,1,0
202609120010183,1,0,1,0
202609120024495,1,0,1,0
202609120047062,1,0,1,0
202609120036743,1,0,1,0
202609120014371,1,0,1,0
202609120021933,1,0,1,0
202609120022923,1,0,1,0
202609120041468,1,0,1,0
202609120002862,1,0,1,0
202609120019879,1,0,1,0
202609120024611,1,0,1,0
202609120005488,1,0,1,0
202609120048586,1,0,1,0
202609120012998,1,0,1,0
202609120032695,1,0,1,0
202609120014180,1,0,1,0
202609120004337,1,0,1,0
202609120030039,1,0,1,0
202609120031627,1,0,1,0
202609120004158,1,0,1,0
202609120039932,1,0,1,0
202609120032104,1,0,1,0
202609120000620,1,0,1,0
202609120031034,1,0,1,0
202609120037585,1,0,1,0
202609120031344,1,0,1,0
202609120024022,1,0,1,0
202609120016004,1,0,1,0
202609120048491,1,0,1,0
202609120029032,1,0,1,0
202609120047259,1,0,1,0
202609120027906,1,0,1,0
202609120035064,1,0,1,0
202609120038196,1,0,1,0
202609120006788,1,0,1,0
202609120023191,1,0,1,0
202609120013859,1,0,1,0
202609120021800,1,0,1,0
202609120000152,1,0,1,0
202609120002465,1,0,1,0
202609120001270,1,0,1,0
202609120016213,1,0,1,0
202609120023246,1,0,1,0
202609120043228,1,0,1,0
202609120039555,1,0,1,0
202609120041944,1,0,1,0
202609120005478,1,0,1,0
202609120011402,1,0,1,0
202609120014134,1,0,1,0
202609120010520,1,0,1,0
202609120023017,1,0,1,0
202609120003818,1,0,1,0
202609120021638,1,0,1,0
202609120010941,1,0,1,0
202609120013236,1,0,1,0
202609120044755,1,0,1,0
202609120044302,1,0,1,0
202609120009324,1,0,1,0
202609120045197,1,0,1,0
202609120010228,1,0,1,0
202609120024518,1,0,1,0
202609120018298,1,0,1,0
202609120042228,1,0,1,0
202609120000150,1,0,1,0
202609120033139,1,0,1,0
202609120048204,1,0,1,0
202609120001377,1,0,1,0
202609120007563,1,0,1,0
202609120009034,1,0,1,0
202609120045573,1,0,1,0
202609120018076,1,0,1,0
202609120018915,1,0,1,0
202609120007562,1,0,1,0
202609120026087,1,0,1,0
202609120022107,1,0,1,0
202609120007372,1,0,1,0
202609120031119,1,0,1,0
202609120023100,1,0,1,0
202609120024948,1,0,1,0
202609120045751,1,0,1,0
202609120011287,1,0,1,0
202609120041450,1,0,1,0
202609120002357,1,0,1,0
202609120019096,1,0,1,0
202609120012787,1,0,1,0
202609120048335,1,0,1,0
202609120038841,1,0,1,0
202609120016161,1,0,1,0
202609120017456,1,0,1,0
202609120021077,1,0,1,0
202609120034022,1,0,1,0
202609120033053,1,0,1,0
202609120020565,1,0,1,0
202609120049702,1,0,1,0
202609120046662,1,0,1,0
202609120031776,1,0,1,0
202609120016702,1,0,1,0
202609120001752,1,0,1,0
202609120022196,1,0,1,0
202609120004442,1,0,1,0
202609120027277,1,0,1,0
202609120001560,1,0,1,0
202609120027017,1,0,1,0
202609120000394,1,0,1,0
202609120019595,1,0,1,0
202609120007434,1,0,1,0
202609120021666,1,0,1,0
202609120043005,1,0,1,0
202609120042749,1,0,1,0
202609120028939,1,0,1,0
202609120029866,1,0,1,0
202609120005940,1,0,1,0
202609120025785,1,0,1,0
202609120008514,1,0,1,0
202609120006851,1,0,1,0
202609120017552,1,0,1,0
202609120011759,1,0,1,0
202609120038699,1,0,1,0
202609120036625,1,0,1,0
202609120048433,1,0,1,0
202609120038986,1,0,1,0
202609120003299,1,0,1,0
202609120043077,1,0,1,0
202609120009489,1,0,1,0
202609120013439,1,0,1,0
202609120007911,1,0,1,0
202609120033611,1,0,1,0
202609120010116,1,0,1,0
202609120015603,1,0,1,0
202609120044590,1,0,1,0
202609120045558,1,0,1,0
202609120036727,1,0,1,0
202609120002164,1,0,1,0
202609120002716,1,0,1,0
202609120006336,1,0,1,0
202609120032522,1,0,1,0
202609120027553,1,0,1,0
202609120003194,1,0,1,0
202609120020284,1,0,1,0
202609120009703,1,0,1,0
202609120005993,1,0,1,0
202609120044335,1,0,1,0
202609120035239,1,0,1,0
202609120043580,1,0,1,0
202609120027935,1,0,1,0
202609120006459,1,0,1,0
202609120037171,1,0,1,0
202609120025175,1,0,1,0
202609120020422,1,0,1,0
202609120009571,1,0,1,0
202609120006775,1,0,1,0
202609120041696,1,0,1,0
202609120018198,1,0,1,0
202609120006442,1,0,1,0
202609120042155,1,0,1,0
202609120009869,1,0,1,0
202609120008523,1,0,1,0
202609120046580,1,0,1,0
202609120029120,1,0,1,0
202609120011845,1,0,1,0
202609120026328,1,0,1,0
202609120041551,1,0,1,0
202609120002463,1,0,1,0
202609120004099,1,0,1,0
202609120025604,1,0,1,0
202609120046585,1,0,1,0
202609120034287,1,0,1,0
202609120004168,1,0,1,0
202609120047701,1,0,1,0
202609120041655,1,0,1,0
202609120034984,1,0,1,0
202609120027924,1,0,1,0
202609120026230,1,0,1,0
202609120031156,1,0,1,0
202609120011232,1,0,1,0
202609120030697,1,0,1,0
202609120036733,1,0,1,0
202609120049501,1,0,1,0
202609120013458,1,0,1,0
202609120020961,1,0,1,0
202609120021218,1,0,1,0
202609120006703,1,0,1,0
202609120046331,1,0,1,0
202609120021353,1,0,1,0
202609120039764,1,0,1,0
202609120003909,1,0,1,0
202609120011654,1,0,1,0
202609120002065,1,0,1,0
202609120008078,1,0,1,0
202609120018392,1,0,1,0
202609120042659,1,0,1,0
202609120016133,1,0,1,0
202609120038324,1,0,1,0
202609120031736,1,0,1,0
202609120021721,1,0,1,0
202609120017499,1,0,1,0
202609120003031,1,0,1,0
202609120013429,1,0,1,0
202609120035261,1,0,1,0
202609120025473,1,0,1,0
202609120028413,1,0,1,0
202609120038771,1,0,1,0
202609120040968,1,0,1,0
202609120034500,1,0,1,0
202609120041205,1,0,1,0
202609120000580,1,0,1,0
202609120027587,1,0,1,0
202609120044867,1,0,1,0
202609120011118,1,0,1,0
202609120007333,1,0,1,0
202609120006551,1,0,1,0
202609120033893,1,0,1,0
202609120004839,1,0,1,0
202609120045188,1,0,1,0
202609120019299,1,0,1,0
202609120005013,1,0,1,0
202609120010915,1,0,1,0
202609120035777,1,0,1,0
202609120030410,1,0,1,0
202609120015102,1,0,1,0
202609120048303,1,0,1,0
202609120032270,1,0,1,0
202609120041772,1,0,1,0
202609120003937,1,0,1,0
202609120026359,1,0,1,0
202609120008437,1,0,1,0
202609120034885,1,0,1,0
202609120049277,1,0,1,0
202609120018681,1,0,1,0
202609120030073,1,0,1,0
202609120036320,1,0,1,0
202609120020687,1,0,1,0
202609120028473,1,0,1,0
202609120015902,1,0,1,0
202609120013398,1,0,1,0
202609120025384,1,0,1,0
202609120007003,1,0,1,0
202609120030239,1,0,1,0
202609120029280,1,0,1,0
202609120005205,1,0,1,0
202609120035579,1,0,1,0
202609120041140,1,0,1,0
202609120016721,1,0,1,0
202609120043957,1,0,1,0
202609120020725,1,0,1,0
202609120030027,1,0,1,0
202609120017324,1,0,1,0
202609120007067,1,0,1,0
202609120001283,1,0,1,0
202609120019001,1,0,1,0
202609120030285,1,0,1,0
202609120005689,1,0,1,0
202609120012659,1,0,1,0
202609120000646,1,0,1,0
202609120011351,1,0,1,0
202609120030703,1,0,1,0
202609120021626,1,0,1,0
202609120015511,1,0,1,0
202609120004735,1,0,1,0
202609120028102,1,0,1,0
202609120036752,1,0,1,0
202609120000159,1,0,1,0
202609120030633,1,0,1,0
202609120039295,1,0,1,0
202609120012297,1,0,1,0
202609120026460,1,0,1,0
202609120019442,1,0,1,0
202609120002546,1,0,1,0
202609120044727,1,0,1,0
202609120047784,1,0,1,0
202609120024924,1,0,1,0
202609120038283,1,0,1,0
202609120042277,1,0,1,0
202609120007976,1,0,1,0
202609120026944,1,0,1,0
202609120042126,1,0,1,0
202609120030317,1,0,1,0
202609120028554,1,0,1,0
202609120037630,1,0,1,0
202609120035765,1,0,1,0
202609120049125,1,0,1,0
202609120049405,1,0,1,0
202609120037515,1,0,1,0
202609120005178,1,0,1,0
202609120011697,1,0,1,0
202609120016570,1,0,1,0
202609120035458,1,0,1,0
202609120012569,1,0,1,0
202609120040497,1,0,1,0
202609120018965,1,0,1,0
202609120036784,1,0,1,0
202609120006410,1,0,1,0
202609120014058,1,0,1,0
202609120009493,1,0,1,0
202609120030037,1,0,1,0
202609120036860,1,0,1,0
202609120008727,1,0,1,0
202609120042516,1,0,1,0
202609120001426,1,0,1,0
202609120039285,1,0,1,0
202609120033439,1,0,1,0
202609120016042,1,0,1,0
202609120023440,1,0,1,0
202609120044125,1,0,1,0
202609120025564,1,0,1,0
202609120016888,1,0,1,0
202609120029764,1,0,1,0
202609120034887,1,0,1,0
202609120006053,1,0,1,0
202609120044030,1,0,1,0
202609120047294,1,0,1,0
202609120018226,1,0,1,0
202609120008634,1,0,1,0
202609120005153,1,0,1,0
202609120003396,1,0,1,0
202609120047357,1,0,1,0
202609120046069,1,0,1,0
202609120029129,1,0,1,0
202609120008588,1,0,1,0
202609120021049,1,0,1,0
202609120041067,1,0,1,0
202609120006970,1,0,1,0
202609120040385,1,0,1,0
202609120037661,1,0,1,0
202609120001839,1,0,1,0
202609120044584,1,0,1,0
202609120032395,1,0,1,0
202609120015587,1,0,1,0
202609120005274,1,0,1,0
202609120049364,1,0,1,0
202609120041993,1,0,1,0
202609120011572,1,0,1,0
202609120001571,1,0,1,0
202609120040371,1,0,1,0
202609120045950,1,0,1,0
202609120048028,1,0,1,0
202609120025503,1,0,1,0
202609120032838,1,0,1,0
202609120034197,1,0,1,0
202609120043370,1,0,1,0
202609120004530,1,0,1,0
202609120044448,1,0,1,0
202609120031712,1,0,1,0
202609120007128,1,0,1,0
202609120015735,1,0,1,0
202609120000428,1,0,1,0
202609120025862,1,0,1,0
202609120011978,1,0,1,0
202609120002550,1,0,1,0
202609120017466,1,0,1,0
202609120011687,1,0,1,0
202609120032819,1,0,1,0
202609120005251,1,0,1,0
202609120012888,1,0,1,0
202609120021574,1,0,1,0
202609120020350,1,0,1,0
202609120049285,1,0,1,0
202609120034825,1,0,1,0
202609120002129,1,0,1,0
202609120022824,1,0,1,0
202609120002993,1,0,1,0
202609120025875,1,0,1,0
202609120018334,1,0,1,0
202609120015742,1,0,1,0
202609120039631,1,0,1,0
202609120029996,1,0,1,0
202609120017882,1,0,1,0
202609120024114,1,0,1,0
202609120024986,1,0,1,0
202609120042668,1,0,1,0
202609120037484,1,0,1,0
202609120002492,1,0,1,0
202609120005469,1,0,1,0
202609120037313,1,0,1,0
202609120025465,1,0,1,0
202609120011451,1,0,1,0
202609120044771,1,0,1,0
202609120017852,1,0,1,0
202609120006021,1,0,1,0
202609120046152,1,0,1,0
202609120043365,1,0,1,0
202609120003045,1,0,1,0
202609120001841,1,0,1,0
202609120006402,1,0,1,0
202609120033158,1,0,1,0
202609120021740,1,0,1,0
202609120017187,1,0,1,0
202609120008398,1,0,1,0
202609120025670,1,0,1,0
202609120031242,1,0,1,0
202609120020386,1,0,1,0
202609120047511,1,0,1,0
202609120036132,1,0,1,0
202609120043285,1,0,1,0
202609120013756,1,0,1,0
202609120020650,1,0,1,0
202609120047124,1,0,1,0
202609120041916,1,0,1,0
202609120049441,1,0,1,0
202609120033826,1,0,1,0
202609120008181,1,0,1,0
202609120032714,1,0,1,0
202609120000777,1,0,1,0
202609120023035,1,0,1,0
202609120004378,1,0,1,0
202609120006046,1,0,1,0
202609120003310,1,0,1,0
202609120045933,1,0,1,0
202609120024832,1,0,1,0
202609120011131,1,0,1,0
202609120031643,1,0,1,0
202609120042112,1,0,1,0
202609120003507,1,0,1,0
202609120020696,1,0,1,0
202609120031518,1,0,1,0
202609120037365,1,0,1,0
202609120023711,1,0,1,0
202609120007205,1,0,1,0
202609120027837,1,0,1,0
202609120046989,1,0,1,0
202609120020259,1,0,1,0
202609120036479,1,0,1,0
202609120018215,1,0,1,0
202609120014088,1,0,1,0
202609120045611,1,0,1,0
202609120005312,1,0,1,0
202609120004502,1,0,1,0
202609120015560,1,0,1,0
202609120020408,1,0,1,0
202609120033543,1,0,1,0
202609120043715,1,0,1,0
202609120033487,1,0,1,0
202609120028999,1,0,1,0
202609120002887,1,0,1,0
202609120020974,1,0,1,0
202609120003195,1,0,1,0
202609120027049,1,0,1,0
202609120013755,1,0,1,0
202609120002270,1,0,1,0
202609120001836,1,0,1,0
202609120005508,1,0,1,0
202609120035153,1,0,1,0
202609120038568,1,0,1,0
202609120002112,1,0,1,0
202609120042990,1,0,1,0
202609120046054,1,0,1,0
202609120021060,1,0,1,0
202609120011805,1,0,1,0
202609120016650,1,0,1,0
202609120025253,1,0,1,0
202609120017811,1,0,1,0
202609120036342,1,0,1,0
202609120027322,1,0,1,0
202609120005218,1,0,1,0
202609120034561,1,0,1,0
202609120009736,1,0,1,0
202609120028498,1,0,1,0
202609120009274,1,0,1,0
202609120010317,1,0,1,0
202609120020731,1,0,1,0
202609120022275,1,0,1,0
202609120046135,1,0,1,0
202609120008769,1,0,1,0
202609120031384,1,0,1,0
202609120025489,1,0,1,0
202609120036390,1,0,1,0
202609120041962,1,0,1,0
202609120003366,1,0,1,0
202609120007173,1,0,1,0
202609120034093,1,0,1,0
202609120007520,1,0,1,0
202609120030286,1,0,1,0
202609120039796,1,0,1,0
202609120037233,1,0,1,0
202609120043172,1,0,1,0
202609120016471,1,0,1,0
202609120012276,1,0,1,0
202609120030208,1,0,1,0
202609120017542,1,0,1,0
202609120022766,1,0,1,0
202609120033813,1,0,1,0
202609120005328,1,0,1,0
202609120020465,1,0,1,0
202609120033298,1,0,1,0
202609120001688,1,0,1,0
202609120006597,1,0,1,0
202609120031581,1,0,1,0
202609120006611,1,0,1,0
202609120025303,1,0,1,0
202609120019684,1,0,1,0
202609120016817,1,0,1,0
202609120010382,1,0,1,0
202609120009272,1,0,1,0
202609120000902,1,0,1,0
202609120029048,1,0,1,0
202609120026317,1,0,1,0
202609120020181,1,0,1,0
202609120007759,1,0,1,0
202609120017091,1,0,1,0
202609120036344,1,0,1,0
202609120024538,1,0,1,0
202609120032953,1,0,1,0
202609120037298,1,0,1,0
202609120042797,1,0,1,0
202609120038002,1,0,1,0
202609120023784,1,0,1,0
202609120046042,1,0,1,0
202609120017776,1,0,1,0
202609120028365,1,0,1,0
202609120029047,1,0,1,0
202609120041098,1,0,1,0
202609120004539,1,0,1,0
202609120046555,1,0,1,0
202609120040529,1,0,1,0
202609120047621,1,0,1,0
202609120045749,1,0,1,0
202609120015577,1,0,1,0
202609120030604,1,0,1,0
202609120019940,1,0,1,0
202609120039303,1,0,1,0
202609120016777,1,0,1,0
202609120017276,1,0,1,0
202609120011724,1,0,1,0
202609120035933,1,0,1,0
202609120012823,1,0,1,0
202609120000294,1,0,1,0
202609120017999,1,0,1,0
202609120004283,1,0,1,0
202609120041285,1,0,1,0
202609120034227,1,0,1,0
202609120048685,1,0,1,0
202609120016507,1,0,1,0
202609120004705,1,0,1,0
202609120036477,1,0,1,0
202609120002734,1,0,1,0
202609120035463,1,0,1,0
202609120046789,1,0,1,0
202609120032064,1,0,1,0
202609120025636,1,0,1,0
202609120024373,1,0,1,0
202609120042832,1,0,1,0
202609120037077,1,0,1,0
202609120043227,1,0,1,0
202609120045077,1,0,1,0
202609120019687,1,0,1,0
202609120037413,1,0,1,0
202609120030578,1,0,1,0
202609120015773,1,0,1,0
202609120030061,1,0,1,0
202609120049826,1,0,1,0
202609120032747,1,0,1,0
202609120001814,1,0,1,0
202609120031239,1,0,1,0
202609120027425,1,0,1,0
202609120048874,1,0,1,0
202609120005058,1,0,1,0
202609120009179,1,0,1,0
202609120004478,1,0,1,0
202609120011968,1,0,1,0
202609120024714,1,0,1,0
202609120032665,1,0,1,0
202609120043212,1,0,1,0
202609120021886,1,0,1,0
202609120018503,1,0,1,0
202609120026242,1,0,1,0
202609120010429,1,0,1,0
202609120018602,1,0,1,0
202609120049313,1,0,1,0
202609120031480,1,0,1,0
202609120027411,1,0,1,0
202609120003761,1,0,1,0
202609120014485,1,0,1,0
202609120031529,1,0,1,0
202609120034472,1,0,1,0
202609120034492,1,0,1,0
202609120023249,1,0,1,0
202609120023895,1,0,1,0
202609120014265,1,0,1,0
202609120016219,1,0,1,0
202609120031226,1,0,1,0
202609120018898,1,0,1,0
202609120024132,1,0,1,0
202609120014544,1,0,1,0
202609120007640,1,0,1,0
202609120002090,1,0,1,0
202609120039075,1,0,1,0
202609120011226,1,0,1,0
202609120002273,1,0,1,0
202609120015392,1,0,1,0
202609120022875,1,0,1,0
202609120017137,1,0,1,0
202609120026002,1,0,1,0
202609120003253,1,0,1,0
202609120035079,1,0,1,0
202609120041060,1,0,1,0
202609120033345,1,0,1,0
202609120017742,1,0,1,0
202609120002785,1,0,1,0
202609120040229,1,0,1,0
202609120022790,1,0,1,0
202609120015956,1,0,1,0
202609120038902,1,0,1,0
202609120008120,1,0,1,0
202609120005204,1,0,1,0
202609120034506,1,0,1,0
202609120029425,1,0,1,0
202609120024720,1,0,1,0
202609120026248,1,0,1,0
202609120004112,1,0,1,0
202609120031474,1,0,1,0
202609120035623,1,0,1,0
202609120031241,1,0,1,0
202609120046286,1,0,1,0
202609120008136,1,0,1,0
202609120034517,1,0,1,0
202609120049096,1,0,1,0
202609120035431,1,0,1,0
202609120016758,1,0,1,0
202609120034768,1,0,1,0
202609120017087,1,0,1,0
202609120009517,1,0,1,0
202609120032354,1,0,1,0
202609120018909,1,0,1,0
202609120037336,1,0,1,0
202609120049470,1,0,1,0
202609120028617,1,0,1,0
202609120008675,1,0,1,0
202609120003353,1,0,1,0
202609120042567,1,0,1,0
202609120029880,1,0,1,0
202609120036321,1,0,1,0
202609120014651,1,0,1,0
202609120030760,1,0,1,0
202609120027847,1,0,1,0
202609120022071,1,0,1,0
202609120027482,1,0,1,0
202609120037637,1,0,1,0
202609120021573,1,0,1,0
202609120006543,1,0,1,0
202609120003911,1,0,1,0
202609120007506,1,0,1,0
202609120028839,1,0,1,0
202609120015127,1,0,1,0
202609120005957,1,0,1,0
202609120030136,1,0,1,0
202609120049494,1,0,1,0
202609120000755,1,0,1,0
202609120027227,1,0,1,0
202609120008569,1,0,1,0
202609120049496,1,0,1,0
202609120023986,1,0,1,0
202609120037587,1,0,1,0
202609120027130,1,0,1,0
202609120023549,1,0,1,0
202609120021128,1,0,1,0
202609120045102,1,0,1,0
202609120022159,1,0,1,0
202609120003442,1,0,1,0
202609120043323,1,0,1,0
202609120017877,1,0,1,0
202609120013853,1,0,1,0
202609120026107,1,0,1,0
202609120046140,1,0,1,0
202609120022484,1,0,1,0
202609120014969,1,0,1,0
202609120001383,1,0,1,0
202609120027479,1,0,1,0
202609120034587,1,0,1,0
202609120049614,1,0,1,0
202609120007437,1,0,1,0
202609120048776,1,0,1,0
202609120027333,1,0,1,0
202609120047450,1,0,1,0
202609120017556,1,0,1,0
202609120035271,1,0,1,0
202609120014931,1,0,1,0
202609120049729,1,0,1,0
202609120009174,1,0,1,0
202609120044554,1,0,1,0
202609120030705,1,0,1,0
202609120021642,1,0,1,0
202609120012810,1,0,1,0
202609120033161,1,0,1,0
202609120017034,1,0,1,0
202609120033076,1,0,1,0
202609120011440,1,0,1,0
202609120035459,1,0,1,0
202609120044610,1,0,1,0
202609120035077,1,0,1,0
202609120019704,1,0,1,0
202609120013741,1,0,1,0
202609120030205,1,0,1,0
202609120012533,1,0,1,0
202609120045314,1,0,1,0
202609120032081,1,0,1,0
202609120010821,1,0,1,0
202609120008395,1,0,1,0
202609120007094,1,0,1,0
202609120011551,1,0,1,0
202609120030130,1,0,1,0
202609120045017,1,0,1,0
202609120008131,1,0,1,0
202609120016115,1,0,1,0
202609120022434,1,0,1,0
202609120036804,1,0,1,0
202609120040353,1,0,1,0
202609120003981,1,0,1,0
202609120019817,1,0,1,0
202609120011249,1,0,1,0
202609120018441,1,0,1,0
202609120016176,1,0,1,0
202609120029507,1,0,1,0
202609120038094,1,0,1,0
202609120000224,1,0,1,0
202609120035363,1,0,1,0
202609120024860,1,0,1,0
202609120039233,1,0,1,0
202609120028790,1,0,1,0
202609120037059,1,0,1,0
202609120021282,1,0,1,0
202609120032442,1,0,1,0
202609120010144,1,0,1,0
202609120033827,1,0,1,0
202609120004666,1,0,1,0
202609120028007,1,0,1,0
202609120045715,1,0,1,0
202609120010418,1,0,1,0
202609120013509,1,0,1,0
202609120012081,1,0,1,0
202609120013840,1,0,1,0
202609120030955,1,0,1,0
202609120046247,1,0,1,0
202609120039381,1,0,1,0
202609120045534,1,0,1,0
202609120019961,1,0,1,0
202609120034681,1,0,1,0
202609120046296,1,0,1,0
202609120005865,1,0,1,0
202609120010070,1,0,1,0
202609120002969,1,0,1,0
202609120010975,1,0,1,0
202609120011810,1,0,1,0
202609120013603,1,0,1,0
202609120032661,1,0,1,0
202609120006075,1,0,1,0
202609120007361,1,0,1,0
202609120012308,1,0,1,0
202609120045586,1,0,1,0
202609120003740,1,0,1,0
202609120019215,1,0,1,0
202609120034380,1,0,1,0
202609120011717,1,0,1,0
202609120033650,1,0,1,0
202609120020937,1,0,1,0
202609120025950,1,0,1,0
202609120008470,1,0,1,0
202609120016072,1,0,1,0
202609120026142,1,0,1,0
202609120021114,1,0,1,0
202609120048638,1,0,1,0
202609120026074,1,0,1,0
202609120044046,1,0,1,0
202609120034130,1,0,1,0
202609120048218,1,0,1,0
202609120003747,1,0,1,0
202609120027958,1,0,1,0
202609120024636,1,0,1,0
202609120005705,1,0,1,0
202609120000718,1,0,1,0
202609120020741,1,0,1,0
202609120041487,2,0,0,2
202609120015338,2,0,0,2
202609120024298,2,0,0,2
202609120039411,2,0,0,2
202609120000050,2,0,0,2
202609120041408,2,0,0,2
202609120043338,2,0,0,2
202609120004200,2,0,0,2
202609120015969,2,0,0,2
202609120040289,2,0,0,2
202609120011704,2,0,0,2
202609120045427,2,0,0,2
202609120021196,2,0,0,2
202609120020080,2,0,0,2
202609120008410,2,0,0,2
202609120032901,2,0,0,2
202609120005046,2,0,0,2
202609120012185,2,0,0,2
202609120038444,2,0,0,2
202609120026180,2,0,0,2
202609120021474,2,0,0,2
202609120017621,2,0,0,2
202609120019403,2,0,0,2
202609120027294,2,0,0,2
202609120040321,2,0,0,2
202609120018929,1,0,0,1
202609120031945,1,0,0,1
202609120014858,1,0,0,1
202609120037894,1,0,0,1
202609120002874,1,0,0,1
202609120041471,1,0,0,1
202609120020478,1,0,0,1
202609120022910,1,0,0,1
202609120042239,1,0,0,1
202609120004157,1,0,0,1
202609120047566,1,0,0,1
202609120013974,1,0,0,1
202609120004909,1,0,0,1
202609120011373,1,0,0,1
202609120027517,1,0,0,1
202609120021491,1,0,0,1
202609120040434,1,0,0,1
202609120036407,1,0,0,1
202609120040616,1,0,0,1
202609120044271,1,0,0,1
202609120024591,1,0,0,1
202609120012474,1,0,0,1
202609120020533,1,0,0,1
202609120035870,1,0,0,1
202609120030657,1,0,0,1
202609120039746,1,0,0,1
202609120041600,1,0,0,1
202609120047048,1,0,0,1
202609120007200,1,0,0,1
202609120010816,1,0,0,1
202609120037708,1,0,0,1
202609120027789,1,0,0,1
202609120016145,1,0,0,1
202609120014887,1,0,0,1
202609120000436,1,0,0,1
202609120021796,1,0,0,1
202609120027692,1,0,0,1
202609120013296,1,0,0,1
202609120026924,1,0,0,1
202609120001670,1,0,0,1
202609120004295,1,0,0,1
202609120003955,1,0,0,1
202609120022341,1,0,0,1
202609120004775,1,0,0,1
202609120006288,1,0,0,1
202609120024482,1,0,0,1
202609120008981,1,0,0,1
202609120018304,1,0,0,1
202609120012092,1,0,0,1
202609120021570,1,0,0,1
202609120007102,1,0,0,1
202609120047977,1,0,0,1
202609120026757,1,0,0,1
202609120027776,1,0,0,1
202609120001731,1,0,0,1
202609120042724,1,0,0,1
202609120039482,1,0,0,1
202609120038451,1,0,0,1
202609120005413,1,0,0,1
202609120007299,1,0,0,1
202609120048964,1,0,0,1
202609120025133,1,0,0,1
202609120019313,1,0,0,1
202609120018774,1,0,0,1
202609120036215,1,0,0,1
202609120018959,1,0,0,1
202609120000795,1,0,0,1
202609120012156,1,0,0,1
202609120010501,1,0,0,1
202609120019360,1,0,0,1
202609120005889,1,0,0,1
202609120032308,1,0,0,1
202609120020381,1,0,0,1
202609120031635,1,0,0,1
202609120023217,1,0,0,1
202609120019593,1,0,0,1
202609120049307,1,0,0,1
202609120034208,1,0,0,1
202609120026116,1,0,0,1
202609120043359,1,0,0,1
202609120011084,1,0,0,1
202609120031423,1,0,0,1
202609120036907,1,0,0,1
202609120026947,1,0,0,1
202609120037169,1,0,0,1
202609120027282,1,0,0,1
202609120034344,1,0,0,1
202609120003602,1,0,0,1
202609120021329,1,0,0,1
202609120025024,1,0,0,1
202609120004027,1,0,0,1
202609120012680,1,0,0,1
202609120029509,1,0,0,1
202609120025094,1,0,0,1
202609120000005,1,0,0,1
202609120032413,1,0,0,1
202609120034748,1,0,0,1
202609120011377,1,0,0,1
202609120029004,1,0,0,1
202609120010962,1,0,0,1
202609120033608,1,0,0,1
202609120001565,1,0,0,1
202609120041217,1,0,0,1
202609120014390,1,0,0,1
202609120045116,1,0,0,1
202609120024903,1,0,0,1
202609120015404,1,0,0,1
202609120020251,1,0,0,1
202609120021109,1,0,0,1
202609120045401,1,0,0,1
202609120011869,1,0,0,1
202609120012702,1,0,0,1
202609120034137,1,0,0,1
202609120010696,1,0,0,1
202609120009464,1,0,0,1
202609120037588,1,0,0,1
202609120026706,1,0,0,1
202609120015286,1,0,0,1
202609120043468,1,0,0,1
202609120005090,1,0,0,1
202609120026684,1,0,0,1
202609120000231,1,0,0,1
202609120007109,1,0,0,1
202609120013072,1,0,0,1
202609120002919,1,0,0,1
202609120021168,1,0,0,1
202609120011741,1,0,0,1
202609120041796,1,0,0,1
202609120034296,1,0,0,1
202609120044476,1,0,0,1
202609120001916,1,0,0,1
202609120027841,1,0,0,1
202609120045244,1,0,0,1
202609120041149,1,0,0,1
202609120031866,1,0,0,1
202609120049661,1,0,0,1
202609120017107,1,0,0,1
202609120038017,1,0,0,1
202609120017900,1,0,0,1
202609120011116,1,0,0,1
202609120007383,1,0,0,1
202609120005421,1,0,0,1
202609120044697,1,0,0,1
202609120028127,1,0,0,1
202609120029496,1,0,0,1
202609120031015,1,0,0,1
202609120031167,1,0,0,1
202609120048239,1,0,0,1
202609120003391,1,0,0,1
202609120007572,1,0,0,1
202609120023731,1,0,0,1
202609120019103,1,0,0,1
202609120034382,1,0,0,1
202609120015266,1,0,0,1
202609120040187,1,0,0,1
202609120029160,1,0,0,1
202609120030840,1,0,0,1
202609120037220,1,0,0,1
202609120024497,1,0,0,1
202609120047637,1,0,0,1
202609120001450,1,0,0,1
202609120021786,1,0,0,1
202609120014613,1,0,0,1
202609120014536,1,0,0,1
202609120000473,1,0,0,1
202609120019730,1,0,0,1
202609120015441,1,0,0,1
202609120048884,1,0,0,1
202609120030798,1,0,0,1
202609120006556,1,0,0,1
202609120027174,1,0,0,1
202609120005736,1,0,0,1
202609120043151,1,0,0,1
202609120038337,1,0,0,1
202609120043350,1,0,0,1
202609120044426,1,0,0,1
202609120025052,1,0,0,1
202609120015149,1,0,0,1
202609120013277,1,0,0,1
202609120036149,1,0,0,1
202609120041990,1,0,0,1
202609120006648,1,0,0,1
202609120021314,1,0,0,1
202609120043435,1,0,0,1
202609120027452,1,0,0,1
202609120015359,1,0,0,1
202609120043315,1,0,0,1
202609120002504,1,0,0,1
202609120048947,1,0,0,1
202609120049512,1,0,0,1
202609120043063,1,0,0,1
202609120031859,1,0,0,1
202609120025589,1,0,0,1
202609120047554,1,0,0,1
202609120045747,1,0,0,1
202609120004532,1,0,0,1
202609120008707,1,0,0,1
202609120017354,1,0,0,1
202609120003490,1,0,0,1
202609120042795,1,0,0,1
202609120040513,1,0,0,1
202609120026495,1,0,0,1
202609120020475,1,0,0,1
202609120023950,1,0,0,1
202609120003850,1,0,0,1
202609120032353,1,0,0,1
202609120018094,1,0,0,1
202609120036211,1,0,0,1
202609120008932,1,0,0,1
202609120012701,1,0,0,1
202609120030758,1,0,0,1
202609120037217,1,0,0,1
202609120002434,1,0,0,1
202609120005768,1,0,0,1
202609120035095,1,0,0,1
202609120008535,1,0,0,1
202609120026031,1,0,0,1
202609120004151,1,0,0,1
202609120040048,1,0,0,1
202609120010543,1,0,0,1
202609120024243,1,0,0,1
202609120012062,1,0,0,1
202609120004890,1,0,0,1
202609120027864,1,0,0,1
202609120003960,1,0,0,1
202609120042939,1,0,0,1
202609120006379,1,0,0,1
202609120029985,1,0,0,1
202609120032466,1,0,0,1
202609120033604,1,0,0,1
202609120008249,1,0,0,1
202609120032739,1,0,0,1
202609120049413,1,0,0,1
202609120028820,1,0,0,1
202609120033048,1,0,0,1
202609120044269,1,0,0,1
202609120015081,1,0,0,1
202609120039571,1,0,0,1
202609120024663,1,0,0,1
202609120032943,1,0,0,1
202609120046045,1,0,0,1
202609120049739,1,0,0,1
202609120044241,1,0,0,1
202609120014988,1,0,0,1
202609120000989,1,0,0,1
202609120045028,1,0,0,1
202609120030979,1,0,0,1
202609120000156,1,0,0,1
202609120003916,1,0,0,1
202609120022896,1,0,0,1
202609120029240,1,0,0,1
202609120020365,1,0,0,1
202609120036566,1,0,0,1
202609120040688,1,0,0,1
202609120012996,1,0,0,1
202609120020340,1,0,0,1
202609120048729,1,0,0,1
202609120032411,1,0,0,1
202609120015184,1,0,0,1
202609120001529,1,0,0,1
202609120006865,1,0,0,1
202609120006668,1,0,0,1
202609120006765,1,0,0,1
202609120031585,1,0,0,1
202609120035497,1,0,0,1
202609120026331,1,0,0,1
202609120041342,1,0,0,1
202609120024842,1,0,0,1
202609120043676,1,0,0,1
202609120012281,1,0,0,1
202609120032141,1,0,0,1
202609120011752,1,0,0,1
202609120028576,1,0,0,1
202609120047275,1,0,0,1
202609120007229,1,0,0,1
202609120031977,1,0,0,1
202609120032220,1,0,0,1
202609120016978,1,0,0,1
202609120002318,1,0,0,1
202609120045333,1,0,0,1
202609120010639,1,0,0,1
202609120010740,1,0,0,1
202609120007941,1,0,0,1
202609120007074,1,0,0,1
202609120018643,1,0,0,1
202609120029829,1,0,0,1
202609120037982,1,0,0,1
202609120046218,1,0,0,1
202609120012739,1,0,0,1
202609120026099,1,0,0,1
202609120022408,1,0,0,1
202609120020323,1,0,0,1
202609120010157,1,0,0,1
202609120002388,1,0,0,1
202609120044655,1,0,0,1
202609120021211,1,0,0,1
202609120046637,1,0,0,1
202609120034550,1,0,0,1
202609120011234,1,0,0,1
202609120026870,1,0,0,1
202609120002134,1,0,0,1
202609120048961,1,0,0,1
202609120017876,1,0,0,1
202609120003256,1,0,0,1
202609120042976,1,0,0,1
202609120022049,1,0,0,1
202609120029700,1,0,0,1
202609120020578,1,0,0,1
202609120008281,1,0,0,1
202609120034654,1,0,0,1
202609120010810,1,0,0,1
202609120022570,1,0,0,1
202609120005715,1,0,0,1
202609120023370,1,0,0,1
202609120036675,1,0,0,1
202609120008421,1,0,0,1
202609120044916,1,0,0,1
202609120035634,1,0,0,1
202609120014412,1,0,0,1
202609120015864,1,0,0,1
202609120023763,1,0,0,1
202609120024110,1,0,0,1
202609120046517,1,0,0,1
202609120040988,1,0,0,1
202609120027423,1,0,0,1
202609120033609,1,0,0,1
202609120002290,1,0,0,1
202609120009677,1,0,0,1
202609120011228,1,0,0,1
202609120021312,1,0,0,1
202609120019931,1,0,0,1
202609120001844,1,0,0,1
202609120003933,1,0,0,1
202609120022350,1,0,0,1
202609120023441,1,0,0,1
202609120022066,1,0,0,1
202609120013526,1,0,0,1
202609120026867,1,0,0,1
202609120002431,1,0,0,1
202609120000213,1,0,0,1
202609120009666,1,0,0,1
202609120030945,1,0,0,1
202609120044100,1,0,0,1
202609120007974,1,0,0,1
202609120027306,1,0,0,1
202609120023860,1,0,0,1
202609120039634,1,0,0,1
202609120011233,1,0,0,1
202609120036957,1,0,0,1
202609120048253,1,0,0,1
202609120016576,1,0,0,1
202609120014234,1,0,0,1
202609120029154,1,0,0,1
202609120019122,1,0,0,1
202609120039780,1,0,0,1
202609120009097,1,0,0,1
202609120039304,1,0,0,1
202609120038230,1,0,0,1
202609120022320,1,0,0,1
202609120035117,1,0,0,1
202609120007948,1,0,0,1
202609120029672,1,0,0,1
202609120017520,1,0,0,1
202609120033580,1,0,0,1
202609120023806,1,0,0,1
202609120016037,1,0,0,1
202609120035690,1,0,0,1
202609120007379,1,0,0,1
202609120016033,1,0,0,1
202609120036216,1,0,0,1
202609120015484,1,0,0,1
202609120001104,1,0,0,1
202609120022002,1,0,0,1
202609120037482,1,0,0,1
202609120040610,1,0,0,1
202609120015136,1,0,0,1
202609120030528,1,0,0,1
202609120045630,1,0,0,1
202609120029987,1,0,0,1
202609120018303,1,0,0,1
202609120005843,1,0,0,1
202609120015719,1,0,0,1
202609120005211,1,0,0,1
202609120003833,1,0,0,1
202609120014599,1,0,0,1
202609120000318,1,0,0,1
202609120032229,1,0,0,1
202609120000285,1,0,0,1
202609120001970,1,0,0,1
202609120034219,1,0,0,1
202609120048747,1,0,0,1
202609120034860,1,0,0,1
202609120027513,1,0,0,1
202609120030467,1,0,0,1
202609120016260,1,0,0,1
202609120040234,1,0,0,1
202609120014282,1,0,0,1
202609120016353,1,0,0,1
202609120006807,1,0,0,1
202609120029163,1,0,0,1
202609120024799,1,0,0,1
202609120019391,1,0,0,1
202609120017441,1,0,0,1
202609120021193,1,0,0,1
202609120007595,1,0,0,1
202609120008070,1,0,0,1
202609120031068,1,0,0,1
202609120014290,1,0,0,1
202609120018596,1,0,0,1
202609120044833,1,0,0,1
202609120035871,1,0,0,1
202609120023613,1,0,0,1
202609120001753,1,0,0,1
202609120012031,1,0,0,1
202609120029807,1,0,0,1
202609120042152,1,0,0,1
202609120012014,1,0,0,1
202609120044682,1,0,0,1
202609120030379,1,0,0,1
202609120040164,1,0,0,1
202609120046601,1,0,0,1
202609120020575,1,0,0,1
202609120020073,1,0,0,1
202609120024237,1,0,0,1
202609120036756,1,0,0,1
202609120012013,1,0,0,1
202609120022343,1,0,0,1
202609120029351,1,0,0,1
202609120038486,1,0,0,1
202609120036898,1,0,0,1
202609120017921,1,0,0,1
202609120021801,1,0,0,1
202609120012651,1,0,0,1
202609120017798,1,0,0,1
202609120033254,1,0,0,1
202609120008997,1,0,0,1
202609120004819,1,0,0,1
202609120049341,1,0,0,1
202609120005135,1,0,0,1
202609120043318,1,0,0,1
202609120042621,1,0,0,1
202609120025903,1,0,0,1
202609120013574,1,0,0,1
202609120011083,1,0,0,1
202609120000703,1,0,0,1
202609120004501,1,0,0,1
202609120011057,1,0,0,1
202609120040260,1,0,0,1
202609120001661,1,0,0,1
202609120024357,1,0,0,1
202609120013885,1,0,0,1
202609120020846,1,0,0,1
202609120040114,1,0,0,1
202609120046824,1,0,0,1
202609120033959,1,0,0,1
202609120004416,1,0,0,1
202609120003840,1,0,0,1
202609120028985,1,0,0,1
202609120009629,1,0,0,1
202609120041225,1,0,0,1
202609120018096,1,0,0,1
202609120022819,1,0,0,1
202609120038574,1,0,0,1
202609120009843,1,0,0,1
202609120018484,1,0,0,1
202609120036316,1,0,0,1
202609120019195,1,0,0,1
202609120014989,1,0,0,1
202609120003330,1,0,0,1
202609120015241,1,0,0,1
202609120048240,1,0,0,1
202609120020611,1,0,0,1
202609120039600,1,0,0,1
202609120013399,1,0,0,1
202609120013066,1,0,0,1
202609120039161,1,0,0,1
202609120033863,1,0,0,1
202609120028666,1,0,0,1
202609120015066,1,0,0,1
202609120036575,1,0,0,1
202609120043442,1,0,0,1
202609120029350,1,0,0,1
202609120022651,1,0,0,1
202609120019494,1,0,0,1
202609120012992,1,0,0,1
202609120023297,1,0,0,1
202609120030299,1,0,0,1
202609120038095,1,0,0,1
202609120015865,1,0,0,1
202609120028895,1,0,0,1
202609120009225,1,0,0,1
202609120015553,1,0,0,1
202609120008459,1,0,0,1
202609120048453,1,0,0,1
202609120024149,1,0,0,1
202609120027172,1,0,0,1
202609120007421,1,0,0,1
202609120039131,1,0,0,1
202609120015621,1,0,0,1
202609120032811,1,0,0,1
202609120038056,1,0,0,1
202609120035278,1,0,0,1
202609120031884,1,0,0,1
202609120019834,1,0,0,1
202609120038862,1,0,0,1
202609120010638,1,0,0,1
202609120034134,1,0,0,1
202609120032795,1,0,0,1
202609120035416,1,0,0,1
202609120010552,1,0,0,1
202609120037292,1,0,0,1
202609120043601,1,0,0,1
202609120043590,1,0,0,1
202609120009359,1,0,0,1
202609120005504,1,0,0,1
202609120038536,1,0,0,1
202609120003732,1,0,0,1
202609120041821,1,0,0,1
202609120003837,1,0,0,1
202609120012799,1,0,0,1
202609120004601,1,0,0,1
202609120039215,1,0,0,1
202609120033800,1,0,0,1
202609120033055,1,0,0,1
202609120034618,1,0,0,1
202609120003887,1,0,0,1
202609120009781,1,0,0,1
202609120012593,1,0,0,1
202609120047614,1,0,0,1
202609120028785,1,0,0,1
202609120048781,1,0,0,1
202609120032103,1,0,0,1
202609120024486,1,0,0,1
202609120008858,1,0,0,1
202609120027559,1,0,0,1
202609120023878,1,0,0,1
202609120004650,1,0,0,1
202609120031380,1,0,0,1
202609120028548,1,0,0,1
202609120043923,1,0,0,1
202609120032086,1,0,0,1
202609120013007,1,0,0,1
202609120030524,1,0,0,1
202609120005743,1,0,0,1
202609120049646,1,0,0,1
202609120001101,1,0,0,1
202609120036617,1,0,0,1
202609120013118,1,0,0,1
202609120043379,1,0,0,1
202609120036433,1,0,0,1
202609120047073,1,0,0,1
202609120003037,1,0,0,1
202609120020145,1,0,0,1
202609120006832,1,0,0,1
202609120026939,1,0,0,1
202609120036846,1,0,0,1
202609120046797,1,0,0,1
202609120001996,1,0,0,1
202609120023362,1,0,0,1
202609120036246,1,0,0,1
202609120011619,1,0,0,1
202609120005501,1,0,0,1
202609120043344,1,0,0,1
202609120009670,1,0,0,1
202609120046762,1,0,0,1
202609120023907,1,0,0,1
202609120045439,1,0,0,1
202609120003670,1,0,0,1
202609120027085,1,0,0,1
202609120035166,1,0,0,1
202609120034704,1,0,0,1
202609120045455,1,0,0,1
202609120043621,1,0,0,1
202609120004390,1,0,0,1
202609120038089,1,0,0,1
202609120030587,1,0,0,1
202609120025955,1,0,0,1
202609120009668,1,0,0,1
202609120048283,1,0,0,1
202609120040098,1,0,0,1
202609120028762,1,0,0,1
202609120019571,1,0,0,1
202609120036111,1,0,0,1
202609120044264,1,0,0,1
202609120000313,1,0,0,1
202609120045772,1,0,0,1
202609120012324,1,0,0,1
202609120040958,1,0,0,1
202609120006926,1,0,0,1
202609120022187,1,0,0,1
202609120036630,1,0,0,1
202609120028043,1,0,0,1
202609120032728,1,0,0,1
202609120008949,1,0,0,1
202609120049140,1,0,0,1
202609120009372,1,0,0,1
202609120016938,1,0,0,1
202609120048619,1,0,0,1
202609120046536,1,0,0,1
202609120031613,1,0,0,1
202609120007713,1,0,0,1
202609120018149,1,0,0,1
202609120047914,1,0,0,1
202609120026477,1,0,0,1
202609120011018,1,0,0,1
202609120038125,1,0,0,1
202609120028946,1,0,0,1
202609120028211,1,0,0,1
202609120021019,1,0,0,1
202609120021471,1,0,0,1
202609120032737,1,0,0,1
202609120005561,1,0,0,1
202609120002392,1,0,0,1
202609120029365,1,0,0,1
202609120010093,1,0,0,1
202609120038779,1,0,0,1
202609120029072,1,0,0,1
202609120048746,1,0,0,1
202609120035061,1,0,0,1
202609120033901,1,0,0,1
202609120034776,1,0,0,1
202609120002386,1,0,0,1
202609120025989,1,0,0,1
202609120009121,1,0,0,1
202609120001109,1,0,0,1
202609120040038,1,0,0,1
202609120008069,1,0,0,1
202609120037586,1,0,0,1
202609120001455,1,0,0,1
202609120032975,1,0,0,1
202609120032634,1,0,0,1
202609120036093,1,0,0,1
202609120019547,1,0,0,1
202609120009149,1,0,0,1
202609120040604,1,0,0,1
202609120040454,1,0,0,1
202609120009551,1,0,0,1
202609120002457,1,0,0,1
202609120040066,1,0,0,1
202609120034904,1,0,0,1
202609120023821,1,0,0,1
202609120003925,1,0,0,1
202609120030300,1,0,0,1
202609120000853,1,0,0,1
202609120015841,1,0,0,1
202609120036709,1,0,0,1
202609120041874,1,0,0,1
202609120004495,1,0,0,1
202609120010541,1,0,0,1
202609120026392,1,0,0,1
202609120001249,1,0,0,1
202609120028938,1,0,0,1
202609120006969,1,0,0,1
202609120025050,1,0,0,1
202609120025197,1,0,0,1
202609120048956,1,0,0,1
202609120006105,1,0,0,1
202609120026690,1,0,0,1
202609120004258,1,0,0,1
202609120038950,1,0,0,1
202609120000027,1,0,0,1
202609120030388,1,0,0,1
202609120020021,1,0,0,1
202609120044069,1,0,0,1
202609120017380,1,0,0,1
202609120017128,1,0,0,1
202609120016498,1,0,0,1
202609120037566,1,0,0,1
202609120005842,1,0,0,1
202609120020366,1,0,0,1
202609120039665,1,0,0,1
202609120014934,1,0,0,1
202609120040663,1,0,0,1
202609120032713,1,0,0,1
202609120030412,1,0,0,1
202609120038540,1,0,0,1
202609120028452,1,0,0,1
202609120019761,1,0,0,1
202609120020362,1,0,0,1
202609120049114,1,0,0,1
202609120013372,1,0,0,1
202609120002762,1,0,0,1
202609120011890,1,0,0,1
202609120009197,1,0,0,1
202609120007317,1,0,0,1
202609120027778,1,0,0,1
202609120026215,1,0,0,1
202609120048898,1,0,0,1
202609120034004,1,0,0,1
202609120031582,1,0,0,1
202609120041226,1,0,0,1
202609120035595,1,0,0,1
202609120045594,1,0,0,1
202609120009495,1,0,0,1
202609120040108,1,0,0,1
202609120022381,1,0,0,1
202609120030029,1,0,0,1
202609120000555,1,0,0,1
202609120034407,1,0,0,1
202609120016676,1,0,0,1
202609120000064,1,0,0,1
202609120032154,1,0,0,1
202609120027914,1,0,0,1
202609120019929,1,0,0,1
202609120029135,1,0,0,1
202609120019728,1,0,0,1
202609120030563,1,0,0,1
202609120001778,1,0,0,1
202609120039931,1,0,0,1
202609120022042,1,0,0,1
202609120041251,1,0,0,1
202609120006137,1,0,0,1
202609120025113,1,0,0,1
202609120028528,1,0,0,1
202609120035968,1,0,0,1
202609120046802,1,0,0,1
202609120039187,1,0,0,1
202609120024829,1,0,0,1
202609120004381,1,0,0,1
202609120038562,1,0,0,1
202609120018621,1,0,0,1
202609120006766,1,0,0,1
202609120047495,1,0,0,1
202609120000598,1,0,0,1
202609120003808,1,0,0,1
202609120043355,1,0,0,1
202609120039005,1,0,0,1
202609120049016,1,0,0,1
202609120024472,1,0,0,1
202609120006863,1,0,0,1
202609120035319,1,0,0,1
202609120000244,1,0,0,1
202609120034865,1,0,0,1
202609120036979,1,0,0,1
202609120005788,1,0,0,1
202609120034623,1,0,0,1
202609120005397,1,0,0,1
202609120012205,1,0,0,1
202609120014205,1,0,0,1
202609120045375,1,0,0,1
202609120043586,1,0,0,1
202609120038161,1,0,0,1
202609120011117,1,0,0,1
202609120018299,1,0,0,1
202609120038140,1,0,0,1
202609120031200,1,0,0,1
202609120015795,1,0,0,1
202609120012942,1,0,0,1
202609120034145,1,0,0,1
202609120045863,1,0,0,1
202609120009280,1,0,0,1
202609120006939,1,0,0,1
202609120014093,1,0,0,1
202609120029594,1,0,0,1
202609120016680,1,0,0,1
202609120028190,1,0,0,1
202609120043735,1,0,0,1
202609120008776,1,0,0,1
202609120019582,1,0,0,1
202609120011023,1,0,0,1
202609120015240,1,0,0,1
202609120008504,1,0,0,1
202609120008027,1,0,0,1
202609120024894,1,0,0,1
202609120048807,1,0,0,1
202609120013442,1,0,0,1
202609120049608,1,0,0,1
202609120003158,1,0,0,1
202609120025218,1,0,0,1
202609120025924,1,0,0,1
202609120037665,1,0,0,1
202609120040307,1,0,0,1
202609120015849,1,0,0,1
202609120019441,1,0,0,1
202609120047913,1,0,0,1
202609120046158,1,0,0,1
202609120030004,1,0,0,1
202609120024340,1,0,0,1
202609120017836,1,0,0,1
202609120011036,1,0,0,1
202609120028108,1,0,0,1
202609120036517,1,0,0,1
202609120036408,1,0,0,1
202609120009913,1,0,0,1
202609120031970,1,0,0,1
202609120004409,1,0,0,1
202609120037691,1,0,0,1
202609120041194,1,0,0,1
202609120008712,1,0,0,1
202609120039060,1,0,0,1
202609120008674,1,0,0,1
202609120027281,1,0,0,1
202609120027087,1,0,0,1
202609120019746,1,0,0,1
202609120000757,1,0,0,1
202609120035708,1,0,0,1
202609120040461,1,0,0,1
202609120033778,1,0,0,1
202609120004260,1,0,0,1
202609120044799,1,0,0,1
202609120033652,1,0,0,1
202609120035093,1,0,0,1
202609120044303,1,0,0,1
202609120031893,1,0,0,1
202609120025522,1,0,0,1
202609120016911,1,0,0,1
202609120040077,1,0,0,1
202609120020491,1,0,0,1
202609120049658,1,0,0,1
202609120010065,1,0,0,1
202609120033009,1,0,0,1
202609120030636,1,0,0,1
202609120045666,1,0,0,1
202609120048333,1,0,0,1
202609120027286,1,0,0,1
202609120011449,1,0,0,1
202609120043042,1,0,0,1
202609120030477,1,0,0,1
202609120014451,1,0,0,1
202609120010111,1,0,0,1
202609120033387,1,0,0,1
202609120047307,1,0,0,1
202609120010828,1,0,0,1
202609120031208,1,0,0,1
202609120009984,1,0,0,1
202609120031748,1,0,0,1
202609120020426,1,0,0,1
202609120036739,1,0,0,1
202609120015114,1,0,0,1
202609120007517,1,0,0,1
202609120032960,1,0,0,1
202609120001170,1,0,0,1
202609120001192,1,0,0,1
202609120049793,1,0,0,1
202609120032818,1,0,0,1
202609120023379,1,0,0,1
202609120027134,1,0,0,1
202609120019365,1,0,0,1
202609120023219,1,0,0,1
202609120016584,1,0,0,1
202609120048009,1,0,0,1
202609120036203,1,0,0,1
202609120011641,1,0,0,1
202609120032941,1,0,0,1
202609120022700,1,0,0,1
202609120032495,1,0,0,1
202609120014047,1,0,0,1
202609120002937,1,0,0,1
202609120002371,1,0,0,1
202609120046185,1,0,0,1
202609120008030,1,0,0,1
202609120006822,1,0,0,1
202609120021174,1,0,0,1
202609120014317,1,0,0,1
202609120004325,1,0,0,1
202609120044662,1,0,0,1
202609120032155,1,0,0,1
202609120032111,1,0,0,1
202609120029815,1,0,0,1
202609120031752,1,0,0,1
202609120040904,1,0,0,1
202609120037360,1,0,0,1
202609120026863,1,0,0,1
202609120031327,1,0,0,1
202609120012887,1,0,0,1
202609120018217,1,0,0,1
202609120020324,1,0,0,1
202609120018377,1,0,0,1
202609120040869,1,0,0,1
202609120021689,1,0,0,1
202609120014756,1,0,0,1
202609120045540,1,0,0,1
202609120020845,1,0,0,1
202609120012435,1,0,0,1
202609120001341,1,0,0,1
202609120045269,1,0,0,1
202609120028881,1,0,0,1
202609120030025,1,0,0,1
202609120017513,1,0,0,1
202609120017716,1,0,0,1
202609120026951,1,0,0,1
202609120014029,1,0,0,1
202609120023087,1,0,0,1
202609120014000,1,0,0,1
202609120027786,1,0,0,1
202609120020331,1,0,0,1
202609120010601,1,0,0,1
202609120010176,1,0,0,1
202609120023435,1,0,0,1
202609120005578,1,0,0,1
202609120016081,1,0,0,1
202609120002500,1,0,0,1
202609120008950,1,0,0,1
202609120042824,1,0,0,1
202609120016362,1,0,0,1
202609120009536,1,0,0,1
202609120011705,1,0,0,1
202609120007157,1,0,0,1
202609120011137,1,0,0,1
202609120036268,1,0,0,1
202609120009314,1,0,0,1
202609120040735,1,0,0,1
202609120031649,1,0,0,1
202609120014533,1,0,0,1
202609120024661,1,0,0,1
202609120039570,1,0,0,1
202609120002713,1,0,0,1
202609120035285,1,0,0,1
202609120004800,1,0,0,1
202609120004857,1,0,0,1
202609120004273,1,0,0,1
202609120016887,1,0,0,1
202609120048842,1,0,0,1
202609120006588,1,0,0,1
202609120033448,1,0,0,1
202609120023085,1,0,0,1
202609120002004,1,0,0,1
202609120033897,1,0,0,1
202609120023456,1,0,0,1
202609120018152,1,0,0,1
202609120038791,1,0,0,1
202609120028319,1,0,0,1
202609120049041,1,0,0,1
202609120010618,1,0,0,1
202609120028926,1,0,0,1
202609120023477,1,0,0,1
202609120032946,1,0,0,1
202609120019349,1,0,0,1
202609120043525,1,0,0,1
202609120012744,1,0,0,1
202609120030834,1,0,0,1
202609120002989,1,0,0,1
202609120036194,1,0,0,1
202609120012498,1,0,0,1
202609120038326,1,0,0,1
202609120006533,1,0,0,1
202609120044615,1,0,0,1
202609120030901,1,0,0,1
202609120032164,1,0,0,1
202609120032718,1,0,0,1
202609120024172,1,0,0,1
202609120030124,1,0,0,1
202609120035804,1,0,0,1
202609120018170,1,0,0,1
202609120013256,1,0,0,1
202609120001694,1,0,0,1
202609120016214,1,0,0,1
202609120016565,1,0,0,1
202609120001774,1,0,0,1
202609120031511,1,0,0,1
202609120021733,1,0,0,1
202609120016884,1,0,0,1
202609120017744,1,0,0,1
202609120015214,1,0,0,1
202609120040470,1,0,0,1
202609120024528,1,0,0,1
202609120044817,1,0,0,1
202609120034684,1,0,0,1
202609120040621,1,0,0,1
202609120014684,1,0,0,1
202609120021084,1,0,0,1
202609120022812,1,0,0,1
202609120001182,1,0,0,1
202609120034899,1,0,0,1
202609120036275,1,0,0,1
202609120044079,1,0,0,1
202609120011341,1,0,0,1
202609120034730,1,0,0,1
202609120027798,1,0,0,1
202609120044174,1,0,0,1
202609120001422,1,0,0,1
202609120039397,1,0,0,1
202609120011806,1,0,0,1
202609120011031,1,0,0,1
202609120013547,1,0,0,1
202609120036291,1,0,0,1
202609120027171,1,0,0,1
202609120016023,1,0,0,1
202609120039923,1,0,0,1
202609120042302,1,0,0,1
202609120031757,1,0,0,1
202609120017956,1,0,0,1
202609120011265,1,0,0,1
202609120047522,1,0,0,1
202609120049828,1,0,0,1
202609120048775,1,0,0,1
202609120002227,1,0,0,1
202609120035603,1,0,0,1
202609120012215,1,0,0,1
202609120042947,1,0,0,1
202609120040542,1,0,0,1
202609120026518,1,0,0,1
202609120008405,1,0,0,1
202609120044977,1,0,0,1
202609120014615,1,0,0,1
202609120026898,1,0,0,1
202609120041689,1,0,0,1
202609120036360,1,0,0,1
202609120048462,1,0,0,1
202609120033447,1,0,0,1
202609120049141,1,0,0,1
202609120031645,1,0,0,1
202609120023059,1,0,0,1
202609120019236,1,0,0,1
202609120028326,1,0,0,1
202609120016476,1,0,0,1
202609120037625,1,0,0,1
202609120035349,1,0,0,1
202609120035677,1,0,0,1
202609120009328,1,0,0,1
202609120004122,1,0,0,1
202609120041256,1,0,0,1
202609120016384,1,0,0,1
202609120040977,1,0,0,1
202609120018995,1,0,0,1
202609120001959,1,0,0,1
202609120008864,1,0,0,1
202609120013068,1,0,0,1
202609120020449,1,0,0,1
202609120024984,1,0,0,1
202609120034883,1,0,0,1
202609120043460,1,0,0,1
202609120003168,1,0,0,1
202609120021592,1,0,0,1
202609120021259,1,0,0,1
202609120046628,1,0,0,1
202609120007864,1,0,0,1
202609120045499,1,0,0,1
202609120049706,1,0,0,1
202609120001168,1,0,0,1
202609120043611,1,0,0,1
202609120006514,1,0,0,1
202609120047306,1,0,0,1
202609120035587,1,0,0,1
202609120018284,1,0,0,1
202609120001397,1,0,0,1
202609120000908,1,0,0,1
202609120028509,1,0,0,1
202609120031488,1,0,0,1
202609120002690,1,0,0,1
202609120013420,1,0,0,1
202609120007202,1,0,0,1
202609120035379,1,0,0,1
202609120010528,1,0,0,1
202609120042914,1,0,0,1
202609120039719,1,0,0,1
202609120007340,1,0,0,1
202609120031711,1,0,0,1
202609120022803,1,0,0,1
202609120007687,1,0,0,1
202609120018584,1,0,0,1
202609120006423,1,0,0,1
202609120013477,1,0,0,1
202609120005383,1,0,0,1
202609120001484,1,0,0,1
202609120035156,1,0,0,1
202609120015761,1,0,0,1
202609120016786,1,0,0,1
202609120048442,1,0,0,1
202609120029818,1,0,0,1
202609120023049,1,0,0,1
202609120034328,1,0,0,1
202609120037345,1,0,0,1
202609120012132,1,0,0,1
202609120015648,1,0,0,1
202609120020619,1,0,0,1
202609120044941,1,0,0,1
202609120000073,1,0,0,1
202609120036089,1,0,0,1
202609120015131,1,0,0,1
202609120039168,1,0,0,1
202609120016613,1,0,0,1
202609120026111,1,0,0,1
202609120015513,1,0,0,1
202609120029922,1,0,0,1
202609120039644,1,0,0,1
202609120049322,1,0,0,1
202609120020934,1,0,0,1
202609120048164,1,0,0,1
202609120005848,1,0,0,1
202609120004614,1,0,0,1
202609120015008,1,0,0,1
202609120005666,1,0,0,1
202609120033907,1,0,0,1
202609120040109,1,0,0,1
202609120046955,1,0,0,1
202609120007408,1,0,0,1
202609120002291,1,0,0,1
202609120009997,1,0,0,1
202609120044146,1,0,0,1
202609120047755,1,0,0,1
202609120036053,1,0,0,1
202609120012367,1,0,0,1
202609120015140,1,0,0,1
202609120035412,1,0,0,1
202609120001955,1,0,0,1
202609120007039,1,0,0,1
202609120006628,1,0,0,1
202609120025855,1,0,0,1
202609120004026,1,0,0,1
202609120035188,1,0,0,1
202609120009512,1,0,0,1
202609120041861,1,0,0,1
202609120040668,1,0,0,1
202609120011000,1,0,0,1
202609120029490,1,0,0,1
202609120009846,1,0,0,1
202609120000920,1,0,0,1
202609120048983,1,0,0,1
202609120047140,1,0,0,1
202609120015922,1,0,0,1
202609120010930,1,0,0,1
202609120005994,1,0,0,1
202609120000599,1,0,0,1
202609120033206,1,0,0,1
202609120041913,1,0,0,1
202609120024968,1,0,0,1
202609120047023,1,0,0,1
202609120008111,1,0,0,1
202609120037635,1,0,0,1
202609120046449,1,0,0,1
202609120014376,1,0,0,1
202609120007509,1,0,0,1
202609120040644,1,0,0,1
202609120035529,1,0,0,1
202609120012546,1,0,0,1
202609120048336,1,0,0,1
202609120039623,1,0,0,1
202609120036088,1,0,0,1
202609120048528,1,0,0,1
202609120034511,1,0,0,1
202609120007242,1,0,0,1
202609120019359,1,0,0,1
202609120014861,1,0,0,1
202609120040854,1,0,0,1
202609120005162,1,0,0,1
202609120010812,1,0,0,1
202609120013799,1,0,0,1
202609120040976,1,0,0,1
202609120016963,1,0,0,1
202609120044148,1,0,0,1
202609120005612,1,0,0,1
202609120042141,1,0,0,1
202609120028470,1,0,0,1
202609120019117,1,0,0,1
202609120011307,1,0,0,1
202609120046594,1,0,0,1
202609120045570,1,0,0,1
202609120004487,1,0,0,1
202609120008577,1,0,0,1
202609120017821,1,0,0,1
202609120039786,1,0,0,1
202609120009733,1,0,0,1
202609120007005,1,0,0,1
202609120030743,1,0,0,1
202609120031621,1,0,0,1
202609120045564,1,0,0,1
202609120041036,1,0,0,1
202609120047654,1,0,0,1
202609120042533,1,0,0,1
202609120021000,1,0,0,1
202609120019686,1,0,0,1
202609120038806,1,0,0,1
202609120038849,1,0,0,1
202609120041763,1,0,0,1
202609120001439,1,0,0,1
202609120015604,1,0,0,1
202609120013342,1,0,0,1
202609120003431,1,0,0,1
202609120015182,1,0,0,1
202609120003890,1,0,0,1
202609120013541,1,0,0,1
202609120028799,1,0,0,1
202609120046165,1,0,0,1
202609120038121,1,0,0,1
202609120014693,1,0,0,1
202609120000505,1,0,0,1
202609120020748,1,0,0,1
202609120004951,1,0,0,1
202609120001720,1,0,0,1
202609120031430,1,0,0,1
202609120033470,1,0,0,1
202609120018922,1,0,0,1
202609120023537,1,0,0,1
202609120009429,1,0,0,1
202609120021850,1,0,0,1
202609120026672,1,0,0,1
202609120045788,1,0,0,1
202609120005159,1,0,0,1
202609120024809,1,0,0,1
202609120048151,1,0,0,1
202609120028856,1,0,0,1
202609120035082,1,0,0,1
202609120024940,1,0,0,1
202609120040850,1,0,0,1
202609120034020,1,0,0,1
202609120022148,1,0,0,1
202609120005566,1,0,0,1
202609120014253,1,0,0,1
202609120033573,1,0,0,1
202609120036231,1,0,0,1
202609120026150,1,0,0,1
202609120000084,1,0,0,1
202609120037402,1,0,0,1
202609120032331,1,0,0,1
202609120031883,1,0,0,1
202609120024965,1,0,0,1
202609120041093,1,0,0,1
202609120025294,1,0,0,1
202609120035168,1,0,0,1
202609120021414,1,0,0,1
202609120006662,1,0,0,1
202609120007032,1,0,0,1
202609120020772,1,0,0,1
202609120025878,1,0,0,1
202609120010196,1,0,0,1
202609120010047,1,0,0,1
202609120015790,1,0,0,1
202609120025870,1,0,0,1
202609120037946,1,0,0,1
202609120042067,1,0,0,1
202609120003798,1,0,0,1
202609120013064,1,0,0,1
202609120001515,1,0,0,1
202609120023076,1,0,0,1
202609120005876,1,0,0,1
202609120003921,1,0,0,1
202609120003232,1,0,0,1
202609120043197,1,0,0,1
202609120036072,1,0,0,1
202609120005984,1,0,0,1
202609120041351,1,0,0,1
202609120040196,1,0,0,1
202609120029824,1,0,0,1
202609120026244,1,0,0,1
202609120032929,1,0,0,1
202609120029961,1,0,0,1
202609120024839,1,0,0,1
202609120032422,1,0,0,1
202609120013583,1,0,0,1
202609120039686,1,0,0,1
202609120028309,1,0,0,1
202609120003519,1,0,0,1
202609120015387,1,0,0,1
202609120039085,1,0,0,1
202609120031593,1,0,0,1
202609120027137,1,0,0,1
202609120016277,1,0,0,1
202609120042369,1,0,0,1
202609120035334,1,0,0,1
202609120031187,1,0,0,1
202609120000654,1,0,0,1
202609120025120,1,0,0,1
202609120032825,1,0,0,1
202609120025290,1,0,0,1
202609120039003,1,0,0,1
202609120017689,1,0,0,1
202609120018944,1,0,0,1
202609120021002,1,0,0,1
202609120044308,1,0,0,1
202609120038898,1,0,0,1
202609120047008,1,0,0,1
202609120047017,1,0,0,1
202609120033545,1,0,0,1
202609120024781,1,0,0,1
202609120048572,1,0,0,1
202609120014725,1,0,0,1
202609120007908,1,0,0,1
202609120031186,1,0,0,1
202609120032006,1,0,0,1
202609120015661,1,0,0,1
202609120048435,1,0,0,1
202609120036680,1,0,0,1
202609120041766,1,0,0,1
202609120049613,1,0,0,1
202609120044296,1,0,0,1
202609120042864,1,0,0,1
202609120012514,1,0,0,1
202609120011979,1,0,0,1
202609120043945,1,0,0,1
202609120027408,1,0,0,1
202609120031338,1,0,0,1
202609120025776,1,0,0,1
202609120036252,1,0,0,1
202609120042535,1,0,0,1
202609120002250,1,0,0,1
202609120025448,1,0,0,1
202609120019559,1,0,0,1
202609120021199,1,0,0,1
202609120005880,1,0,0,1
202609120030498,1,0,0,1
202609120003414,1,0,0,1
202609120000725,1,0,0,1
202609120010600,1,0,0,1
202609120048039,1,0,0,1
202609120024341,1,0,0,1
202609120009576,1,0,0,1
202609120010072,1,0,0,1
202609120034475,1,0,0,1
202609120004691,1,0,0,1
202609120015024,1,0,0,1
202609120020914,1,0,0,1
202609120034649,1,0,0,1
202609120030139,1,0,0,1
202609120037678,1,0,0,1
202609120036528,1,0,0,1
202609120013496,1,0,0,1
202609120046539,1,0,0,1
202609120038554,1,0,0,1
202609120047031,1,0,0,1
202609120030786,1,0,0,1
202609120012427,1,0,0,1
202609120006714,1,0,0,1
202609120040670,1,0,0,1
202609120010013,1,0,0,1
202609120040815,1,0,0,1
202609120032742,1,0,0,1
202609120013228,1,0,0,1
202609120041663,1,0,0,1
202609120023242,1,0,0,1
202609120008148,1,0,0,1
202609120040929,1,0,0,1
202609120005394,1,0,0,1
202609120011693,1,0,0,1
202609120021381,1,0,0,1
202609120041780,1,0,0,1
202609120038356,1,0,0,1
202609120045122,1,0,0,1
202609120006870,1,0,0,1
202609120046765,1,0,0,1
202609120002574,1,0,0,1
202609120038448,1,0,0,1
202609120014890,1,0,0,1
202609120010840,1,0,0,1
202609120044093,1,0,0,1
202609120031703,1,0,0,1
202609120032159,1,0,0,1
202609120024748,1,0,0,1
202609120038401,1,0,0,1
202609120020483,1,0,0,1
202609120047497,1,0,0,1
202609120004180,1,0,0,1
202609120016106,1,0,0,1
202609120029725,1,0,0,1
202609120010826,1,0,0,1
202609120024439,1,0,0,1
202609120041300,1,0,0,1
202609120041888,1,0,0,1
202609120035614,1,0,0,1
202609120038311,1,0,0,1
202609120008567,1,0,0,1
202609120023736,1,0,0,1
202609120025059,1,0,0,1
202609120039508,1,0,0,1
202609120025867,1,0,0,1
202609120028929,1,0,0,1
202609120015800,1,0,0,1
202609120006728,1,0,0,1
202609120043148,1,0,0,1
202609120011006,1,0,0,1
202609120006622,1,0,0,1
202609120038353,1,0,0,1
202609120001951,1,0,0,1
202609120032807,1,0,0,1
202609120010378,1,0,0,1
202609120008515,1,0,0,1
202609120003178,1,0,0,1
202609120003223,1,0,0,1
202609120043065,1,0,0,1
202609120011182,1,0,0,1
202609120010811,1,0,0,1
202609120048583,1,0,0,1
202609120006803,1,0,0,1
202609120024381,1,0,0,1
202609120001438,1,0,0,1
202609120021412,1,0,0,1
202609120032550,1,0,0,1
202609120011835,1,0,0,1
202609120040256,1,0,0,1
202609120020767,1,0,0,1
202609120023403,1,0,0,1
202609120026727,1,0,0,1
202609120041539,1,0,0,1
202609120012294,1,0,0,1
202609120033741,1,0,0,1
202609120033982,1,0,0,1
202609120038130,1,0,0,1
202609120035633,1,0,0,1
202609120010460,1,0,0,1
202609120004672,1,0,0,1
202609120041581,1,0,0,1
202609120014373,1,0,0,1
202609120009014,1,0,0,1
202609120013347,1,0,0,1
202609120007939,1,0,0,1
202609120008987,1,0,0,1
202609120027198,1,0,0,1
202609120019901,1,0,0,1
202609120037577,1,0,0,1
202609120016581,1,0,0,1
202609120044725,1,0,0,1
202609120024027,1,0,0,1
202609120048759,1,0,0,1
202609120035326,1,0,0,1
202609120035269,1,0,0,1
202609120007871,1,0,0,1
202609120011222,1,0,0,1
202609120045859,1,0,0,1
202609120033923,1,0,0,1
202609120046663,1,0,0,1
202609120002169,1,0,0,1
202609120027501,1,0,0,1
202609120016102,1,0,0,1
202609120048579,1,0,0,1
202609120028875,1,0,0,1
202609120003817,1,0,0,1
202609120005676,1,0,0,1
202609120015708,1,0,0,1
202609120012853,1,0,0,1
202609120042700,1,0,0,1
202609120021941,1,0,0,1
202609120047068,1,0,0,1
202609120043034,1,0,0,1
202609120010485,1,0,0,1
202609120010415,1,0,0,1
202609120039777,1,0,0,1
202609120008076,1,0,0,1
202609120015185,1,0,0,1
202609120035453,1,0,0,1
202609120048908,1,0,0,1
202609120010623,1,0,0,1
202609120015018,1,0,0,1
202609120029191,1,0,0,1
202609120046581,1,0,0,1
202609120032569,1,0,0,1
202609120020599,1,0,0,1
202609120021549,1,0,0,1
202609120007772,1,0,0,1
202609120038470,1,0,0,1
202609120004751,1,0,0,1
202609120042103,1,0,0,1
202609120015688,1,0,0,1
202609120047483,1,0,0,1
202609120017337,1,0,0,1
202609120032026,1,0,0,1
202609120009613,1,0,0,1
202609120021288,1,0,0,1
202609120019640,1,0,0,1
202609120006487,1,0,0,1
202609120011147,1,0,0,1
202609120020159,1,0,0,1
202609120025728,1,0,0,1
202609120016022,1,0,0,1
202609120045227,1,0,0,1
202609120009002,1,0,0,1
202609120027800,1,0,0,1
202609120048023,1,0,0,1
202609120028961,1,0,0,1
202609120016029,1,0,0,1
202609120010328,1,0,0,1
202609120042858,1,0,0,1
202609120024604,1,0,0,1
202609120015752,1,0,0,1
202609120014681,1,0,0,1
202609120023715,1,0,0,1
202609120047777,1,0,0,1
202609120040214,1,0,0,1
202609120010831,1,0,0,1
202609120016897,1,0,0,1
202609120039814,1,0,0,1
202609120007130,1,0,0,1
202609120026131,1,0,0,1
202609120004655,1,0,0,1
202609120013724,1,0,0,1
202609120018173,1,0,0,1
202609120030322,1,0,0,1
202609120046819,1,0,0,1
202609120038729,1,0,0,1
202609120034630,1,0,0,1
202609120001941,1,0,0,1
202609120016711,1,0,0,1
202609120011263,1,0,0,1
202609120041330,1,0,0,1
202609120030134,1,0,0,1
202609120049246,1,0,0,1
202609120020940,1,0,0,1
202609120043483,1,0,0,1
202609120023567,1,0,0,1
202609120026940,1,0,0,1
202609120024078,1,0,0,1
202609120039628,1,0,0,1
202609120014438,1,0,0,1
202609120000826,1,0,0,1
202609120007482,1,0,0,1
202609120024589,1,0,0,1
202609120040564,1,0,0,1
202609120001938,1,0,0,1
202609120009281,1,0,0,1
202609120023074,1,0,0,1
202609120018773,1,0,0,1
202609120025361,1,0,0,1
202609120048348,1,0,0,1
202609120009789,1,0,0,1
202609120029547,1,0,0,1
202609120006313,1,0,0,1
202609120020133,1,0,0,1
202609120001592,1,0,0,1
202609120024989,1,0,0,1
202609120035468,1,0,0,1
202609120021032,1,0,0,1
202609120015647,1,0,0,1
202609120045192,1,0,0,1
202609120021333,1,0,0,1
202609120020112,1,0,0,1
202609120037920,1,0,0,1
202609120006385,1,0,0,1
202609120006752,1,0,0,1
202609120023947,1,0,0,1
202609120010628,1,0,0,1
202609120020123,1,0,0,1
202609120002190,1,0,0,1
202609120025713,1,0,0,1
202609120033776,1,0,0,1
202609120040190,1,0,0,1
202609120033858,1,0,0,1
202609120046881,1,0,0,1
202609120027838,1,0,0,1
202609120045978,1,0,0,1
202609120008442,1,0,0,1
202609120028978,1,0,0,1
202609120048133,1,0,0,1
202609120019937,1,0,0,1
202609120046134,1,0,0,1
202609120021876,1,0,0,1
202609120026427,1,0,0,1
202609120024893,1,0,0,1
202609120034812,1,0,0,1
202609120011337,1,0,0,1
202609120020651,1,0,0,1
202609120005498,1,0,0,1
202609120035324,1,0,0,1
202609120002581,1,0,0,1
202609120013815,1,0,0,1
202609120016544,1,0,0,1
202609120020146,1,0,0,1
202609120017672,1,0,0,1
202609120019950,1,0,0,1
202609120004462,1,0,0,1
202609120018285,1,0,0,1
202609120029953,1,0,0,1
202609120033682,1,0,0,1
202609120005728,1,0,0,1
202609120045096,1,0,0,1
202609120014341,1,0,0,1
202609120041928,1,0,0,1
202609120018371,1,0,0,1
202609120027000,1,0,0,1
202609120045013,1,0,0,1
202609120029920,1,0,0,1
202609120014888,1,0,0,1
202609120006623,1,0,0,1
202609120040377,1,0,0,1
202609120014751,1,0,0,1
202609120048086,1,0,0,1
202609120039999,1,0,0,1
202609120047689,1,0,0,1
202609120040871,1,0,0,1
202609120024449,1,0,0,1
202609120017506,1,0,0,1
202609120037669,1,0,0,1
202609120030091,1,0,0,1
202609120000575,1,0,0,1
202609120044603,1,0,0,1
202609120007387,1,0,0,1
202609120007234,1,0,0,1
202609120032859,1,0,0,1
202609120015552,1,0,0,1
202609120044273,1,0,0,1
202609120032108,1,0,0,1
202609120034538,1,0,0,1
202609120038731,1,0,0,1
202609120000756,1,0,0,1
202609120023058,1,0,0,1
202609120025447,1,0,0,1
202609120023392,1,0,0,1
202609120016696,1,0,0,1
202609120033771,1,0,0,1
202609120017718,1,0,0,1
202609120039551,1,0,0,1
202609120009774,1,0,0,1
202609120033574,1,0,0,1
202609120033184,1,0,0,1
202609120027467,1,0,0,1
202609120041700,1,0,0,1
202609120001230,1,0,0,1
202609120023276,1,0,0,1
202609120044514,1,0,0,1
202609120044545,1,0,0,1
202609120029562,1,0,0,1
202609120020040,1,0,0,1
202609120016834,1,0,0,1
202609120026922,1,0,0,1
202609120042358,1,0,0,1
202609120031942,1,0,0,1
202609120042145,1,0,0,1
202609120039418,1,0,0,1
202609120046960,1,0,0,1
202609120014564,1,0,0,1
202609120007812,1,0,0,1
202609120030852,1,0,0,1
202609120005051,1,0,0,1
202609120001165,1,0,0,1
202609120017211,1,0,0,1
202609120002366,1,0,0,1
202609120042485,1,0,0,1
202609120021489,1,0,0,1
202609120023335,1,0,0,1
202609120026428,1,0,0,1
202609120033506,1,0,0,1
202609120010016,1,0,0,1
202609120030482,1,0,0,1
202609120034381,1,0,0,1
202609120020022,1,0,0,1
202609120006801,1,0,0,1
202609120004522,1,0,0,1
202609120014053,1,0,0,1
202609120025644,1,0,0,1
202609120017942,1,0,0,1
202609120035964,1,0,0,1
202609120037124,1,0,0,1
202609120034741,1,0,0,1
202609120026893,1,0,0,1
202609120008512,1,0,0,1
202609120003882,1,0,0,1
202609120018666,1,0,0,1
202609120015342,1,0,0,1
202609120025774,1,0,0,1
202609120042742,1,0,0,1
202609120027741,1,0,0,1
202609120023201,1,0,0,1
202609120037406,1,0,0,1
202609120046712,1,0,0,1
202609120003922,1,0,0,1
202609120042151,1,0,0,1
202609120011193,1,0,0,1
202609120045010,1,0,0,1
202609120038816,1,0,0,1
202609120015890,1,0,0,1
202609120038922,1,0,0,1
202609120020302,1,0,0,1
202609120043432,1,0,0,1
202609120033558,1,0,0,1
202609120002680,1,0,0,1
202609120007088,1,0,0,1
202609120005382,1,0,0,1
202609120017699,1,0,0,1
202609120038014,1,0,0,1
202609120037176,1,0,0,1
202609120017662,1,0,0,1
202609120029189,1,0,0,1
202609120007846,1,0,0,1
202609120011360,1,0,0,1
202609120009162,1,0,0,1
202609120010064,1,0,0,1
202609120015430,1,0,0,1
202609120046971,1,0,0,1
202609120039389,1,0,0,1
202609120040397,1,0,0,1
202609120044618,1,0,0,1
202609120041116,1,0,0,1
202609120032456,1,0,0,1
202609120048950,1,0,0,1
202609120043092,1,0,0,1
202609120048187,1,0,0,1
202609120033975,1,0,0,1
202609120006589,1,0,0,1
202609120020711,1,0,0,1
202609120039990,1,0,0,1
202609120006261,1,0,0,1
202609120025881,1,0,0,1
202609120009289,1,0,0,1
202609120025504,1,0,0,1
202609120018057,1,0,0,1
202609120031131,1,0,0,1
202609120030994,1,0,0,1
202609120024471,1,0,0,1
202609120033601,1,0,0,1
202609120023522,1,0,0,1
202609120036875,1,0,0,1
202609120011789,1,0,0,1
202609120024736,1,0,0,1
202609120028732,1,0,0,1
202609120022623,1,0,0,1
202609120004780,1,0,0,1
202609120023095,1,0,0,1
202609120025352,1,0,0,1
202609120036987,1,0,0,1
202609120007895,1,0,0,1
202609120023867,1,0,0,1
202609120007352,1,0,0,1
202609120044968,1,0,0,1
202609120013586,1,0,0,1
202609120001719,1,0,0,1
202609120012503,1,0,0,1
202609120031237,1,0,0,1
202609120002063,1,0,0,1
202609120012332,1,0,0,1
202609120017159,1,0,0,1
202609120031550,1,0,0,1
202609120002653,1,0,0,1
202609120029319,1,0,0,1
202609120042967,1,0,0,1
202609120011951,1,0,0,1
202609120031623,1,0,0,1
202609120049280,1,0,0,1
202609120039987,1,0,0,1
202609120002059,1,0,0,1
202609120003870,1,0,0,1
202609120030339,1,0,0,1
202609120037392,1,0,0,1
202609120031040,1,0,0,1
202609120044893,1,0,0,1
202609120005555,1,0,0,1
202609120019217,1,0,0,1
202609120039983,1,0,0,1
202609120046507,1,0,0,1
202609120001090,1,0,0,1
202609120002743,1,0,0,1
202609120011513,1,0,0,1
202609120042743,1,0,0,1
202609120043842,1,0,0,1
202609120009108,1,0,0,1
202609120002303,1,0,0,1
202609120031363,1,0,0,1
202609120030485,1,0,0,1
202609120019591,1,0,0,1
202609120038259,1,0,0,1
202609120039845,1,0,0,1
202609120003993,1,0,0,1
202609120042029,1,0,0,1
202609120028854,1,0,0,1
202609120006869,1,0,0,1
202609120005599,1,0,0,1
202609120033694,1,0,0,1
202609120030457,1,0,0,1
202609120037315,1,0,0,1
202609120001636,1,0,0,1
202609120008285,1,0,0,1
202609120016715,1,0,0,1
202609120026900,1,0,0,1
202609120034873,1,0,0,1
202609120035386,1,0,0,1
202609120026249,1,0,0,1
202609120003088,1,0,0,1
202609120013599,1,0,0,1
202609120030223,1,0,0,1
202609120001629,1,0,0,1
202609120047642,1,0,0,1
202609120012560,1,0,0,1
202609120011503,1,0,0,1
202609120030671,1,0,0,1
202609120031493,1,0,0,1
202609120025302,1,0,0,1
202609120005418,1,0,0,1
202609120049044,1,0,0,1
202609120027522,1,0,0,1
202609120022782,1,0,0,1
202609120003174,1,0,0,1
202609120004163,1,0,0,1
202609120024689,1,0,0,1
202609120041765,1,0,0,1
202609120039549,1,0,0,1
202609120032651,1,0,0,1
202609120026471,1,0,0,1
202609120025435,1,0,0,1
202609120041100,1,0,0,1
202609120021113,1,0,0,1
202609120023169,1,0,0,1
202609120011008,1,0,0,1
202609120033673,1,0,0,1
202609120010666,1,0,0,1
202609120035290,1,0,0,1
202609120017511,1,0,0,1
202609120020649,1,0,0,1
202609120046430,1,0,0,1
202609120036978,1,0,0,1
202609120046733,1,0,0,1
202609120049454,1,0,0,1
202609120004591,1,0,0,1
202609120044702,1,0,0,1
202609120018727,1,0,0,1
202609120035819,1,0,0,1
202609120013624,1,0,0,1
202609120024505,1,0,0,1
202609120034094,1,0,0,1
202609120047513,1,0,0,1
202609120037956,1,0,0,1
202609120047141,1,0,0,1
202609120016701,1,0,0,1
202609120003671,1,0,0,1
202609120014647,1,0,0,1
202609120000072,1,0,0,1
202609120014718,1,0,0,1
202609120018256,1,0,0,1
202609120037886,1,0,0,1
202609120016380,1,0,0,1
202609120032656,1,0,0,1
202609120025678,1,0,0,1
202609120018225,1,0,0,1
202609120023225,1,0,0,1
202609120022331,1,0,0,1
202609120023293,1,0,0,1
202609120004376,1,0,0,1
202609120031315,1,0,0,1
202609120019272,1,0,0,1
202609120021811,1,0,0,1
202609120035437,1,0,0,1
202609120015925,1,0,0,1
202609120037099,1,0,0,1
202609120008220,1,0,0,1
202609120031122,1,0,0,1
202609120024277,1,0,0,1
202609120017248,1,0,0,1
202609120000786,1,0,0,1
202609120000217,1,0,0,1
202609120047318,1,0,0,1
202609120041863,1,0,0,1
202609120005190,1,0,0,1
202609120003852,1,0,0,1
202609120013773,1,0,0,1
202609120017204,1,0,0,1
202609120041593,1,0,0,1
202609120038127,1,0,0,1
202609120035020,1,0,0,1
202609120039709,1,0,0,1
202609120023399,1,0,0,1
202609120028574,1,0,0,1
202609120038999,1,0,0,1
202609120035520,1,0,0,1
202609120019745,1,0,0,1
202609120014164,1,0,0,1
202609120025189,1,0,0,1
202609120001020,1,0,0,1
202609120048201,1,0,0,1
202609120020520,1,0,0,1
202609120033098,1,0,0,1
202609120022032,1,0,0,1
202609120044525,1,0,0,1
202609120028449,1,0,0,1
202609120007001,1,0,0,1
202609120043918,1,0,0,1
202609120043709,1,0,0,1
202609120037348,1,0,0,1
202609120025634,1,0,0,1
202609120013561,1,0,0,1
202609120006237,1,0,0,1
202609120042035,1,0,0,1